geo,year,involuntary_part_time
AT10,2008,41062.0
AT10,2009,40428.0
AT10,2010,41786.0
AT10,2011,36646.0
AT10,2012,40370.0
AT10,2013,47775.0
AT10,2014,52126.0
AT10,2015,58878.0
AT10,2016,62823.0
AT10,2017,58904.0
AT10,2018,55936.0
AT10,2019,44913.0
AT10,2020,46797.0
AT10,2021,46691.0
AT10,2022,46367.0
AT10,2023,41421.0
AT20,2008,15027.0
AT20,2009,17113.0
AT20,2010,19687.0
AT20,2011,17525.0
AT20,2012,18004.0
AT20,2013,21462.0
AT20,2014,18327.0
AT20,2015,20594.0
AT20,2016,22699.0
AT20,2017,25190.0
AT20,2018,18523.0
AT20,2019,16332.0
AT20,2020,15798.0
AT20,2021,17298.0
AT20,2022,15179.0
AT20,2023,14977.0
AT30,2008,22050.0
AT30,2009,22885.0
AT30,2010,22962.0
AT30,2011,20698.0
AT30,2012,23915.0
AT30,2013,26576.0
AT30,2014,24083.0
AT30,2015,27423.0
AT30,2016,26659.0
AT30,2017,25327.0
AT30,2018,20492.0
AT30,2019,19199.0
AT30,2020,21581.0
AT30,2021,23344.0
AT30,2022,18438.0
AT30,2023,16738.0
BE10,2008,14169.0
BE10,2009,13706.0
BE10,2010,15592.0
BE10,2011,18331.0
BE10,2012,17920.0
BE10,2013,17859.0
BE10,2014,18536.0
BE10,2015,19767.0
BE10,2016,15144.0
BE10,2017,12767.0
BE10,2018,12652.0
BE10,2019,12476.0
BE10,2020,11398.0
BE10,2021,26130.0
BE10,2022,36119.0
BE10,2023,27785.0
BE21,2008,6317.0
BE21,2009,7644.0
BE21,2010,8113.0
BE21,2011,9706.0
BE21,2012,7560.0
BE21,2013,7423.0
BE21,2014,6739.0
BE21,2015,7400.0
BE21,2016,9279.0
BE21,2017,7732.0
BE21,2018,6080.0
BE21,2019,5802.0
BE21,2020,4106.0
BE21,2021,32595.0
BE21,2022,28058.0
BE21,2023,33854.0
BE22,2008,5172.0
BE22,2009,2717.0
BE22,2010,4429.0
BE22,2011,2616.0
BE22,2012,2367.0
BE22,2013,3676.0
BE22,2014,2848.0
BE22,2015,1927.0
BE22,2016,3611.0
BE22,2017,3481.0
BE22,2018,4509.0
BE22,2019,4326.0
BE22,2020,2799.0
BE22,2021,23093.0
BE22,2022,16775.0
BE22,2023,17298.0
BE23,2008,7690.0
BE23,2009,6246.0
BE23,2010,6333.0
BE23,2011,4918.0
BE23,2012,3049.0
BE23,2013,3906.0
BE23,2014,4464.0
BE23,2015,3300.0
BE23,2016,3359.0
BE23,2017,1646.0
BE23,2018,2559.0
BE23,2019,4989.0
BE23,2020,745.0
BE23,2021,16949.0
BE23,2022,10059.0
BE23,2023,15935.0
BE24,2008,6660.0
BE24,2009,4479.0
BE24,2010,4289.0
BE24,2011,4174.0
BE24,2012,4153.0
BE24,2013,4546.0
BE24,2014,3540.0
BE24,2015,3347.0
BE24,2016,3491.0
BE24,2017,3242.0
BE24,2018,4796.0
BE24,2019,998.0
BE24,2020,1009.0
BE24,2021,15452.0
BE24,2022,10068.0
BE24,2023,13607.0
BE25,2008,5246.0
BE25,2009,4264.0
BE25,2010,5973.0
BE25,2011,4150.0
BE25,2012,4013.0
BE25,2013,5207.0
BE25,2014,4396.0
BE25,2015,4705.0
BE25,2016,3332.0
BE25,2017,4507.0
BE25,2018,2052.0
BE25,2019,3600.0
BE25,2020,2665.0
BE25,2021,12344.0
BE25,2022,9852.0
BE25,2023,8041.0
BE31,2008,3131.0
BE31,2009,3606.0
BE31,2010,2033.0
BE31,2011,2920.0
BE31,2012,2549.0
BE31,2013,1748.0
BE31,2014,2319.0
BE31,2015,2082.0
BE31,2016,2318.0
BE31,2017,1695.0
BE31,2018,1981.0
BE31,2019,941.0
BE31,2020,517.0
BE31,2021,7134.0
BE31,2022,5293.0
BE31,2023,4697.0
BE32,2008,17424.0
BE32,2009,15776.0
BE32,2010,14311.0
BE32,2011,12556.0
BE32,2012,11146.0
BE32,2013,11191.0
BE32,2014,12191.0
BE32,2015,13554.0
BE32,2016,11712.0
BE32,2017,10426.0
BE32,2018,5913.0
BE32,2019,7777.0
BE32,2020,4874.0
BE32,2021,29870.0
BE32,2022,20946.0
BE32,2023,20536.0
BE33,2008,17038.0
BE33,2009,12545.0
BE33,2010,12579.0
BE33,2011,11983.0
BE33,2012,11651.0
BE33,2013,10175.0
BE33,2014,8616.0
BE33,2015,9220.0
BE33,2016,7894.0
BE33,2017,9283.0
BE33,2018,6374.0
BE33,2019,5923.0
BE33,2020,4240.0
BE33,2021,28602.0
BE33,2022,23506.0
BE33,2023,27944.0
BE34,2008,3098.0
BE34,2009,3296.0
BE34,2010,1733.0
BE34,2011,2306.0
BE34,2012,1965.0
BE34,2013,2418.0
BE34,2014,2065.0
BE34,2015,2237.0
BE34,2016,2035.0
BE34,2017,996.0
BE34,2018,1180.0
BE34,2019,885.0
BE34,2020,1439.0
BE34,2021,6737.0
BE34,2022,5378.0
BE34,2023,6752.0
BE35,2008,6711.0
BE35,2009,5563.0
BE35,2010,4554.0
BE35,2011,3162.0
BE35,2012,2919.0
BE35,2013,3178.0
BE35,2014,3383.0
BE35,2015,2960.0
BE35,2016,3698.0
BE35,2017,2438.0
BE35,2018,3609.0
BE35,2019,2491.0
BE35,2020,2049.0
BE35,2021,7932.0
BE35,2022,10736.0
BE35,2023,11850.0
BG31,2008,3717.0
BG31,2009,6787.0
BG31,2010,4159.0
BG31,2011,4239.0
BG31,2012,4006.0
BG31,2013,4220.0
BG31,2014,3950.0
BG31,2015,3086.0
BG31,2016,1915.0
BG31,2017,6880.0
BG31,2018,3153.0
BG31,2019,4694.0
BG31,2020,2943.0
BG31,2021,3307.0
BG31,2022,4012.0
BG31,2023,2647.0
BG32,2008,4777.0
BG32,2009,4513.0
BG32,2010,5397.0
BG32,2011,3417.0
BG32,2012,4418.0
BG32,2013,3322.0
BG32,2014,3545.0
BG32,2015,6499.0
BG32,2016,4617.0
BG32,2017,9051.0
BG32,2018,6225.0
BG32,2019,5489.0
BG32,2020,4777.0
BG32,2021,2143.0
BG32,2022,5091.0
BG32,2023,2419.0
BG33,2008,3837.0
BG33,2009,3428.0
BG33,2010,3420.0
BG33,2011,4878.0
BG33,2012,5268.0
BG33,2013,6606.0
BG33,2014,6792.0
BG33,2015,5977.0
BG33,2016,4149.0
BG33,2017,5146.0
BG33,2018,6662.0
BG33,2019,5960.0
BG33,2020,3443.0
BG33,2021,3064.0
BG33,2022,1589.0
BG33,2023,3566.0
BG34,2008,2232.0
BG34,2009,2552.0
BG34,2010,3618.0
BG34,2011,2088.0
BG34,2012,5141.0
BG34,2013,4087.0
BG34,2014,2767.0
BG34,2015,2902.0
BG34,2016,4523.0
BG34,2017,4990.0
BG34,2018,2617.0
BG34,2019,2087.0
BG34,2020,2658.0
BG34,2021,2754.0
BG34,2022,2824.0
BG34,2023,4720.0
BG41,2008,5173.0
BG41,2009,3766.0
BG41,2010,5005.0
BG41,2011,4835.0
BG41,2012,6638.0
BG41,2013,7118.0
BG41,2014,7045.0
BG41,2015,5866.0
BG41,2016,7640.0
BG41,2017,6228.0
BG41,2018,5114.0
BG41,2019,4944.0
BG41,2020,9242.0
BG41,2021,4096.0
BG41,2022,5158.0
BG41,2023,1317.0
BG42,2008,9121.0
BG42,2009,8190.0
BG42,2010,6534.0
BG42,2011,4712.0
BG42,2012,8219.0
BG42,2013,8405.0
BG42,2014,11295.0
BG42,2015,4247.0
BG42,2016,4755.0
BG42,2017,4429.0
BG42,2018,2874.0
BG42,2019,3532.0
BG42,2020,1357.0
BG42,2021,749.0
BG42,2022,1160.0
BG42,2023,1757.0
CY00,2008,4128.0
CY00,2009,5021.0
CY00,2010,6548.0
CY00,2011,10977.0
CY00,2012,12644.0
CY00,2013,15032.0
CY00,2014,20351.0
CY00,2015,21666.0
CY00,2016,22218.0
CY00,2017,21503.0
CY00,2018,20372.0
CY00,2019,18275.0
CY00,2020,17485.0
CY00,2021,15703.0
CY00,2022,16000.0
CY00,2023,15174.0
CZ01,2008,1481.0
CZ01,2009,2351.0
CZ01,2010,2397.0
CZ01,2011,957.0
CZ01,2012,3469.0
CZ01,2013,3060.0
CZ01,2014,6880.0
CZ01,2015,2573.0
CZ01,2016,2774.0
CZ01,2017,984.0
CZ01,2018,1040.0
CZ01,2019,2091.0
CZ01,2020,1299.0
CZ01,2021,7884.0
CZ01,2022,7799.0
CZ01,2023,5718.0
CZ02,2008,1638.0
CZ02,2009,2060.0
CZ02,2010,3805.0
CZ02,2011,1590.0
CZ02,2012,4033.0
CZ02,2013,2756.0
CZ02,2014,4764.0
CZ02,2015,2804.0
CZ02,2016,2540.0
CZ02,2017,3245.0
CZ02,2018,1652.0
CZ02,2019,724.0
CZ02,2020,861.0
CZ02,2021,5377.0
CZ02,2022,2859.0
CZ02,2023,4927.0
CZ03,2008,2430.0
CZ03,2009,3008.0
CZ03,2010,3826.0
CZ03,2011,3062.0
CZ03,2012,4541.0
CZ03,2013,3208.0
CZ03,2014,4113.0
CZ03,2015,4490.0
CZ03,2016,2866.0
CZ03,2017,2250.0
CZ03,2018,1313.0
CZ03,2019,605.0
CZ03,2020,1554.0
CZ03,2021,3589.0
CZ03,2022,4307.0
CZ03,2023,7691.0
CZ04,2008,1676.0
CZ04,2009,2548.0
CZ04,2010,2771.0
CZ04,2011,2836.0
CZ04,2012,1507.0
CZ04,2013,2315.0
CZ04,2014,3140.0
CZ04,2015,2133.0
CZ04,2016,2740.0
CZ04,2017,1659.0
CZ04,2018,1281.0
CZ04,2019,464.0
CZ04,2020,625.0
CZ04,2021,6192.0
CZ04,2022,4432.0
CZ04,2023,5515.0
CZ05,2008,2792.0
CZ05,2009,3805.0
CZ05,2010,4956.0
CZ05,2011,3904.0
CZ05,2012,7293.0
CZ05,2013,4105.0
CZ05,2014,5726.0
CZ05,2015,5706.0
CZ05,2016,3781.0
CZ05,2017,3097.0
CZ05,2018,2225.0
CZ05,2019,2850.0
CZ05,2020,341.0
CZ05,2021,8104.0
CZ05,2022,7856.0
CZ05,2023,8407.0
CZ06,2008,4700.0
CZ06,2009,5370.0
CZ06,2010,6142.0
CZ06,2011,6052.0
CZ06,2012,5563.0
CZ06,2013,6679.0
CZ06,2014,8017.0
CZ06,2015,5050.0
CZ06,2016,4842.0
CZ06,2017,4354.0
CZ06,2018,2995.0
CZ06,2019,1969.0
CZ06,2020,224.0
CZ06,2021,6735.0
CZ06,2022,9345.0
CZ06,2023,8578.0
CZ07,2008,4028.0
CZ07,2009,3136.0
CZ07,2010,2964.0
CZ07,2011,4022.0
CZ07,2012,6236.0
CZ07,2013,5065.0
CZ07,2014,6766.0
CZ07,2015,4258.0
CZ07,2016,4436.0
CZ07,2017,2534.0
CZ07,2018,2310.0
CZ07,2019,1765.0
CZ07,2020,1341.0
CZ07,2021,2970.0
CZ07,2022,6474.0
CZ07,2023,5522.0
CZ08,2008,7306.0
CZ08,2009,6666.0
CZ08,2010,6426.0
CZ08,2011,8927.0
CZ08,2012,6958.0
CZ08,2013,5548.0
CZ08,2014,5722.0
CZ08,2015,6290.0
CZ08,2016,6323.0
CZ08,2017,5942.0
CZ08,2018,3952.0
CZ08,2019,4195.0
CZ08,2020,2111.0
CZ08,2021,8102.0
CZ08,2022,10718.0
CZ08,2023,9422.0
DE10,2008,144762.0
DE10,2009,134226.0
DE10,2010,128176.0
DE10,2011,120123.0
DE10,2012,95324.0
DE10,2013,110079.0
DE10,2014,99362.0
DE10,2015,107713.0
DE10,2016,99281.0
DE10,2017,102356.0
DE10,2018,82971.0
DE10,2019,78857.0
DE10,2020,73384.0
DE10,2021,60033.0
DE10,2022,56427.0
DE10,2023,40817.0
DE20,2008,184060.0
DE20,2009,186993.0
DE20,2010,156757.0
DE20,2011,119296.0
DE20,2012,111149.0
DE20,2013,106737.0
DE20,2014,101438.0
DE20,2015,91328.0
DE20,2016,81957.0
DE20,2017,86084.0
DE20,2018,73731.0
DE20,2019,75036.0
DE20,2020,70575.0
DE20,2021,78665.0
DE20,2022,52050.0
DE20,2023,55387.0
DE30,2008,89452.0
DE30,2009,122841.0
DE30,2010,98118.0
DE30,2011,72738.0
DE30,2012,87764.0
DE30,2013,89594.0
DE30,2014,97141.0
DE30,2015,90109.0
DE30,2016,69453.0
DE30,2017,78911.0
DE30,2018,70720.0
DE30,2019,59856.0
DE30,2020,44952.0
DE30,2021,46141.0
DE30,2022,28518.0
DE30,2023,37512.0
DE40,2008,106462.0
DE40,2009,120405.0
DE40,2010,79747.0
DE40,2011,66839.0
DE40,2012,81899.0
DE40,2013,87138.0
DE40,2014,84993.0
DE40,2015,82141.0
DE40,2016,61178.0
DE40,2017,57685.0
DE40,2018,50693.0
DE40,2019,44078.0
DE40,2020,32085.0
DE40,2021,35497.0
DE40,2022,29910.0
DE40,2023,30421.0
DE50,2008,15139.0
DE50,2009,24242.0
DE50,2010,9107.0
DE50,2011,9810.0
DE50,2012,11155.0
DE50,2013,13548.0
DE50,2014,12153.0
DE50,2015,11932.0
DE50,2016,13186.0
DE50,2017,11290.0
DE50,2018,9091.0
DE50,2019,8455.0
DE50,2020,6058.0
DE50,2021,7031.0
DE50,2022,6428.0
DE50,2023,5178.0
DE60,2008,45359.0
DE60,2009,16156.0
DE60,2010,28927.0
DE60,2011,10292.0
DE60,2012,22797.0
DE60,2013,23314.0
DE60,2014,25907.0
DE60,2015,26538.0
DE60,2016,17877.0
DE60,2017,21936.0
DE60,2018,21066.0
DE60,2019,19015.0
DE60,2020,20647.0
DE60,2021,9061.0
DE60,2022,14432.0
DE60,2023,10905.0
DE70,2008,121357.0
DE70,2009,96823.0
DE70,2010,95204.0
DE70,2011,83911.0
DE70,2012,81404.0
DE70,2013,84808.0
DE70,2014,76688.0
DE70,2015,69758.0
DE70,2016,68688.0
DE70,2017,60190.0
DE70,2018,54988.0
DE70,2019,57155.0
DE70,2020,48104.0
DE70,2021,55591.0
DE70,2022,44268.0
DE70,2023,36098.0
DE80,2008,72168.0
DE80,2009,83996.0
DE80,2010,75691.0
DE80,2011,50490.0
DE80,2012,57722.0
DE80,2013,59970.0
DE80,2014,53925.0
DE80,2015,53641.0
DE80,2016,40958.0
DE80,2017,39278.0
DE80,2018,33116.0
DE80,2019,36484.0
DE80,2020,26466.0
DE80,2021,23109.0
DE80,2022,22508.0
DE80,2023,21856.0
DE90,2008,145535.0
DE90,2009,134278.0
DE90,2010,135485.0
DE90,2011,109941.0
DE90,2012,114458.0
DE90,2013,119141.0
DE90,2014,106113.0
DE90,2015,103202.0
DE90,2016,93728.0
DE90,2017,94252.0
DE90,2018,90265.0
DE90,2019,76758.0
DE90,2020,52441.0
DE90,2021,58348.0
DE90,2022,60304.0
DE90,2023,52121.0
DEA0,2008,299452.0
DEA0,2009,304266.0
DEA0,2010,275299.0
DEA0,2011,214200.0
DEA0,2012,218422.0
DEA0,2013,226955.0
DEA0,2014,214305.0
DEA0,2015,226107.0
DEA0,2016,204863.0
DEA0,2017,186196.0
DEA0,2018,169047.0
DEA0,2019,160550.0
DEA0,2020,120661.0
DEA0,2021,119292.0
DEA0,2022,111892.0
DEA0,2023,106561.0
DEB0,2008,67956.0
DEB0,2009,56788.0
DEB0,2010,72828.0
DEB0,2011,51152.0
DEB0,2012,46089.0
DEB0,2013,44007.0
DEB0,2014,43751.0
DEB0,2015,41870.0
DEB0,2016,41520.0
DEB0,2017,37280.0
DEB0,2018,31463.0
DEB0,2019,31144.0
DEB0,2020,24574.0
DEB0,2021,25102.0
DEB0,2022,24333.0
DEB0,2023,14520.0
DEC0,2008,4299.0
DEC0,2009,11070.0
DEC0,2010,14299.0
DEC0,2011,14645.0
DEC0,2012,14848.0
DEC0,2013,11421.0
DEC0,2014,12098.0
DEC0,2015,11346.0
DEC0,2016,9531.0
DEC0,2017,6573.0
DEC0,2018,6556.0
DEC0,2019,6491.0
DEC0,2020,5844.0
DEC0,2021,4991.0
DEC0,2022,6587.0
DEC0,2023,5462.0
DED0,2008,184234.0
DED0,2009,194733.0
DED0,2010,206120.0
DED0,2011,148720.0
DED0,2012,143746.0
DED0,2013,155781.0
DED0,2014,144499.0
DED0,2015,135413.0
DED0,2016,114762.0
DED0,2017,97660.0
DED0,2018,103911.0
DED0,2019,97959.0
DED0,2020,81896.0
DED0,2021,68968.0
DED0,2022,54244.0
DED0,2023,57099.0
DEE0,2008,143065.0
DEE0,2009,98303.0
DEE0,2010,127672.0
DEE0,2011,97145.0
DEE0,2012,90720.0
DEE0,2013,95551.0
DEE0,2014,86006.0
DEE0,2015,80131.0
DEE0,2016,68705.0
DEE0,2017,66471.0
DEE0,2018,52248.0
DEE0,2019,52390.0
DEE0,2020,50073.0
DEE0,2021,40280.0
DEE0,2022,40344.0
DEE0,2023,37846.0
DEF0,2008,57070.0
DEF0,2009,51522.0
DEF0,2010,50505.0
DEF0,2011,53648.0
DEF0,2012,39372.0
DEF0,2013,37703.0
DEF0,2014,39621.0
DEF0,2015,39779.0
DEF0,2016,33064.0
DEF0,2017,32207.0
DEF0,2018,29991.0
DEF0,2019,30495.0
DEF0,2020,29546.0
DEF0,2021,18104.0
DEF0,2022,17557.0
DEF0,2023,12061.0
DEG0,2008,105320.0
DEG0,2009,93576.0
DEG0,2010,73834.0
DEG0,2011,61573.0
DEG0,2012,68406.0
DEG0,2013,73131.0
DEG0,2014,62886.0
DEG0,2015,62234.0
DEG0,2016,55874.0
DEG0,2017,52086.0
DEG0,2018,46845.0
DEG0,2019,40476.0
DEG0,2020,26968.0
DEG0,2021,28648.0
DEG0,2022,20292.0
DEG0,2023,20792.0
DK01,2008,15485.0
DK01,2009,16658.0
DK01,2010,18654.0
DK01,2011,20446.0
DK01,2012,22486.0
DK01,2013,22804.0
DK01,2014,20726.0
DK01,2015,19276.0
DK01,2016,17404.0
DK01,2017,18568.0
DK01,2018,15266.0
DK01,2019,15874.0
DK01,2020,16773.0
DK01,2021,13033.0
DK01,2022,8970.0
DK01,2023,9479.0
DK02,2008,9447.0
DK02,2009,9864.0
DK02,2010,9867.0
DK02,2011,10566.0
DK02,2012,11316.0
DK02,2013,11274.0
DK02,2014,10247.0
DK02,2015,9670.0
DK02,2016,7243.0
DK02,2017,8659.0
DK02,2018,6045.0
DK02,2019,5799.0
DK02,2020,6233.0
DK02,2021,5193.0
DK02,2022,3392.0
DK02,2023,3474.0
DK03,2008,12766.0
DK03,2009,14090.0
DK03,2010,17686.0
DK03,2011,19365.0
DK03,2012,17753.0
DK03,2013,17828.0
DK03,2014,16667.0
DK03,2015,16205.0
DK03,2016,15170.0
DK03,2017,14474.0
DK03,2018,12763.0
DK03,2019,11594.0
DK03,2020,9399.0
DK03,2021,9254.0
DK03,2022,6856.0
DK03,2023,6761.0
DK04,2008,15181.0
DK04,2009,16977.0
DK04,2010,18012.0
DK04,2011,15872.0
DK04,2012,18586.0
DK04,2013,19888.0
DK04,2014,17378.0
DK04,2015,16879.0
DK04,2016,14083.0
DK04,2017,14571.0
DK04,2018,11029.0
DK04,2019,10660.0
DK04,2020,10859.0
DK04,2021,8504.0
DK04,2022,6199.0
DK04,2023,9047.0
DK05,2008,7628.0
DK05,2009,8135.0
DK05,2010,7811.0
DK05,2011,6322.0
DK05,2012,7286.0
DK05,2013,6389.0
DK05,2014,7640.0
DK05,2015,6454.0
DK05,2016,6592.0
DK05,2017,6141.0
DK05,2018,5265.0
DK05,2019,4917.0
DK05,2020,4270.0
DK05,2021,4511.0
DK05,2022,2684.0
DK05,2023,2941.0
EE00,2008,4902.0
EE00,2009,10308.0
EE00,2010,10753.0
EE00,2011,10913.0
EE00,2012,10040.0
EE00,2013,8547.0
EE00,2014,6585.0
EE00,2015,5982.0
EE00,2016,5121.0
EE00,2017,3911.0
EE00,2018,3460.0
EE00,2019,3972.0
EE00,2020,4490.0
EE00,2021,10260.0
EE00,2022,11891.0
EE00,2023,11207.0
EL30,2008,21525.0
EL30,2009,35994.0
EL30,2010,43172.0
EL30,2011,45129.0
EL30,2012,52163.0
EL30,2013,65802.0
EL30,2014,77399.0
EL30,2015,79523.0
EL30,2016,80295.0
EL30,2017,76991.0
EL30,2018,69524.0
EL30,2019,71057.0
EL30,2020,65440.0
EL30,2021,48332.0
EL30,2022,31880.0
EL30,2023,35923.0
EL41,2008,490.0
EL41,2009,422.0
EL41,2010,909.0
EL41,2011,1759.0
EL41,2012,2158.0
EL41,2013,1166.0
EL41,2014,804.0
EL41,2015,765.0
EL41,2016,1099.0
EL41,2017,2147.0
EL41,2018,1731.0
EL41,2019,1348.0
EL41,2020,1784.0
EL41,2021,494.0
EL41,2022,1152.0
EL41,2023,1427.0
EL42,2008,1651.0
EL42,2009,1920.0
EL42,2010,3314.0
EL42,2011,2017.0
EL42,2012,2458.0
EL42,2013,2139.0
EL42,2014,2035.0
EL42,2015,2726.0
EL42,2016,3828.0
EL42,2017,3179.0
EL42,2018,4492.0
EL42,2019,3293.0
EL42,2020,3672.0
EL42,2021,3929.0
EL42,2022,3359.0
EL42,2023,3081.0
EL43,2008,3296.0
EL43,2009,5652.0
EL43,2010,6737.0
EL43,2011,6704.0
EL43,2012,7909.0
EL43,2013,8989.0
EL43,2014,8900.0
EL43,2015,10778.0
EL43,2016,11125.0
EL43,2017,8589.0
EL43,2018,8142.0
EL43,2019,6776.0
EL43,2020,4320.0
EL43,2021,3918.0
EL43,2022,9033.0
EL43,2023,4480.0
EL51,2008,4040.0
EL51,2009,3823.0
EL51,2010,4080.0
EL51,2011,4128.0
EL51,2012,6031.0
EL51,2013,5608.0
EL51,2014,5685.0
EL51,2015,4826.0
EL51,2016,6684.0
EL51,2017,5791.0
EL51,2018,5487.0
EL51,2019,7089.0
EL51,2020,8176.0
EL51,2021,6057.0
EL51,2022,5940.0
EL51,2023,9501.0
EL52,2008,13487.0
EL52,2009,14254.0
EL52,2010,16803.0
EL52,2011,18403.0
EL52,2012,19463.0
EL52,2013,21740.0
EL52,2014,26264.0
EL52,2015,27782.0
EL52,2016,30444.0
EL52,2017,32732.0
EL52,2018,34246.0
EL52,2019,33697.0
EL52,2020,27142.0
EL52,2021,25935.0
EL52,2022,20161.0
EL52,2023,13014.0
EL53,2008,2629.0
EL53,2009,1927.0
EL53,2010,2854.0
EL53,2011,3970.0
EL53,2012,3348.0
EL53,2013,2723.0
EL53,2014,2051.0
EL53,2015,2395.0
EL53,2016,3277.0
EL53,2017,4180.0
EL53,2018,4650.0
EL53,2019,4099.0
EL53,2020,2645.0
EL53,2021,2666.0
EL53,2022,4559.0
EL53,2023,3816.0
EL54,2008,2621.0
EL54,2009,3193.0
EL54,2010,3104.0
EL54,2011,2953.0
EL54,2012,3418.0
EL54,2013,3075.0
EL54,2014,2744.0
EL54,2015,3752.0
EL54,2016,4097.0
EL54,2017,2796.0
EL54,2018,1892.0
EL54,2019,4175.0
EL54,2020,4396.0
EL54,2021,1670.0
EL54,2022,3603.0
EL54,2023,3205.0
EL61,2008,5477.0
EL61,2009,6366.0
EL61,2010,5970.0
EL61,2011,6762.0
EL61,2012,8411.0
EL61,2013,12936.0
EL61,2014,15784.0
EL61,2015,13459.0
EL61,2016,12227.0
EL61,2017,12958.0
EL61,2018,10401.0
EL61,2019,10199.0
EL61,2020,11744.0
EL61,2021,10633.0
EL61,2022,16738.0
EL61,2023,5974.0
EL62,2008,898.0
EL62,2009,1044.0
EL62,2010,1149.0
EL62,2011,2281.0
EL62,2012,3656.0
EL62,2013,1974.0
EL62,2014,1197.0
EL62,2015,1018.0
EL62,2016,1675.0
EL62,2017,1688.0
EL62,2018,1150.0
EL62,2019,1335.0
EL62,2020,1171.0
EL62,2021,730.0
EL62,2022,903.0
EL62,2023,614.0
EL63,2008,4893.0
EL63,2009,5689.0
EL63,2010,5450.0
EL63,2011,5348.0
EL63,2012,5884.0
EL63,2013,7019.0
EL63,2014,7673.0
EL63,2015,9244.0
EL63,2016,13105.0
EL63,2017,10354.0
EL63,2018,9405.0
EL63,2019,8773.0
EL63,2020,12075.0
EL63,2021,15760.0
EL63,2022,7782.0
EL63,2023,3690.0
EL64,2008,6007.0
EL64,2009,3814.0
EL64,2010,4167.0
EL64,2011,5570.0
EL64,2012,7036.0
EL64,2013,4402.0
EL64,2014,5551.0
EL64,2015,7727.0
EL64,2016,10010.0
EL64,2017,10612.0
EL64,2018,12594.0
EL64,2019,10172.0
EL64,2020,6753.0
EL64,2021,6077.0
EL64,2022,7300.0
EL64,2023,5663.0
EL65,2008,4336.0
EL65,2009,3901.0
EL65,2010,5709.0
EL65,2011,6445.0
EL65,2012,7052.0
EL65,2013,8492.0
EL65,2014,10099.0
EL65,2015,9188.0
EL65,2016,7730.0
EL65,2017,7637.0
EL65,2018,6434.0
EL65,2019,5558.0
EL65,2020,4817.0
EL65,2021,2776.0
EL65,2022,6092.0
EL65,2023,3341.0
ES11,2008,32356.0
ES11,2009,33915.0
ES11,2010,42627.0
ES11,2011,55039.0
ES11,2012,60367.0
ES11,2013,70309.0
ES11,2014,70245.0
ES11,2015,75327.0
ES11,2016,72713.0
ES11,2017,63625.0
ES11,2018,66749.0
ES11,2019,66667.0
ES11,2020,60703.0
ES11,2021,55810.0
ES11,2022,49489.0
ES11,2023,63642.0
ES12,2008,14691.0
ES12,2009,12978.0
ES12,2010,15519.0
ES12,2011,23166.0
ES12,2012,18488.0
ES12,2013,32114.0
ES12,2014,25870.0
ES12,2015,31318.0
ES12,2016,30179.0
ES12,2017,27822.0
ES12,2018,29337.0
ES12,2019,25928.0
ES12,2020,21010.0
ES12,2021,26310.0
ES12,2022,24575.0
ES12,2023,20006.0
ES13,2008,5075.0
ES13,2009,7853.0
ES13,2010,5908.0
ES13,2011,11688.0
ES13,2012,12443.0
ES13,2013,15515.0
ES13,2014,17705.0
ES13,2015,15040.0
ES13,2016,15782.0
ES13,2017,15625.0
ES13,2018,15084.0
ES13,2019,16523.0
ES13,2020,17192.0
ES13,2021,13230.0
ES13,2022,12836.0
ES13,2023,13222.0
ES21,2008,36402.0
ES21,2009,45044.0
ES21,2010,45813.0
ES21,2011,57551.0
ES21,2012,51178.0
ES21,2013,63707.0
ES21,2014,77250.0
ES21,2015,67546.0
ES21,2016,67845.0
ES21,2017,71576.0
ES21,2018,66248.0
ES21,2019,51033.0
ES21,2020,56091.0
ES21,2021,65450.0
ES21,2022,55520.0
ES21,2023,58435.0
ES22,2008,8676.0
ES22,2009,15988.0
ES22,2010,12039.0
ES22,2011,14307.0
ES22,2012,14278.0
ES22,2013,13742.0
ES22,2014,20605.0
ES22,2015,26145.0
ES22,2016,25068.0
ES22,2017,17948.0
ES22,2018,18315.0
ES22,2019,20421.0
ES22,2020,14588.0
ES22,2021,14529.0
ES22,2022,19605.0
ES22,2023,12561.0
ES23,2008,3735.0
ES23,2009,3651.0
ES23,2010,6470.0
ES23,2011,6486.0
ES23,2012,6827.0
ES23,2013,8670.0
ES23,2014,8742.0
ES23,2015,9493.0
ES23,2016,5618.0
ES23,2017,7990.0
ES23,2018,8719.0
ES23,2019,5970.0
ES23,2020,7085.0
ES23,2021,5031.0
ES23,2022,6854.0
ES23,2023,7219.0
ES24,2008,10236.0
ES24,2009,19060.0
ES24,2010,23736.0
ES24,2011,32179.0
ES24,2012,33192.0
ES24,2013,40593.0
ES24,2014,38370.0
ES24,2015,31208.0
ES24,2016,24294.0
ES24,2017,34121.0
ES24,2018,32845.0
ES24,2019,29301.0
ES24,2020,26896.0
ES24,2021,35172.0
ES24,2022,26322.0
ES24,2023,22932.0
ES30,2008,80848.0
ES30,2009,115412.0
ES30,2010,114179.0
ES30,2011,145264.0
ES30,2012,180713.0
ES30,2013,173558.0
ES30,2014,163339.0
ES30,2015,159772.0
ES30,2016,165597.0
ES30,2017,180088.0
ES30,2018,154115.0
ES30,2019,187259.0
ES30,2020,158385.0
ES30,2021,171170.0
ES30,2022,147919.0
ES30,2023,164464.0
ES41,2008,36294.0
ES41,2009,34536.0
ES41,2010,44254.0
ES41,2011,53342.0
ES41,2012,54656.0
ES41,2013,58671.0
ES41,2014,76790.0
ES41,2015,61697.0
ES41,2016,60594.0
ES41,2017,62260.0
ES41,2018,55537.0
ES41,2019,62491.0
ES41,2020,49282.0
ES41,2021,56192.0
ES41,2022,59189.0
ES41,2023,50421.0
ES42,2008,22677.0
ES42,2009,37907.0
ES42,2010,34789.0
ES42,2011,30446.0
ES42,2012,42940.0
ES42,2013,50613.0
ES42,2014,45465.0
ES42,2015,44460.0
ES42,2016,46882.0
ES42,2017,42783.0
ES42,2018,40195.0
ES42,2019,47744.0
ES42,2020,44015.0
ES42,2021,45595.0
ES42,2022,37037.0
ES42,2023,46320.0
ES43,2008,13745.0
ES43,2009,18595.0
ES43,2010,18965.0
ES43,2011,27009.0
ES43,2012,23590.0
ES43,2013,29378.0
ES43,2014,23354.0
ES43,2015,31057.0
ES43,2016,33156.0
ES43,2017,26924.0
ES43,2018,30176.0
ES43,2019,38945.0
ES43,2020,25887.0
ES43,2021,27342.0
ES43,2022,26835.0
ES43,2023,24197.0
ES51,2008,81774.0
ES51,2009,125322.0
ES51,2010,124415.0
ES51,2011,166923.0
ES51,2012,190533.0
ES51,2013,220355.0
ES51,2014,178805.0
ES51,2015,205619.0
ES51,2016,223454.0
ES51,2017,200346.0
ES51,2018,181349.0
ES51,2019,160353.0
ES51,2020,160347.0
ES51,2021,159728.0
ES51,2022,160378.0
ES51,2023,131979.0
ES52,2008,74643.0
ES52,2009,110311.0
ES52,2010,109137.0
ES52,2011,149115.0
ES52,2012,140541.0
ES52,2013,174089.0
ES52,2014,157643.0
ES52,2015,179810.0
ES52,2016,163999.0
ES52,2017,155368.0
ES52,2018,139847.0
ES52,2019,140631.0
ES52,2020,127714.0
ES52,2021,124917.0
ES52,2022,117024.0
ES52,2023,106664.0
ES53,2008,15893.0
ES53,2009,20700.0
ES53,2010,21568.0
ES53,2011,24441.0
ES53,2012,30679.0
ES53,2013,37204.0
ES53,2014,36084.0
ES53,2015,25454.0
ES53,2016,33050.0
ES53,2017,20018.0
ES53,2018,23525.0
ES53,2019,27455.0
ES53,2020,28465.0
ES53,2021,22445.0
ES53,2022,15631.0
ES53,2023,16517.0
ES61,2008,142409.0
ES61,2009,152454.0
ES61,2010,172798.0
ES61,2011,215349.0
ES61,2012,215280.0
ES61,2013,239871.0
ES61,2014,274665.0
ES61,2015,259942.0
ES61,2016,242423.0
ES61,2017,281313.0
ES61,2018,244467.0
ES61,2019,236010.0
ES61,2020,207847.0
ES61,2021,213811.0
ES61,2022,210723.0
ES61,2023,232461.0
ES62,2008,17098.0
ES62,2009,18246.0
ES62,2010,36561.0
ES62,2011,28961.0
ES62,2012,37655.0
ES62,2013,47098.0
ES62,2014,48093.0
ES62,2015,48245.0
ES62,2016,40696.0
ES62,2017,28820.0
ES62,2018,33107.0
ES62,2019,38800.0
ES62,2020,25884.0
ES62,2021,24904.0
ES62,2022,27398.0
ES62,2023,29947.0
ES63,2008,991.0
ES63,2009,461.0
ES63,2010,522.0
ES63,2011,2691.0
ES63,2012,1314.0
ES63,2013,1500.0
ES63,2014,604.0
ES63,2015,1767.0
ES63,2016,2151.0
ES63,2017,1726.0
ES63,2018,1970.0
ES63,2019,2123.0
ES63,2020,1626.0
ES63,2021,1414.0
ES63,2022,605.0
ES63,2023,1059.0
ES64,2008,272.0
ES64,2009,333.0
ES64,2010,1343.0
ES64,2011,880.0
ES64,2012,1739.0
ES64,2013,1165.0
ES64,2014,1756.0
ES64,2015,1816.0
ES64,2016,1584.0
ES64,2017,1323.0
ES64,2018,2246.0
ES64,2019,3054.0
ES64,2020,1341.0
ES64,2021,1747.0
ES64,2022,1220.0
ES64,2023,386.0
ES70,2008,30692.0
ES70,2009,53235.0
ES70,2010,46287.0
ES70,2011,53289.0
ES70,2012,68158.0
ES70,2013,65102.0
ES70,2014,72912.0
ES70,2015,71537.0
ES70,2016,55558.0
ES70,2017,72151.0
ES70,2018,51930.0
ES70,2019,53368.0
ES70,2020,73362.0
ES70,2021,50777.0
ES70,2022,57455.0
ES70,2023,48587.0
FI18,2008,28186.0
FI18,2009,28378.0
FI18,2010,30740.0
FI18,2011,31695.0
FI18,2012,26363.0
FI18,2013,33260.0
FI18,2014,31255.0
FI18,2015,38087.0
FI18,2016,41011.0
FI18,2017,35107.0
FI18,2018,41729.0
FI18,2019,40173.0
FI18,2020,46140.0
FI18,2021,42406.0
FI18,2022,41756.0
FI18,2023,39136.0
FI19,2008,18534.0
FI19,2009,17886.0
FI19,2010,19973.0
FI19,2011,18854.0
FI19,2012,18216.0
FI19,2013,16924.0
FI19,2014,21674.0
FI19,2015,19729.0
FI19,2016,24345.0
FI19,2017,23127.0
FI19,2018,22309.0
FI19,2019,25258.0
FI19,2020,23281.0
FI19,2021,27752.0
FI19,2022,26062.0
FI19,2023,24563.0
FI1D,2008,18300.0
FI1D,2009,18007.0
FI1D,2010,17205.0
FI1D,2011,17103.0
FI1D,2012,17772.0
FI1D,2013,16469.0
FI1D,2014,15642.0
FI1D,2015,14980.0
FI1D,2016,21269.0
FI1D,2017,22779.0
FI1D,2018,21297.0
FI1D,2019,22481.0
FI1D,2020,22129.0
FI1D,2021,25625.0
FI1D,2022,22944.0
FI1D,2023,18014.0
FI20,2008,211.0
FI20,2009,334.0
FI20,2010,435.0
FI20,2011,464.0
FI20,2012,772.0
FI20,2013,606.0
FI20,2014,634.0
FI20,2015,505.0
FI20,2016,416.0
FI20,2017,158.0
FI20,2018,467.0
FI20,2019,566.0
FI20,2020,653.0
FI20,2021,1111.0
FI20,2022,678.0
FI20,2023,523.0
FR10,2008,148868.0
FR10,2009,147718.0
FR10,2010,139668.0
FR10,2011,141708.0
FR10,2012,150298.0
FR10,2013,213704.0
FR10,2014,181859.0
FR10,2015,191913.0
FR10,2016,198412.0
FR10,2017,210951.0
FR10,2018,199439.0
FR10,2019,186252.0
FR10,2020,179503.0
FR10,2021,140947.0
FR10,2022,117680.0
FR10,2023,122864.0
FR21,2008,18656.0
FR21,2009,27384.0
FR21,2010,28532.0
FR21,2011,28470.0
FR21,2012,28505.0
FR22,2008,39887.0
FR22,2009,35640.0
FR22,2010,41811.0
FR22,2011,29520.0
FR22,2012,30167.0
FR23,2008,40737.0
FR23,2009,30774.0
FR23,2010,37824.0
FR23,2011,38679.0
FR23,2012,34383.0
FR24,2008,44012.0
FR24,2009,33520.0
FR24,2010,44766.0
FR24,2011,38505.0
FR24,2012,44067.0
FR25,2008,27483.0
FR25,2009,30438.0
FR25,2010,32889.0
FR25,2011,26104.0
FR25,2012,28235.0
FR26,2008,41981.0
FR26,2009,40622.0
FR26,2010,35095.0
FR26,2011,39125.0
FR26,2012,26834.0
FR30,2008,80508.0
FR30,2009,78776.0
FR30,2010,71552.0
FR30,2011,75149.0
FR30,2012,62149.0
FR41,2008,32990.0
FR41,2009,51753.0
FR41,2010,45648.0
FR41,2011,47114.0
FR41,2012,43587.0
FR42,2008,23859.0
FR42,2009,28079.0
FR42,2010,26275.0
FR42,2011,22952.0
FR42,2012,32396.0
FR43,2008,19295.0
FR43,2009,21860.0
FR43,2010,20961.0
FR43,2011,19523.0
FR43,2012,14092.0
FR51,2008,74961.0
FR51,2009,66400.0
FR51,2010,70232.0
FR51,2011,69929.0
FR51,2012,70970.0
FR52,2008,37008.0
FR52,2009,52972.0
FR52,2010,60279.0
FR52,2011,52941.0
FR52,2012,53455.0
FR53,2008,41150.0
FR53,2009,30253.0
FR53,2010,40186.0
FR53,2011,33194.0
FR53,2012,32553.0
FR61,2008,64563.0
FR61,2009,44504.0
FR61,2010,62227.0
FR61,2011,59117.0
FR61,2012,79582.0
FR62,2008,57938.0
FR62,2009,59028.0
FR62,2010,51323.0
FR62,2011,51602.0
FR62,2012,39914.0
FR63,2008,11975.0
FR63,2009,10515.0
FR63,2010,14046.0
FR63,2011,15266.0
FR63,2012,13587.0
FR71,2008,108717.0
FR71,2009,108761.0
FR71,2010,114916.0
FR71,2011,102575.0
FR71,2012,104716.0
FR72,2008,26714.0
FR72,2009,22363.0
FR72,2010,32496.0
FR72,2011,26323.0
FR72,2012,22902.0
FR81,2008,57009.0
FR81,2009,53867.0
FR81,2010,51874.0
FR81,2011,60491.0
FR81,2012,62581.0
FR82,2008,97788.0
FR82,2009,81086.0
FR82,2010,91044.0
FR82,2011,81738.0
FR82,2012,80179.0
FR83,2008,720.0
FR83,2009,4545.0
FR83,2010,4733.0
FR83,2011,3754.0
FR83,2012,6913.0
FRB0,2013,59788.0
FRB0,2014,59594.0
FRB0,2015,56293.0
FRB0,2016,53315.0
FRB0,2017,55500.0
FRB0,2018,47209.0
FRB0,2019,45174.0
FRB0,2020,31280.0
FRB0,2021,40639.0
FRB0,2022,26094.0
FRB0,2023,23767.0
FRC1,2013,26565.0
FRC1,2014,43696.0
FRC1,2015,43634.0
FRC1,2016,53534.0
FRC1,2017,35842.0
FRC1,2018,31374.0
FRC1,2019,27881.0
FRC1,2020,27020.0
FRC1,2021,24404.0
FRC1,2022,17071.0
FRC1,2023,27611.0
FRC2,2013,24715.0
FRC2,2014,22944.0
FRC2,2015,28154.0
FRC2,2016,18798.0
FRC2,2017,23198.0
FRC2,2018,16543.0
FRC2,2019,26017.0
FRC2,2020,18675.0
FRC2,2021,14515.0
FRC2,2022,14177.0
FRC2,2023,13639.0
FRD1,2013,28569.0
FRD1,2014,40851.0
FRD1,2015,47120.0
FRD1,2016,35806.0
FRD1,2017,34740.0
FRD1,2018,33919.0
FRD1,2019,30892.0
FRD1,2020,27715.0
FRD1,2021,24250.0
FRD1,2022,25589.0
FRD1,2023,23948.0
FRD2,2013,41224.0
FRD2,2014,50187.0
FRD2,2015,24452.0
FRD2,2016,45668.0
FRD2,2017,51442.0
FRD2,2018,48130.0
FRD2,2019,41299.0
FRD2,2020,31718.0
FRD2,2021,35097.0
FRD2,2022,30301.0
FRD2,2023,21439.0
FRE1,2013,79708.0
FRE1,2014,91076.0
FRE1,2015,95112.0
FRE1,2016,88451.0
FRE1,2017,110335.0
FRE1,2018,88966.0
FRE1,2019,87075.0
FRE1,2020,83179.0
FRE1,2021,60175.0
FRE1,2022,98013.0
FRE1,2023,70924.0
FRE2,2013,45085.0
FRE2,2014,44571.0
FRE2,2015,31231.0
FRE2,2016,45465.0
FRE2,2017,51961.0
FRE2,2018,33266.0
FRE2,2019,36287.0
FRE2,2020,38400.0
FRE2,2021,35739.0
FRE2,2022,25587.0
FRE2,2023,20749.0
FRF1,2013,29671.0
FRF1,2014,38785.0
FRF1,2015,36531.0
FRF1,2016,32862.0
FRF1,2017,50286.0
FRF1,2018,35217.0
FRF1,2019,33006.0
FRF1,2020,21827.0
FRF1,2021,30674.0
FRF1,2022,18635.0
FRF1,2023,24743.0
FRF2,2013,24783.0
FRF2,2014,41187.0
FRF2,2015,39026.0
FRF2,2016,32198.0
FRF2,2017,36085.0
FRF2,2018,32764.0
FRF2,2019,32283.0
FRF2,2020,35395.0
FRF2,2021,19161.0
FRF2,2022,16282.0
FRF2,2023,20749.0
FRF3,2013,57496.0
FRF3,2014,49940.0
FRF3,2015,47292.0
FRF3,2016,56238.0
FRF3,2017,52135.0
FRF3,2018,58510.0
FRF3,2019,55551.0
FRF3,2020,42423.0
FRF3,2021,51999.0
FRF3,2022,45053.0
FRF3,2023,28557.0
FRG0,2013,83613.0
FRG0,2014,93741.0
FRG0,2015,91172.0
FRG0,2016,121107.0
FRG0,2017,122754.0
FRG0,2018,80325.0
FRG0,2019,71933.0
FRG0,2020,93500.0
FRG0,2021,66093.0
FRG0,2022,45906.0
FRG0,2023,36742.0
FRH0,2013,58933.0
FRH0,2014,68821.0
FRH0,2015,75018.0
FRH0,2016,72443.0
FRH0,2017,86812.0
FRH0,2018,67894.0
FRH0,2019,72974.0
FRH0,2020,71419.0
FRH0,2021,34120.0
FRH0,2022,48673.0
FRH0,2023,36220.0
FRI1,2013,91960.0
FRI1,2014,65223.0
FRI1,2015,87200.0
FRI1,2016,89506.0
FRI1,2017,90554.0
FRI1,2018,84786.0
FRI1,2019,94255.0
FRI1,2020,83393.0
FRI1,2021,38748.0
FRI1,2022,49109.0
FRI1,2023,59951.0
FRI2,2013,19358.0
FRI2,2014,14904.0
FRI2,2015,13503.0
FRI2,2016,21360.0
FRI2,2017,19137.0
FRI2,2018,12843.0
FRI2,2019,12496.0
FRI2,2020,12748.0
FRI2,2021,7945.0
FRI2,2022,4365.0
FRI2,2023,5318.0
FRI3,2013,38974.0
FRI3,2014,45808.0
FRI3,2015,46363.0
FRI3,2016,50139.0
FRI3,2017,54489.0
FRI3,2018,47882.0
FRI3,2019,33270.0
FRI3,2020,34317.0
FRI3,2021,41065.0
FRI3,2022,30825.0
FRI3,2023,25196.0
FRJ1,2013,79179.0
FRJ1,2014,61949.0
FRJ1,2015,81401.0
FRJ1,2016,87522.0
FRJ1,2017,82331.0
FRJ1,2018,78177.0
FRJ1,2019,63654.0
FRJ1,2020,51822.0
FRJ1,2021,48652.0
FRJ1,2022,51751.0
FRJ1,2023,46464.0
FRJ2,2013,70425.0
FRJ2,2014,79646.0
FRJ2,2015,72955.0
FRJ2,2016,98141.0
FRJ2,2017,64190.0
FRJ2,2018,58590.0
FRJ2,2019,72610.0
FRJ2,2020,81707.0
FRJ2,2021,43702.0
FRJ2,2022,53276.0
FRJ2,2023,56805.0
FRK1,2013,36943.0
FRK1,2014,28444.0
FRK1,2015,31739.0
FRK1,2016,36024.0
FRK1,2017,34094.0
FRK1,2018,32917.0
FRK1,2019,32622.0
FRK1,2020,22365.0
FRK1,2021,27453.0
FRK1,2022,20905.0
FRK1,2023,25650.0
FRK2,2013,122928.0
FRK2,2014,121888.0
FRK2,2015,167252.0
FRK2,2016,135525.0
FRK2,2017,146199.0
FRK2,2018,158567.0
FRK2,2019,153817.0
FRK2,2020,110348.0
FRK2,2021,120165.0
FRK2,2022,108787.0
FRK2,2023,86456.0
FRL0,2013,106613.0
FRL0,2014,118859.0
FRL0,2015,110132.0
FRL0,2016,123185.0
FRL0,2017,136648.0
FRL0,2018,101351.0
FRL0,2019,92930.0
FRL0,2020,85727.0
FRL0,2021,71325.0
FRL0,2022,69070.0
FRL0,2023,89019.0
FRM0,2013,5949.0
FRM0,2014,2956.0
FRM0,2015,1707.0
FRM0,2016,589.0
FRM0,2017,618.0
FRM0,2018,7430.0
FRM0,2019,7513.0
FRM0,2020,6599.0
FRM0,2021,2230.0
FRM0,2022,3936.0
FRM0,2023,763.0
FRY1,2014,12458.0
FRY1,2015,12702.0
FRY1,2016,10521.0
FRY1,2017,11176.0
FRY1,2018,12118.0
FRY1,2019,10908.0
FRY1,2020,8757.0
FRY1,2021,9577.0
FRY1,2022,12787.0
FRY1,2023,10741.0
FRY2,2014,14420.0
FRY2,2015,11334.0
FRY2,2016,13537.0
FRY2,2017,10486.0
FRY2,2018,11671.0
FRY2,2019,10256.0
FRY2,2020,9804.0
FRY2,2021,10576.0
FRY2,2022,8959.0
FRY2,2023,6897.0
FRY3,2014,4122.0
FRY3,2015,4129.0
FRY3,2016,4631.0
FRY3,2017,4006.0
FRY3,2018,4213.0
FRY3,2019,3927.0
FRY3,2020,3317.0
FRY3,2021,6069.0
FRY3,2022,3684.0
FRY3,2023,3575.0
FRY4,2014,26100.0
FRY4,2015,29512.0
FRY4,2016,29278.0
FRY4,2017,32572.0
FRY4,2018,26761.0
FRY4,2019,29075.0
FRY4,2020,31147.0
FRY4,2021,28603.0
FRY4,2022,30728.0
FRY4,2023,30394.0
HR03,2008,5938.0
HR03,2009,6617.0
HR03,2010,6976.0
HR03,2011,7857.0
HR03,2012,4796.0
HR03,2013,4977.0
HR03,2014,4586.0
HR03,2015,4726.0
HR03,2016,4823.0
HR03,2017,6875.0
HR03,2018,7279.0
HR03,2019,6276.0
HR03,2020,6057.0
HR03,2021,8863.0
HR03,2022,6899.0
HR03,2023,4173.0
HR04,2008,13407.0
HR04,2009,12088.0
HR04,2010,11848.0
HR04,2011,14569.0
HR04,2012,10865.0
HR04,2013,11701.0
HR04,2014,7991.0
HR04,2015,12944.0
HR04,2016,15992.0
HR04,2017,13438.0
HR04,2018,14168.0
HR04,2019,13141.0
HR04,2020,10474.0
HR04,2021,10731.0
HR04,2022,11825.0
HR04,2023,8760.0
HU10,2008,4940.0
HU10,2009,9910.0
HU10,2010,13094.0
HU10,2011,14749.0
HU10,2012,20440.0
HU10,2013,24009.0
HU10,2014,23218.0
HU10,2015,16679.0
HU10,2016,10004.0
HU10,2017,12545.0
HU10,2018,12145.0
HU10,2019,8936.0
HU10,2020,4897.0
HU10,2021,9332.0
HU10,2022,5915.0
HU10,2023,6639.0
HU21,2008,5105.0
HU21,2009,3071.0
HU21,2010,3793.0
HU21,2011,6523.0
HU21,2012,6486.0
HU21,2013,8394.0
HU21,2014,6234.0
HU21,2015,5604.0
HU21,2016,3855.0
HU21,2017,1435.0
HU21,2018,1649.0
HU21,2019,1828.0
HU21,2020,1471.0
HU21,2021,1853.0
HU21,2022,2017.0
HU21,2023,1981.0
HU22,2008,3142.0
HU22,2009,4077.0
HU22,2010,3755.0
HU22,2011,3869.0
HU22,2012,5153.0
HU22,2013,5636.0
HU22,2014,5242.0
HU22,2015,5219.0
HU22,2016,3423.0
HU22,2017,2673.0
HU22,2018,2274.0
HU22,2019,2422.0
HU22,2020,2446.0
HU22,2021,3678.0
HU22,2022,2586.0
HU22,2023,4381.0
HU23,2008,3825.0
HU23,2009,5325.0
HU23,2010,5786.0
HU23,2011,8671.0
HU23,2012,9238.0
HU23,2013,8062.0
HU23,2014,9029.0
HU23,2015,7822.0
HU23,2016,5176.0
HU23,2017,5356.0
HU23,2018,3173.0
HU23,2019,3811.0
HU23,2020,5054.0
HU23,2021,4416.0
HU23,2022,4272.0
HU23,2023,3100.0
HU31,2008,7169.0
HU31,2009,8142.0
HU31,2010,8634.0
HU31,2011,11231.0
HU31,2012,11331.0
HU31,2013,10183.0
HU31,2014,8760.0
HU31,2015,10110.0
HU31,2016,6641.0
HU31,2017,4258.0
HU31,2018,4675.0
HU31,2019,4833.0
HU31,2020,5128.0
HU31,2021,4784.0
HU31,2022,4246.0
HU31,2023,4474.0
HU32,2008,7162.0
HU32,2009,8623.0
HU32,2010,8807.0
HU32,2011,14980.0
HU32,2012,13567.0
HU32,2013,13314.0
HU32,2014,13830.0
HU32,2015,13296.0
HU32,2016,9986.0
HU32,2017,6855.0
HU32,2018,5261.0
HU32,2019,5552.0
HU32,2020,5914.0
HU32,2021,6233.0
HU32,2022,4667.0
HU32,2023,5789.0
HU33,2008,6192.0
HU33,2009,8871.0
HU33,2010,11075.0
HU33,2011,12118.0
HU33,2012,14458.0
HU33,2013,14834.0
HU33,2014,15281.0
HU33,2015,11808.0
HU33,2016,8840.0
HU33,2017,7630.0
HU33,2018,5614.0
HU33,2019,4762.0
HU33,2020,6303.0
HU33,2021,5775.0
HU33,2022,4652.0
HU33,2023,5630.0
IE01,2008,13298.0
IE01,2009,20828.0
IE01,2010,27988.0
IE01,2011,35793.0
IE01,2012,27432.0
IE01,2013,32876.0
IE01,2014,30874.0
IE01,2015,27559.0
IE01,2016,26504.0
IE01,2017,19893.0
IE01,2018,15145.0
IE01,2019,13923.0
IE01,2020,9980.0
IE01,2021,7830.0
IE01,2022,7993.0
IE01,2023,8576.0
IE02,2008,22398.0
IE02,2009,39160.0
IE02,2010,55156.0
IE02,2011,67957.0
IE02,2012,90811.0
IE02,2013,98345.0
IE02,2014,95618.0
IE02,2015,87387.0
IE02,2016,71808.0
IE02,2017,55150.0
IE02,2018,40602.0
IE02,2019,38700.0
IE02,2020,32521.0
IE02,2021,28728.0
IE02,2022,26860.0
IE02,2023,22765.0
ITC1,2008,73750.0
ITC1,2009,81187.0
ITC1,2010,96815.0
ITC1,2011,116512.0
ITC1,2012,123824.0
ITC1,2013,144824.0
ITC1,2014,151734.0
ITC1,2015,154107.0
ITC1,2016,154284.0
ITC1,2017,148636.0
ITC1,2018,159493.0
ITC1,2019,175648.0
ITC1,2020,157829.0
ITC1,2021,133749.0
ITC1,2022,120973.0
ITC1,2023,121495.0
ITC2,2008,1603.0
ITC2,2009,1804.0
ITC2,2010,1845.0
ITC2,2011,2156.0
ITC2,2012,2607.0
ITC2,2013,3312.0
ITC2,2014,3728.0
ITC2,2015,3787.0
ITC2,2016,3884.0
ITC2,2017,3851.0
ITC2,2018,4268.0
ITC2,2019,4079.0
ITC2,2020,4242.0
ITC2,2021,3916.0
ITC2,2022,3673.0
ITC2,2023,3201.0
ITC3,2008,28031.0
ITC3,2009,38236.0
ITC3,2010,43693.0
ITC3,2011,40056.0
ITC3,2012,46073.0
ITC3,2013,52479.0
ITC3,2014,60851.0
ITC3,2015,59227.0
ITC3,2016,62261.0
ITC3,2017,54547.0
ITC3,2018,65978.0
ITC3,2019,57687.0
ITC3,2020,54229.0
ITC3,2021,54741.0
ITC3,2022,51169.0
ITC3,2023,50460.0
ITC4,2008,147196.0
ITC4,2009,177621.0
ITC4,2010,206832.0
ITC4,2011,224307.0
ITC4,2012,258239.0
ITC4,2013,323246.0
ITC4,2014,345693.0
ITC4,2015,349213.0
ITC4,2016,332874.0
ITC4,2017,326211.0
ITC4,2018,347610.0
ITC4,2019,354132.0
ITC4,2020,343985.0
ITC4,2021,317669.0
ITC4,2022,290288.0
ITC4,2023,262900.0
ITF1,2008,24230.0
ITF1,2009,23353.0
ITF1,2010,26689.0
ITF1,2011,29470.0
ITF1,2012,37185.0
ITF1,2013,37903.0
ITF1,2014,41334.0
ITF1,2015,44565.0
ITF1,2016,46054.0
ITF1,2017,42744.0
ITF1,2018,53882.0
ITF1,2019,55233.0
ITF1,2020,52179.0
ITF1,2021,51047.0
ITF1,2022,45107.0
ITF1,2023,42796.0
ITF2,2008,4818.0
ITF2,2009,5585.0
ITF2,2010,5932.0
ITF2,2011,6982.0
ITF2,2012,7159.0
ITF2,2013,9469.0
ITF2,2014,10730.0
ITF2,2015,9710.0
ITF2,2016,10168.0
ITF2,2017,10678.0
ITF2,2018,9754.0
ITF2,2019,11038.0
ITF2,2020,10466.0
ITF2,2021,9628.0
ITF2,2022,9994.0
ITF2,2023,11530.0
ITF3,2008,79067.0
ITF3,2009,82296.0
ITF3,2010,78465.0
ITF3,2011,95426.0
ITF3,2012,124127.0
ITF3,2013,146728.0
ITF3,2014,149385.0
ITF3,2015,150852.0
ITF3,2016,157667.0
ITF3,2017,160218.0
ITF3,2018,171143.0
ITF3,2019,171978.0
ITF3,2020,164025.0
ITF3,2021,161051.0
ITF3,2022,163668.0
ITF3,2023,161151.0
ITF4,2008,60980.0
ITF4,2009,65059.0
ITF4,2010,74204.0
ITF4,2011,75911.0
ITF4,2012,96073.0
ITF4,2013,101649.0
ITF4,2014,109020.0
ITF4,2015,114845.0
ITF4,2016,122200.0
ITF4,2017,121646.0
ITF4,2018,126706.0
ITF4,2019,123650.0
ITF4,2020,127029.0
ITF4,2021,134277.0
ITF4,2022,126320.0
ITF4,2023,113364.0
ITF5,2008,10152.0
ITF5,2009,9977.0
ITF5,2010,10686.0
ITF5,2011,12390.0
ITF5,2012,14900.0
ITF5,2013,16338.0
ITF5,2014,17056.0
ITF5,2015,16621.0
ITF5,2016,18328.0
ITF5,2017,17121.0
ITF5,2018,18721.0
ITF5,2019,18822.0
ITF5,2020,19834.0
ITF5,2021,20558.0
ITF5,2022,18042.0
ITF5,2023,18723.0
ITF6,2008,37532.0
ITF6,2009,39558.0
ITF6,2010,41478.0
ITF6,2011,42548.0
ITF6,2012,53161.0
ITF6,2013,55773.0
ITF6,2014,60962.0
ITF6,2015,54713.0
ITF6,2016,67273.0
ITF6,2017,66496.0
ITF6,2018,66247.0
ITF6,2019,66439.0
ITF6,2020,60306.0
ITF6,2021,63659.0
ITF6,2022,53716.0
ITF6,2023,50309.0
ITG1,2008,96501.0
ITG1,2009,101502.0
ITG1,2010,113047.0
ITG1,2011,126873.0
ITG1,2012,159114.0
ITG1,2013,173165.0
ITG1,2014,172514.0
ITG1,2015,178132.0
ITG1,2016,169258.0
ITG1,2017,171211.0
ITG1,2018,165963.0
ITG1,2019,184567.0
ITG1,2020,184982.0
ITG1,2021,174990.0
ITG1,2022,168609.0
ITG1,2023,166569.0
ITG2,2008,43729.0
ITG2,2009,46147.0
ITG2,2010,53531.0
ITG2,2011,55644.0
ITG2,2012,64360.0
ITG2,2013,65197.0
ITG2,2014,70919.0
ITG2,2015,75933.0
ITG2,2016,72718.0
ITG2,2017,70947.0
ITG2,2018,79805.0
ITG2,2019,82056.0
ITG2,2020,74476.0
ITG2,2021,80835.0
ITG2,2022,75357.0
ITG2,2023,69226.0
ITH1,2008,5020.0
ITH1,2009,6548.0
ITH1,2010,7592.0
ITH1,2011,7337.0
ITH1,2012,8391.0
ITH1,2013,8973.0
ITH1,2014,10812.0
ITH1,2015,15967.0
ITH1,2016,10633.0
ITH1,2017,9049.0
ITH1,2018,8661.0
ITH1,2019,9129.0
ITH1,2020,8712.0
ITH1,2021,8259.0
ITH1,2022,8199.0
ITH1,2023,7728.0
ITH2,2008,6259.0
ITH2,2009,7813.0
ITH2,2010,9333.0
ITH2,2011,11197.0
ITH2,2012,12392.0
ITH2,2013,14848.0
ITH2,2014,16511.0
ITH2,2015,16246.0
ITH2,2016,16181.0
ITH2,2017,16767.0
ITH2,2018,18414.0
ITH2,2019,19155.0
ITH2,2020,18958.0
ITH2,2021,15172.0
ITH2,2022,12513.0
ITH2,2023,13296.0
ITH3,2008,69408.0
ITH3,2009,80838.0
ITH3,2010,84577.0
ITH3,2011,109563.0
ITH3,2012,131537.0
ITH3,2013,146220.0
ITH3,2014,151125.0
ITH3,2015,152192.0
ITH3,2016,158128.0
ITH3,2017,147319.0
ITH3,2018,151480.0
ITH3,2019,168935.0
ITH3,2020,154353.0
ITH3,2021,140208.0
ITH3,2022,117886.0
ITH3,2023,114774.0
ITH4,2008,12936.0
ITH4,2009,15896.0
ITH4,2010,23521.0
ITH4,2011,22284.0
ITH4,2012,25477.0
ITH4,2013,33593.0
ITH4,2014,33326.0
ITH4,2015,38437.0
ITH4,2016,39575.0
ITH4,2017,40917.0
ITH4,2018,44933.0
ITH4,2019,39617.0
ITH4,2020,38592.0
ITH4,2021,38473.0
ITH4,2022,33159.0
ITH4,2023,29970.0
ITH5,2008,54676.0
ITH5,2009,71082.0
ITH5,2010,84839.0
ITH5,2011,100672.0
ITH5,2012,124388.0
ITH5,2013,135631.0
ITH5,2014,150191.0
ITH5,2015,144736.0
ITH5,2016,149929.0
ITH5,2017,160481.0
ITH5,2018,168892.0
ITH5,2019,175907.0
ITH5,2020,173836.0
ITH5,2021,142793.0
ITH5,2022,120877.0
ITH5,2023,111237.0
ITI1,2008,64186.0
ITI1,2009,75339.0
ITI1,2010,85685.0
ITI1,2011,99593.0
ITI1,2012,114846.0
ITI1,2013,119752.0
ITI1,2014,135095.0
ITI1,2015,143795.0
ITI1,2016,146023.0
ITI1,2017,149520.0
ITI1,2018,157465.0
ITI1,2019,159335.0
ITI1,2020,160536.0
ITI1,2021,140500.0
ITI1,2022,141297.0
ITI1,2023,129092.0
ITI2,2008,16849.0
ITI2,2009,21466.0
ITI2,2010,23578.0
ITI2,2011,25827.0
ITI2,2012,25912.0
ITI2,2013,29464.0
ITI2,2014,34181.0
ITI2,2015,39044.0
ITI2,2016,37727.0
ITI2,2017,35369.0
ITI2,2018,34245.0
ITI2,2019,38849.0
ITI2,2020,35995.0
ITI2,2021,32751.0
ITI2,2022,28284.0
ITI2,2023,29925.0
ITI3,2008,22061.0
ITI3,2009,25143.0
ITI3,2010,28991.0
ITI3,2011,36296.0
ITI3,2012,47306.0
ITI3,2013,48306.0
ITI3,2014,55341.0
ITI3,2015,55409.0
ITI3,2016,53620.0
ITI3,2017,50038.0
ITI3,2018,55182.0
ITI3,2019,51983.0
ITI3,2020,51612.0
ITI3,2021,54159.0
ITI3,2022,46097.0
ITI3,2023,45414.0
ITI4,2008,132588.0
ITI4,2009,133637.0
ITI4,2010,152211.0
ITI4,2011,172476.0
ITI4,2012,211224.0
ITI4,2013,243484.0
ITI4,2014,262297.0
ITI4,2015,277800.0
ITI4,2016,265608.0
ITI4,2017,249327.0
ITI4,2018,250097.0
ITI4,2019,250983.0
ITI4,2020,271276.0
ITI4,2021,243256.0
ITI4,2022,222808.0
ITI4,2023,220733.0
LT00,2008,17624.0
LT00,2009,28699.0
LT00,2010,31278.0
LT00,2011,31829.0
LT00,2012,30935.0
LT00,2013,28867.0
LT00,2014,28635.0
LT00,2015,29145.0
LT00,2016,25695.0
LT00,2017,26703.0
LT00,2018,20142.0
LT00,2019,18224.0
LT00,2020,20170.0
LT00,2021,16669.0
LT00,2022,12874.0
LT00,2023,11064.0
LU00,2008,2598.0
LU00,2009,2466.0
LU00,2010,2164.0
LU00,2011,2805.0
LU00,2012,4651.0
LU00,2013,3507.0
LU00,2014,4048.0
LU00,2015,5121.0
LU00,2016,4405.0
LU00,2017,5173.0
LU00,2018,4436.0
LU00,2019,4654.0
LU00,2020,4741.0
LU00,2021,4269.0
LU00,2022,4163.0
LU00,2023,4761.0
LV00,2008,16400.0
LV00,2009,28341.0
LV00,2010,26263.0
LV00,2011,24593.0
LV00,2012,28048.0
LV00,2013,22760.0
LV00,2014,19503.0
LV00,2015,17956.0
LV00,2016,23196.0
LV00,2017,21586.0
LV00,2018,17512.0
LV00,2019,14139.0
LV00,2020,14966.0
LV00,2021,20145.0
LV00,2022,15182.0
LV00,2023,15815.0
MT00,2009,1698.0
MT00,2010,2441.0
MT00,2011,2180.0
MT00,2012,2550.0
MT00,2013,2922.0
MT00,2014,3068.0
MT00,2015,3483.0
MT00,2016,2220.0
MT00,2017,2069.0
MT00,2018,2320.0
MT00,2019,1590.0
MT00,2020,1488.0
MT00,2021,1593.0
MT00,2022,1595.0
MT00,2023,1024.0
NL00,2008,97730.0
NL00,2009,132785.0
NL00,2010,118111.0
NL00,2011,152797.0
NL00,2012,192600.0
NL00,2013,208208.0
NL00,2014,229515.0
NL00,2015,209353.0
NL00,2016,215083.0
NL00,2017,187533.0
NL00,2018,168247.0
NL00,2019,139452.0
NL00,2020,146182.0
NL00,2021,85787.0
NL00,2022,61239.0
NL00,2023,56828.0
PL12,2008,21707.0
PL12,2009,21708.0
PL12,2010,24195.0
PL12,2011,23290.0
PL12,2012,24295.0
PL12,2013,30576.0
PL12,2014,33739.0
PL12,2015,35908.0
PL12,2016,26333.0
PL12,2017,19805.0
PL12,2018,16703.0
PL12,2019,9758.0
PL12,2020,9666.0
PL12,2021,10618.0
PL12,2022,8105.0
PL12,2023,9219.0
PL21,2008,8781.0
PL21,2009,7079.0
PL21,2010,14707.0
PL21,2011,13871.0
PL21,2012,17298.0
PL21,2013,19744.0
PL21,2014,21516.0
PL21,2015,19940.0
PL21,2016,12704.0
PL21,2017,14060.0
PL21,2018,9647.0
PL21,2019,5151.0
PL21,2020,4630.0
PL21,2021,5384.0
PL21,2022,8365.0
PL21,2023,7243.0
PL22,2008,18916.0
PL22,2009,19937.0
PL22,2010,18290.0
PL22,2011,18853.0
PL22,2012,31640.0
PL22,2013,41224.0
PL22,2014,36645.0
PL22,2015,24751.0
PL22,2016,23542.0
PL22,2017,19463.0
PL22,2018,13740.0
PL22,2019,11177.0
PL22,2020,12987.0
PL22,2021,8395.0
PL22,2022,11521.0
PL22,2023,8105.0
PL41,2008,12501.0
PL41,2009,9758.0
PL41,2010,15322.0
PL41,2011,14686.0
PL41,2012,10556.0
PL41,2013,13824.0
PL41,2014,16096.0
PL41,2015,16486.0
PL41,2016,14593.0
PL41,2017,13326.0
PL41,2018,11990.0
PL41,2019,9406.0
PL41,2020,9049.0
PL41,2021,6779.0
PL41,2022,5987.0
PL41,2023,6800.0
PL42,2008,4824.0
PL42,2009,4093.0
PL42,2010,5661.0
PL42,2011,8049.0
PL42,2012,8057.0
PL42,2013,7525.0
PL42,2014,11742.0
PL42,2015,10232.0
PL42,2016,6671.0
PL42,2017,6969.0
PL42,2018,4166.0
PL42,2019,3846.0
PL42,2020,3884.0
PL42,2021,2998.0
PL42,2022,2092.0
PL42,2023,1524.0
PL43,2008,4963.0
PL43,2009,4784.0
PL43,2010,3891.0
PL43,2011,4127.0
PL43,2012,4637.0
PL43,2013,4239.0
PL43,2014,4568.0
PL43,2015,5326.0
PL43,2016,3928.0
PL43,2017,3961.0
PL43,2018,3668.0
PL43,2019,2712.0
PL43,2020,950.0
PL43,2021,1043.0
PL43,2022,971.0
PL43,2023,1245.0
PL51,2008,6366.0
PL51,2009,8044.0
PL51,2010,9987.0
PL51,2011,10279.0
PL51,2012,15800.0
PL51,2013,17362.0
PL51,2014,14588.0
PL51,2015,15792.0
PL51,2016,15511.0
PL51,2017,9624.0
PL51,2018,6482.0
PL51,2019,4868.0
PL51,2020,6427.0
PL51,2021,7652.0
PL51,2022,7552.0
PL51,2023,6707.0
PL52,2008,4813.0
PL52,2009,4013.0
PL52,2010,4143.0
PL52,2011,4288.0
PL52,2012,3997.0
PL52,2013,4622.0
PL52,2014,4671.0
PL52,2015,4379.0
PL52,2016,3836.0
PL52,2017,2764.0
PL52,2018,2042.0
PL52,2019,2983.0
PL52,2020,2788.0
PL52,2021,2193.0
PL52,2022,1606.0
PL52,2023,2423.0
PL61,2008,8254.0
PL61,2009,8619.0
PL61,2010,8755.0
PL61,2011,7796.0
PL61,2012,8866.0
PL61,2013,10786.0
PL61,2014,9687.0
PL61,2015,11404.0
PL61,2016,10600.0
PL61,2017,9588.0
PL61,2018,6537.0
PL61,2019,4789.0
PL61,2020,3439.0
PL61,2021,5790.0
PL61,2022,5903.0
PL61,2023,8596.0
PL62,2008,5395.0
PL62,2009,5767.0
PL62,2010,5113.0
PL62,2011,5758.0
PL62,2012,6058.0
PL62,2013,5797.0
PL62,2014,8343.0
PL62,2015,6569.0
PL62,2016,5137.0
PL62,2017,5910.0
PL62,2018,3366.0
PL62,2019,2730.0
PL62,2020,2422.0
PL62,2021,4215.0
PL62,2022,4105.0
PL62,2023,3087.0
PL63,2008,8656.0
PL63,2009,7252.0
PL63,2010,8655.0
PL63,2011,6981.0
PL63,2012,10966.0
PL63,2013,11355.0
PL63,2014,11160.0
PL63,2015,13096.0
PL63,2016,12119.0
PL63,2017,8594.0
PL63,2018,8266.0
PL63,2019,7934.0
PL63,2020,4273.0
PL63,2021,5720.0
PL63,2022,4094.0
PL63,2023,6953.0
PL71,2008,9001.0
PL71,2009,11055.0
PL71,2010,12589.0
PL71,2011,11896.0
PL71,2012,12793.0
PL71,2013,14786.0
PL71,2014,15734.0
PL71,2015,16117.0
PL71,2016,12405.0
PL71,2017,12585.0
PL71,2018,7123.0
PL71,2019,8851.0
PL71,2020,9509.0
PL71,2021,9286.0
PL71,2022,6403.0
PL71,2023,7335.0
PL72,2008,7078.0
PL72,2009,7584.0
PL72,2010,7864.0
PL72,2011,9153.0
PL72,2012,10077.0
PL72,2013,8360.0
PL72,2014,9443.0
PL72,2015,11643.0
PL72,2016,7109.0
PL72,2017,6404.0
PL72,2018,3786.0
PL72,2019,4330.0
PL72,2020,4266.0
PL72,2021,3583.0
PL72,2022,3361.0
PL72,2023,3060.0
PL81,2008,18995.0
PL81,2009,19076.0
PL81,2010,15373.0
PL81,2011,18369.0
PL81,2012,19554.0
PL81,2013,21545.0
PL81,2014,21952.0
PL81,2015,21534.0
PL81,2016,16766.0
PL81,2017,16976.0
PL81,2018,16506.0
PL81,2019,10257.0
PL81,2020,10728.0
PL81,2021,12404.0
PL81,2022,11282.0
PL81,2023,9357.0
PL82,2008,15758.0
PL82,2009,14554.0
PL82,2010,15678.0
PL82,2011,16630.0
PL82,2012,17765.0
PL82,2013,17124.0
PL82,2014,16540.0
PL82,2015,14744.0
PL82,2016,12744.0
PL82,2017,10987.0
PL82,2018,8320.0
PL82,2019,9826.0
PL82,2020,8886.0
PL82,2021,6418.0
PL82,2022,3866.0
PL82,2023,4910.0
PL84,2008,3224.0
PL84,2009,4345.0
PL84,2010,5704.0
PL84,2011,6023.0
PL84,2012,6735.0
PL84,2013,5386.0
PL84,2014,5570.0
PL84,2015,5403.0
PL84,2016,5182.0
PL84,2017,3985.0
PL84,2018,3295.0
PL84,2019,2686.0
PL84,2020,2321.0
PL84,2021,1647.0
PL84,2022,1521.0
PL84,2023,2225.0
PT11,2008,44677.0
PT11,2009,36964.0
PT11,2010,43715.0
PT11,2011,57265.0
PT11,2012,67950.0
PT11,2013,64760.0
PT11,2014,55705.0
PT11,2015,57961.0
PT11,2016,55056.0
PT11,2017,51132.0
PT11,2018,45194.0
PT11,2019,42416.0
PT11,2020,40894.0
PT11,2021,33713.0
PT11,2022,37766.0
PT11,2023,48795.0
PT15,2008,3350.0
PT15,2009,2780.0
PT15,2010,3503.0
PT15,2011,6067.0
PT15,2012,6375.0
PT15,2013,7835.0
PT15,2014,7131.0
PT15,2015,7368.0
PT15,2016,5948.0
PT15,2017,5180.0
PT15,2018,5096.0
PT15,2019,5403.0
PT15,2020,5558.0
PT15,2021,3368.0
PT15,2022,3109.0
PT15,2023,3314.0
PT16,2008,33656.0
PT16,2009,31071.0
PT16,2010,31854.0
PT16,2011,36074.0
PT16,2012,38000.0
PT16,2013,36019.0
PT16,2014,35263.0
PT16,2015,31897.0
PT16,2016,28634.0
PT16,2017,31081.0
PT16,2018,27499.0
PT16,2019,25995.0
PT16,2020,26117.0
PT16,2021,19080.0
PT16,2022,18320.0
PT16,2023,23662.0
PT17,2008,37753.0
PT17,2009,30099.0
PT17,2010,30319.0
PT17,2011,40783.0
PT17,2012,41951.0
PT17,2013,40517.0
PT17,2014,42701.0
PT17,2015,43907.0
PT17,2016,44078.0
PT17,2017,41018.0
PT17,2018,34517.0
PT17,2019,32733.0
PT17,2020,33718.0
PT17,2021,34029.0
PT17,2022,36824.0
PT17,2023,29496.0
PT18,2008,6379.0
PT18,2009,5341.0
PT18,2010,8575.0
PT18,2011,9028.0
PT18,2012,7702.0
PT18,2013,9165.0
PT18,2014,8776.0
PT18,2015,8485.0
PT18,2016,8599.0
PT18,2017,8602.0
PT18,2018,8017.0
PT18,2019,6679.0
PT18,2020,6687.0
PT18,2021,9088.0
PT18,2022,4717.0
PT18,2023,6838.0
PT20,2008,1617.0
PT20,2009,2033.0
PT20,2010,2356.0
PT20,2011,3452.0
PT20,2012,3829.0
PT20,2013,4329.0
PT20,2014,4617.0
PT20,2015,4819.0
PT20,2016,4052.0
PT20,2017,4526.0
PT20,2018,3911.0
PT20,2019,3691.0
PT20,2020,2347.0
PT20,2021,2493.0
PT20,2022,3217.0
PT20,2023,2518.0
PT30,2008,2172.0
PT30,2009,3223.0
PT30,2010,3907.0
PT30,2011,5764.0
PT30,2012,5862.0
PT30,2013,6209.0
PT30,2014,7218.0
PT30,2015,7217.0
PT30,2016,6664.0
PT30,2017,6540.0
PT30,2018,6072.0
PT30,2019,5593.0
PT30,2020,4923.0
PT30,2021,2196.0
PT30,2022,3838.0
PT30,2023,3982.0
RO11,2008,18308.0
RO11,2009,27072.0
RO11,2010,38132.0
RO11,2011,26788.0
RO11,2012,34465.0
RO11,2013,40422.0
RO11,2014,33679.0
RO11,2015,31751.0
RO11,2016,29570.0
RO11,2017,29199.0
RO11,2018,22945.0
RO11,2019,17461.0
RO11,2020,20037.0
RO11,2021,15874.0
RO11,2022,15333.0
RO11,2023,21019.0
RO12,2008,21878.0
RO12,2009,26287.0
RO12,2010,28636.0
RO12,2011,19850.0
RO12,2012,20299.0
RO12,2013,24515.0
RO12,2014,28835.0
RO12,2015,28037.0
RO12,2016,21683.0
RO12,2017,19523.0
RO12,2018,14304.0
RO12,2019,17969.0
RO12,2020,14677.0
RO12,2021,17948.0
RO12,2022,14200.0
RO12,2023,13406.0
RO21,2008,101867.0
RO21,2009,97015.0
RO21,2010,97036.0
RO21,2011,92616.0
RO21,2012,92281.0
RO21,2013,87862.0
RO21,2014,85507.0
RO21,2015,113647.0
RO21,2016,105897.0
RO21,2017,87298.0
RO21,2018,84101.0
RO21,2019,82060.0
RO21,2020,75768.0
RO21,2021,54059.0
RO21,2022,37621.0
RO21,2023,36402.0
RO22,2008,60994.0
RO22,2009,55678.0
RO22,2010,65917.0
RO22,2011,60309.0
RO22,2012,65698.0
RO22,2013,57788.0
RO22,2014,58020.0
RO22,2015,53521.0
RO22,2016,35958.0
RO22,2017,25688.0
RO22,2018,27392.0
RO22,2019,41565.0
RO22,2020,44655.0
RO22,2021,30150.0
RO22,2022,26658.0
RO22,2023,27853.0
RO31,2008,71378.0
RO31,2009,72157.0
RO31,2010,77849.0
RO31,2011,68995.0
RO31,2012,68688.0
RO31,2013,76180.0
RO31,2014,82926.0
RO31,2015,77874.0
RO31,2016,63310.0
RO31,2017,62737.0
RO31,2018,65104.0
RO31,2019,60817.0
RO31,2020,53523.0
RO31,2021,26191.0
RO31,2022,20943.0
RO31,2023,20097.0
RO32,2008,2202.0
RO32,2009,2052.0
RO32,2010,3177.0
RO32,2011,9128.0
RO32,2012,8389.0
RO32,2013,11110.0
RO32,2014,10967.0
RO32,2015,6481.0
RO32,2016,5852.0
RO32,2017,2434.0
RO32,2018,889.0
RO32,2019,693.0
RO32,2020,217.0
RO32,2021,2712.0
RO32,2022,959.0
RO32,2023,1055.0
RO41,2008,6050.0
RO41,2009,6712.0
RO41,2010,9336.0
RO41,2011,14968.0
RO41,2012,12033.0
RO41,2013,8541.0
RO41,2014,5612.0
RO41,2015,5605.0
RO41,2016,6915.0
RO41,2017,9156.0
RO41,2018,7161.0
RO41,2019,8172.0
RO41,2020,11779.0
RO41,2021,8963.0
RO41,2022,8534.0
RO41,2023,8030.0
RO42,2008,7257.0
RO42,2009,5477.0
RO42,2010,8968.0
RO42,2011,7727.0
RO42,2012,4517.0
RO42,2013,6109.0
RO42,2014,4938.0
RO42,2015,2192.0
RO42,2016,3081.0
RO42,2017,2543.0
RO42,2018,2463.0
RO42,2019,2639.0
RO42,2020,2149.0
RO42,2021,2077.0
RO42,2022,2999.0
RO42,2023,2628.0
SE11,2008,30690.0
SE11,2009,33877.0
SE11,2010,34313.0
SE11,2011,35159.0
SE11,2012,36683.0
SE11,2013,42054.0
SE11,2014,39842.0
SE11,2015,43602.0
SE11,2016,42937.0
SE11,2017,40725.0
SE11,2018,36816.0
SE11,2019,35880.0
SE11,2020,36860.0
SE11,2021,38616.0
SE11,2022,32498.0
SE11,2023,30554.0
SE12,2008,28450.0
SE12,2009,29298.0
SE12,2010,31934.0
SE12,2011,30715.0
SE12,2012,29070.0
SE12,2013,28291.0
SE12,2014,28950.0
SE12,2015,29959.0
SE12,2016,31970.0
SE12,2017,29875.0
SE12,2018,31005.0
SE12,2019,25877.0
SE12,2020,22271.0
SE12,2021,23123.0
SE12,2022,22785.0
SE12,2023,23030.0
SE21,2008,20273.0
SE21,2009,22003.0
SE21,2010,23504.0
SE21,2011,21071.0
SE21,2012,17971.0
SE21,2013,18459.0
SE21,2014,19543.0
SE21,2015,17815.0
SE21,2016,16624.0
SE21,2017,17919.0
SE21,2018,17013.0
SE21,2019,14886.0
SE21,2020,14260.0
SE21,2021,11953.0
SE21,2022,10449.0
SE21,2023,11747.0
SE22,2008,34833.0
SE22,2009,33188.0
SE22,2010,28758.0
SE22,2011,26537.0
SE22,2012,30561.0
SE22,2013,31429.0
SE22,2014,33233.0
SE22,2015,32581.0
SE22,2016,28580.0
SE22,2017,30195.0
SE22,2018,25368.0
SE22,2019,22475.0
SE22,2020,28378.0
SE22,2021,28262.0
SE22,2022,25029.0
SE22,2023,22909.0
SE23,2008,36672.0
SE23,2009,36126.0
SE23,2010,36810.0
SE23,2011,35710.0
SE23,2012,37169.0
SE23,2013,39606.0
SE23,2014,37408.0
SE23,2015,37890.0
SE23,2016,36422.0
SE23,2017,35345.0
SE23,2018,30774.0
SE23,2019,30955.0
SE23,2020,31226.0
SE23,2021,31401.0
SE23,2022,22858.0
SE23,2023,25932.0
SE31,2008,19104.0
SE31,2009,17321.0
SE31,2010,18330.0
SE31,2011,18769.0
SE31,2012,15328.0
SE31,2013,14838.0
SE31,2014,15849.0
SE31,2015,16604.0
SE31,2016,16988.0
SE31,2017,16372.0
SE31,2018,13009.0
SE31,2019,13085.0
SE31,2020,13614.0
SE31,2021,13480.0
SE31,2022,16075.0
SE31,2023,11537.0
SE32,2008,6803.0
SE32,2009,7023.0
SE32,2010,5596.0
SE32,2011,6414.0
SE32,2012,7497.0
SE32,2013,7501.0
SE32,2014,6879.0
SE32,2015,6624.0
SE32,2016,6443.0
SE32,2017,5741.0
SE32,2018,5499.0
SE32,2019,6649.0
SE32,2020,5375.0
SE32,2021,5811.0
SE32,2022,5884.0
SE32,2023,6312.0
SE33,2008,10359.0
SE33,2009,10706.0
SE33,2010,10599.0
SE33,2011,9817.0
SE33,2012,9809.0
SE33,2013,10197.0
SE33,2014,11311.0
SE33,2015,9373.0
SE33,2016,8386.0
SE33,2017,8333.0
SE33,2018,8187.0
SE33,2019,5299.0
SE33,2020,6676.0
SE33,2021,7850.0
SE33,2022,7815.0
SE33,2023,4553.0
SI03,2008,2007.0
SI03,2009,1949.0
SI03,2010,2760.0
SI03,2011,2505.0
SI03,2012,2652.0
SI03,2013,2303.0
SI03,2014,2975.0
SI03,2015,3939.0
SI03,2016,4184.0
SI03,2017,4339.0
SI03,2018,2886.0
SI03,2019,1792.0
SI03,2020,2226.0
SI03,2021,4252.0
SI03,2022,2560.0
SI03,2023,3234.0
SI04,2008,1563.0
SI04,2009,1321.0
SI04,2010,1781.0
SI04,2011,2217.0
SI04,2012,1659.0
SI04,2013,3300.0
SI04,2014,2529.0
SI04,2015,3631.0
SI04,2016,3562.0
SI04,2017,2909.0
SI04,2018,1760.0
SI04,2019,973.0
SI04,2020,841.0
SI04,2021,2617.0
SI04,2022,2702.0
SI04,2023,1650.0
SK01,2009,966.0
SK01,2010,642.0
SK01,2011,46.0
SK01,2012,552.0
SK01,2013,1660.0
SK01,2014,1052.0
SK01,2015,1027.0
SK01,2016,1074.0
SK01,2017,753.0
SK01,2022,152.0
SK01,2023,585.0
SK02,2008,4585.0
SK02,2009,3924.0
SK02,2010,3565.0
SK02,2011,2782.0
SK02,2012,3689.0
SK02,2013,3325.0
SK02,2014,6827.0
SK02,2015,8348.0
SK02,2016,8248.0
SK02,2017,5639.0
SK02,2018,3296.0
SK02,2019,3883.0
SK02,2020,3097.0
SK02,2021,4048.0
SK02,2022,3296.0
SK02,2023,1632.0
SK03,2008,980.0
SK03,2009,1875.0
SK03,2010,4719.0
SK03,2011,4025.0
SK03,2012,5726.0
SK03,2013,9310.0
SK03,2014,8459.0
SK03,2015,7028.0
SK03,2016,5819.0
SK03,2017,7635.0
SK03,2018,3775.0
SK03,2019,5189.0
SK03,2020,4361.0
SK03,2021,4730.0
SK03,2022,4515.0
SK03,2023,3676.0
SK04,2008,6478.0
SK04,2009,7710.0
SK04,2010,8738.0
SK04,2011,8424.0
SK04,2012,11420.0
SK04,2013,11084.0
SK04,2014,13064.0
SK04,2015,16885.0
SK04,2016,25455.0
SK04,2017,24598.0
SK04,2018,19602.0
SK04,2019,16819.0
SK04,2020,11590.0
SK04,2021,4333.0
SK04,2022,5840.0
SK04,2023,3894.0
