geo,year,greek_tourism_Stays__Hotel_Stays_Natives,greek_tourism_Stays__Hotel_Stays_Foreign,greek_tourism_Stays__Hotel_Stays_Total,greek_tourism_Stays__Hotel_Beds,greek_tourism_Stays__Hotel_Occupancy,greek_tourism_Stays__Hotel_Stays_Natives_pct_diff,greek_tourism_Stays__Hotel_Stays_Foreign_pct_diff,greek_tourism_Stays__Hotel_Stays_Total_pct_diff,greek_tourism_Stays__Hotel_Occupancy_pct_diff,_row_order_,__conflict_file
EL422,2024,63229,43478,106707,1345,34.1,,,,,132,greek_tourism_Stays
EL422,2024,193642,2153785,2347427,20752,48.5,,,,,153,greek_tourism_Stays
EL422,2024,63263,153748,217011,2998,38.6,,,,,178,greek_tourism_Stays
EL422,2024,134032,1778161,1912193,17349,46.1,,,,,179,greek_tourism_Stays
EL422,2024,109225,509717,618942,7879,40.4,,,,,180,greek_tourism_Stays
EL422,2024,131007,534585,665592,7681,43.7,,,,,184,greek_tourism_Stays
EL422,2024,124632,108822,233454,2427,42.9,,,,,861,greek_tourism_Stays
EL422,2024,86089,48811,134900,2319,23.8,,,,,862,greek_tourism_Stays
EL651,2024,590835,607030,1197865,11425,46.1,,,,,133,greek_tourism_Stays
EL651,2024,136102,27745,163847,3103,19.4,,,,,134,greek_tourism_Stays
EL541,2024,70361,11547,81908,685,36.6,,,,,135,greek_tourism_Stays
EL541,2024,163238,351693,514931,5643,44.2,,,,,854,greek_tourism_Stays
EL531,2024,12141,1607,13748,1243,7.4,,,,,139,greek_tourism_Stays
EL531,2024,109302,16514,125816,1537,25.9,,,,,167,greek_tourism_Stays
EL515,2024,120923,1007492,1128415,11575,52.3,,,,,150,greek_tourism_Stays
EL515,2024,129059,294778,423837,3442,44.5,,,,,157,greek_tourism_Stays
EL623,2024,9110,17656,26766,265,37.6,,,,,154,greek_tourism_Stays
EL623,2024,119493,1102222,1221715,11194,52.9,,,,,165,greek_tourism_Stays
EL412,2024,35962,26745,62707,965,29.0,,,,,155,greek_tourism_Stays
EL412,2024,129473,915702,1045175,10615,45.5,,,,,858,greek_tourism_Stays
EL421,2024,84097,281906,366003,5214,32.3,,,,,158,greek_tourism_Stays
EL421,2024,46924,556624,603548,6455,47.6,,,,,160,greek_tourism_Stays
EL421,2024,253012,8478223,8731235,59073,57.2,,,,,169,greek_tourism_Stays
EL421,2024,532910,15924861,16457771,103556,56.9,,,,,857,greek_tourism_Stays
EL611,2024,125320,23603,148923,1416,33.0,,,,,159,greek_tourism_Stays
EL611,2024,220995,297891,518886,4650,36.6,,,,,863,greek_tourism_Stays
EL653,2024,353217,218524,571741,6450,33.0,,,,,170,greek_tourism_Stays
EL653,2024,626049,746612,1372661,11947,41.4,,,,,177,greek_tourism_Stays
EL411,2024,175828,492015,667843,6861,39.1,,,,,173,greek_tourism_Stays
EL411,2024,55211,125330,180541,2161,34.4,,,,,175,greek_tourism_Stays
EL613,2024,579409,225245,804654,9642,33.3,,,,,176,greek_tourism_Stays
EL613,2024,141773,807288,949061,10566,44.6,,,,,860,greek_tourism_Stays
EL307,2024,275548,245891,521439,7777,32.8,,,,,181,greek_tourism_Stays
EL307,2024,241428,403460,644888,4032,51.8,,,,,185,greek_tourism_Stays
EL422,2015,38081,21425,59506,1361,19.5,,,,,205,greek_tourism_Stays
EL422,2015,54971,703678,758649,8851,53.9,,,,,394,greek_tourism_Stays
EL422,2015,39639,43339,82978,1775,26.4,,,,,619,greek_tourism_Stays
EL422,2015,83100,777195,860295,8911,53.3,,,,,628,greek_tourism_Stays
EL422,2015,39924,129346,169270,2761,38.9,,,,,637,greek_tourism_Stays
EL422,2015,59340,255134,314474,5908,33.6,,,,,673,greek_tourism_Stays
EL422,2015,74876,17110,91986,1378,32.0,,,,,772,greek_tourism_Stays
EL422,2015,104502,7886,112388,1638,32.0,,,,,781,greek_tourism_Stays
EL422,2016,56566,17247,73813,1321,23.2,48.54126729865288,-19.50058343057176,24.0429536517326,18.97435897435897,206,greek_tourism_Stays
EL422,2016,66676,618298,684974,8964,47.0,21.29304542395081,-12.133390556476115,-9.711342135823022,-12.801484230055657,395,greek_tourism_Stays
EL422,2016,45245,49638,94883,1813,29.4,14.142637301647367,14.53425321304137,14.347176359999036,11.363636363636363,620,greek_tourism_Stays
EL422,2016,94639,925809,1020448,10344,53.8,13.885679903730445,19.12184200876228,18.616056120284323,0.9380863039399624,629,greek_tourism_Stays
EL422,2016,65520,99110,164630,2731,37.7,64.11181244364292,-23.376061107417318,-2.74118272582265,-3.084832904884308,638,greek_tourism_Stays
EL422,2016,81383,227995,309378,5801,32.9,37.14694978092349,-10.637155377174349,-1.6204837283845406,-2.083333333333341,674,greek_tourism_Stays
EL422,2016,85717,13546,99263,1465,32.7,14.478604626315509,-20.829924021040327,7.910986454460462,2.187500000000009,773,greek_tourism_Stays
EL422,2016,76654,10505,87159,1563,25.1,-26.64829381255861,33.210753233578494,-22.448126134462758,-21.5625,782,greek_tourism_Stays
EL422,2017,60402,26024,86426,1348,26.1,6.781458826857123,50.89000985678669,17.08777586603986,12.500000000000009,207,greek_tourism_Stays
EL422,2017,58322,664567,722889,9247,46.6,-12.52924590557322,7.483284759129092,5.535246593301352,-0.8510638297872309,396,greek_tourism_Stays
EL422,2017,28306,45895,74201,1801,21.8,-37.438390982429,-7.540593899834803,-21.797371499636395,-25.850340136054417,621,greek_tourism_Stays
EL422,2017,85894,1168160,1254054,11264,59.7,-9.24037658893268,26.1772136585408,22.892494277023427,10.96654275092938,630,greek_tourism_Stays
EL422,2017,59044,126143,185187,2885,38.5,-9.884004884004884,27.27575421249117,12.48678855615623,2.122015915119356,639,greek_tourism_Stays
EL422,2017,81840,287024,368864,5981,37.7,0.5615423368516766,25.890480054387154,19.227611530231627,14.589665653495452,675,greek_tourism_Stays
EL422,2017,88315,18884,107199,1351,34.1,3.030904021372657,39.40646685368375,7.994922579410253,4.281345565749231,774,greek_tourism_Stays
EL422,2017,86115,14115,100230,1511,28.0,12.342473973960916,34.36458829128986,14.996730113929717,11.553784860557762,783,greek_tourism_Stays
EL422,2018,56389,35581,91970,1452,24.6,-6.643819741068177,36.72379342145712,6.414736306204151,-5.747126436781609,208,greek_tourism_Stays
EL422,2018,193724,1670166,1863890,17748,48.9,232.1628202050684,151.31642106815414,157.83903199523024,4.93562231759656,397,greek_tourism_Stays
EL422,2018,59679,119414,179093,2778,28.7,110.83515862361337,160.18956313323892,141.3619762536893,31.651376146788984,622,greek_tourism_Stays
EL422,2018,112705,1579038,1691743,13739,58.3,31.21405453233055,35.1730927270237,34.90192607335888,-2.345058626465671,631,greek_tourism_Stays
EL422,2018,122524,434553,557077,6916,36.8,107.5130411218752,244.4923618433048,200.81863197740665,-4.415584415584424,640,greek_tourism_Stays
EL422,2018,115434,450363,565797,7575,38.2,41.04838709677419,56.90778471486705,53.3890539602672,1.326259946949602,676,greek_tourism_Stays
EL422,2018,134144,82836,216980,2459,33.9,51.89265696654023,338.65706418131754,102.40860455787836,-0.5865102639296271,775,greek_tourism_Stays
EL422,2018,119195,30003,149198,2340,25.6,38.41374905649423,112.56110520722636,48.85563204629352,-8.571428571428566,784,greek_tourism_Stays
EL422,2019,59581,38382,97963,1439,26.0,5.660678501126106,7.872178971923217,6.516255300641513,5.6910569105691,209,greek_tourism_Stays
EL422,2019,186617,1889481,2076098,18836,49.8,-3.6686213375730414,13.13132946066439,11.385221230866629,1.8404907975460087,398,greek_tourism_Stays
EL422,2019,40288,115477,155765,2762,25.2,-32.492166423700134,-3.2969333578977342,-13.025634726092033,-12.195121951219512,623,greek_tourism_Stays
EL422,2019,108405,1963107,2071512,18272,66.1,-3.8152699525309433,24.32297386130036,22.44838607282548,13.37907375643224,632,greek_tourism_Stays
EL422,2019,119853,483586,603439,7357,38.3,-2.179981064934217,11.283548842143537,8.322368362003816,4.076086956521739,641,greek_tourism_Stays
EL422,2019,129147,484705,613852,7943,39.9,11.87951556733718,7.625404396009442,8.493328879439092,4.450261780104701,677,greek_tourism_Stays
EL422,2019,138808,89055,227863,2531,35.0,3.4768606870229006,7.507605388961321,5.015669646972071,3.2448377581120984,776,greek_tourism_Stays
EL422,2019,114766,24041,138807,2348,24.1,-3.7157598892571,-19.871346198713464,-6.964570570651081,-5.859375,785,greek_tourism_Stays
EL422,2020,23256,8692,31948,958,19.9,-60.96742250046155,-77.35396800583607,-67.38768718801997,-23.461538461538467,210,greek_tourism_Stays
EL422,2020,77949,429326,507275,13020,29.5,-58.230493470584136,-77.27809911822347,-75.56594149216463,-40.76305220883534,399,greek_tourism_Stays
EL422,2020,37625,44829,82454,2399,22.8,-6.609908657664813,-61.17928245451475,-47.06513016402914,-9.523809523809518,624,greek_tourism_Stays
EL422,2020,61403,354393,415796,8012,40.8,-43.35777870024445,-81.94734163751644,-79.92789807638093,-38.27534039334341,633,greek_tourism_Stays
EL422,2020,79171,92373,171544,5279,21.9,-33.94324714441858,-80.89833039004438,-71.57227159663198,-42.81984334203655,642,greek_tourism_Stays
EL422,2020,61813,98309,160122,5681,22.5,-52.137486739916525,-79.71776647651664,-73.91521083257854,-43.609022556390975,678,greek_tourism_Stays
EL422,2020,81469,18962,100431,1791,30.2,-41.30813785948937,-78.70754028409411,-55.9248320262614,-13.714285714285715,777,greek_tourism_Stays
EL422,2020,64183,18912,83095,2145,25.6,-44.07490023177596,-21.33438708872343,-40.13630436505364,6.224066390041493,786,greek_tourism_Stays
EL422,2021,35147,20476,55623,1067,29.6,51.13089095287238,135.57294063506674,74.10479529235006,48.74371859296484,211,greek_tourism_Stays
EL422,2021,112964,955672,1068636,12935,48.5,44.92039666961731,122.59821208126225,110.66206692622345,64.40677966101694,400,greek_tourism_Stays
EL422,2021,33908,79556,113464,1960,31.3,-9.87906976744186,77.4654799348636,37.60884857011182,37.280701754385966,625,greek_tourism_Stays
EL422,2021,90449,929803,1020252,10699,55.3,47.30387766070061,162.36494513153477,145.37321186351,35.53921568627451,634,greek_tourism_Stays
EL422,2021,63437,189266,252703,4259,37.8,-19.87343850652385,104.89320472432422,47.31089399804132,72.6027397260274,643,greek_tourism_Stays
EL422,2021,88492,266367,354859,5110,46.2,43.16082377493407,170.94874324832924,121.61789135783964,105.33333333333334,679,greek_tourism_Stays
EL422,2021,102924,63302,166226,1933,44.4,26.33517043292541,233.8360932391098,65.51264051936155,47.01986754966888,778,greek_tourism_Stays
EL422,2021,58947,17094,76041,1538,27.5,-8.157923437670412,-9.612944162436548,-8.489078765268667,7.421874999999995,787,greek_tourism_Stays
EL422,2022,51548,34787,86335,1331,37.9,46.66401115315674,69.89158038679429,55.21456951261169,28.040540540540533,212,greek_tourism_Stays
EL422,2022,172191,1817144,1989335,20278,51.2,52.42997769200808,90.14306163620992,86.15646487672134,5.5670103092783565,401,greek_tourism_Stays
EL422,2022,43814,107353,151167,3044,29.8,29.21434469741654,34.940167932022725,33.22904181061835,-4.792332268370607,626,greek_tourism_Stays
EL422,2022,122513,1914844,2037357,16958,63.3,35.44981149598116,105.94082832600024,99.6915467943214,14.466546112115733,635,greek_tourism_Stays
EL422,2022,116376,440153,556529,7945,41.9,83.45129813831045,132.55788150011097,120.23046817805884,10.846560846560852,644,greek_tourism_Stays
EL422,2022,131987,450382,582369,7626,48.2,49.15133571396285,69.08325731040257,64.1127884596417,4.329004329004329,680,greek_tourism_Stays
EL422,2022,104858,80509,185367,2512,38.5,1.879056391123548,27.18239550093204,11.515045781045083,-13.288288288288284,779,greek_tourism_Stays
EL422,2022,106534,24864,131398,2336,30.1,80.72845098139007,45.45454545454545,72.79888481214081,9.45454545454546,788,greek_tourism_Stays
EL422,2023,55796,37454,93250,1384,37.4,8.240862885077986,7.666657084543077,8.009497886141194,-1.3192612137203166,213,greek_tourism_Stays
EL422,2023,199271,2165283,2364554,20458,54.9,15.72672207025919,19.158580717873765,18.8615291039468,7.226562499999992,402,greek_tourism_Stays
EL422,2023,52307,136623,188930,2947,35.8,19.384215091066785,27.26519053962162,24.980981298828446,20.13422818791945,627,greek_tourism_Stays
EL422,2023,130233,2051848,2182081,17298,63.4,6.301372099287423,7.15483872315447,7.103516958490828,0.1579778830963687,636,greek_tourism_Stays
EL422,2023,130592,512496,643088,7725,44.7,12.215577094933664,16.43587570685648,15.553367389659838,6.682577565632469,645,greek_tourism_Stays
EL422,2023,140209,560622,700831,7690,51.0,6.229401380438983,24.476999524847795,20.34139866648122,5.809128630705388,681,greek_tourism_Stays
EL422,2023,115124,95634,210758,2279,41.5,9.790383184878598,18.78671949719907,13.697691606380854,7.792207792207792,780,greek_tourism_Stays
EL422,2023,118136,34120,152256,2193,31.8,10.890419959825032,37.22651222651223,15.873909800758002,5.647840531561459,789,greek_tourism_Stays
EL651,2015,409304,441883,851187,9750,35.0,,,,,214,greek_tourism_Stays
EL651,2015,93520,17181,110701,3154,12.4,,,,,223,greek_tourism_Stays
EL651,2016,429544,539136,968680,9873,38.8,4.944979770537302,22.008767026565856,13.803429798622394,10.857142857142849,215,greek_tourism_Stays
EL651,2016,98355,11414,109769,2967,12.4,5.170017108639864,-33.56614865258134,-0.8419074805105645,0.0,224,greek_tourism_Stays
EL651,2017,474394,554242,1028636,10644,39.0,10.441305198070513,2.801890432098765,6.189453689556923,0.5154639175257806,216,greek_tourism_Stays
EL651,2017,97834,14548,112382,2971,12.4,-0.5297137918763661,27.457508323111966,2.380453497799925,0.0,225,greek_tourism_Stays
EL651,2018,501107,758153,1259260,11392,40.9,5.630973410287651,36.79096856607764,22.42037027675485,4.871794871794869,217,greek_tourism_Stays
EL651,2018,113040,28994,142034,3531,12.2,15.54265388310812,99.29887269727796,26.385008275346586,-1.6129032258064602,226,greek_tourism_Stays
EL651,2019,522140,705603,1227743,11517,39.0,4.197307161943457,-6.931318612470043,-2.502819115988755,-4.645476772616133,218,greek_tourism_Stays
EL651,2019,126952,22970,149922,3733,12.1,12.307147912243453,-20.776712423259987,5.553599842291282,-0.8196721311475381,227,greek_tourism_Stays
EL651,2020,272344,108394,380738,8229,24.9,-47.8408089784349,-84.63810386293709,-68.98878674119909,-36.15384615384616,219,greek_tourism_Stays
EL651,2020,59371,8864,68235,3139,10.8,-53.23350557691096,-61.410535481062254,-54.48633289310442,-10.743801652892554,228,greek_tourism_Stays
EL651,2021,409818,238976,648794,8532,36.7,50.47807185030696,120.46976769931914,70.4043200310975,47.38955823293175,220,greek_tourism_Stays
EL651,2021,72185,18642,90827,2207,16.7,21.582927691970827,110.31137184115522,33.10910822891478,54.62962962962962,229,greek_tourism_Stays
EL651,2022,460836,537870,998706,11387,43.6,12.44894074930823,125.07281065881092,53.932681251676186,18.801089918256125,221,greek_tourism_Stays
EL651,2022,115275,18795,134070,3506,16.7,59.69384221098566,0.8207273897650467,47.61029209376066,0.0,230,greek_tourism_Stays
EL651,2023,517542,603192,1120734,11977,43.4,12.305028253001067,12.14457024931675,12.218610882481933,-0.4587155963302817,222,greek_tourism_Stays
EL651,2023,131758,22362,154120,3182,18.5,14.298850574712644,18.97845171588188,14.954874319385397,10.77844311377246,231,greek_tourism_Stays
EL541,2015,48776,4453,53229,662,22.9,,,,,232,greek_tourism_Stays
EL541,2015,104432,164896,269328,4836,29.3,,,,,709,greek_tourism_Stays
EL541,2016,49565,5401,54966,678,23.5,1.6175988190913566,21.289018639119696,3.26325874992955,2.620087336244548,233,greek_tourism_Stays
EL541,2016,113839,182941,296780,5193,30.5,9.007775394515091,10.943261207063848,10.19277609457613,4.0955631399317385,710,greek_tourism_Stays
EL541,2017,50597,6251,56848,721,22.4,2.082114395238576,15.737826328457691,3.423934796055744,-4.6808510638297935,234,greek_tourism_Stays
EL541,2017,128314,218270,346584,5348,33.0,12.715326030622196,19.31169065436397,16.781454275894603,8.19672131147541,711,greek_tourism_Stays
EL541,2018,44650,6339,50989,727,19.9,-11.753661284265863,1.407774756039034,-10.306431184914157,-11.160714285714286,235,greek_tourism_Stays
EL541,2018,144941,263092,408033,5633,29.8,12.958056018828811,20.535117056856187,17.729900976386677,-9.696969696969694,712,greek_tourism_Stays
EL541,2019,46980,8005,54985,758,20.8,5.218365061590145,26.281747909764945,7.836984447625958,4.522613065326644,236,greek_tourism_Stays
EL541,2019,143029,259032,402061,5650,30.1,-1.3191574502728696,-1.543186413878035,-1.4636071102092232,1.0067114093959757,713,greek_tourism_Stays
EL541,2020,31361,2793,34154,710,17.7,-33.24606215410813,-65.10930668332293,-37.88487769391652,-14.90384615384616,237,greek_tourism_Stays
EL541,2020,142668,72408,215076,4830,28.4,-0.2523963671702941,-72.04669693319744,-46.50662461666265,-5.647840531561471,714,greek_tourism_Stays
EL541,2021,30069,3967,34036,584,22.4,-4.119766589075604,42.03365556749015,-0.34549393921649,26.55367231638418,238,greek_tourism_Stays
EL541,2021,124192,106676,230868,4485,29.5,-12.950346258446183,47.32626229145951,7.342520783351001,3.8732394366197234,715,greek_tourism_Stays
EL541,2022,47410,8206,55616,758,25.1,57.6706907446207,106.85656667506932,63.40345516511928,12.053571428571445,239,greek_tourism_Stays
EL541,2022,141831,237479,379310,6089,34.8,14.203008245297603,122.61708350519328,64.29734740197863,17.966101694915245,716,greek_tourism_Stays
EL541,2023,57750,11319,69069,796,30.6,21.809744779582367,37.93565683646112,24.189082278481013,21.91235059760956,240,greek_tourism_Stays
EL541,2023,158068,290635,448703,5993,38.6,11.44813193166515,22.383452852673287,18.294534813213467,10.91954022988507,717,greek_tourism_Stays
EL531,2015,7057,296,7353,1109,2.2,,,,,268,greek_tourism_Stays
EL531,2015,120298,9584,129882,1476,26.6,,,,,520,greek_tourism_Stays
EL531,2016,4243,160,4403,1109,1.3,-39.875301119455855,-45.94594594594595,-40.11967904256765,-40.909090909090914,269,greek_tourism_Stays
EL531,2016,111628,8732,120360,1440,25.4,-7.207102362466541,-8.889816360601003,-7.331269921929135,-4.511278195488732,521,greek_tourism_Stays
EL531,2017,11592,9981,21573,1154,6.0,173.2029224605232,6138.125,389.96138996139,361.5384615384616,270,greek_tourism_Stays
EL531,2017,105300,8914,114214,1436,23.8,-5.668828609309492,2.0842876775080166,-5.106347623795281,-6.299212598425188,522,greek_tourism_Stays
EL531,2018,8420,876,9296,985,3.0,-27.363699102829536,-91.2233243162008,-56.90909933713439,-50.0,271,greek_tourism_Stays
EL531,2018,104604,18034,122638,1782,20.1,-0.6609686609686609,102.31097150549698,7.375628206699704,-15.546218487394956,523,greek_tourism_Stays
EL531,2019,12120,1530,13650,1031,4.3,43.94299287410927,74.65753424657534,46.83734939759036,43.33333333333333,272,greek_tourism_Stays
EL531,2019,97753,13624,111377,1762,18.2,-6.5494627356506445,-24.453809470999225,-9.182308909147247,-9.45273631840797,524,greek_tourism_Stays
EL531,2020,7732,986,8718,640,7.7,-36.20462046204621,-35.55555555555556,-36.13186813186813,79.06976744186048,273,greek_tourism_Stays
EL531,2020,61597,11918,73515,1487,18.8,-36.98710014014915,-12.522019964768056,-33.994451278091525,3.2967032967033045,525,greek_tourism_Stays
EL531,2021,6061,306,6367,377,7.2,-21.61148473874806,-68.96551724137932,-26.9671943106217,-6.493506493506493,274,greek_tourism_Stays
EL531,2021,79961,12189,92150,1316,22.5,29.81314025033687,2.273871454942104,25.3485683193906,19.68085106382978,526,greek_tourism_Stays
EL531,2022,9873,1036,10909,1313,6.5,62.89391189572677,238.562091503268,71.33657923668918,-9.722222222222223,275,greek_tourism_Stays
EL531,2022,99786,13874,113660,1776,23.7,24.79333675166644,13.82393961768808,23.342376559956595,5.33333333333333,527,greek_tourism_Stays
EL531,2023,12221,2010,14231,1168,9.3,23.782031803909653,94.01544401544402,30.45192043267027,43.07692307692309,276,greek_tourism_Stays
EL531,2023,112059,17320,129379,1731,26.4,12.299320545968373,24.83782614963241,13.829843392574343,11.392405063291136,528,greek_tourism_Stays
EL515,2015,79656,691924,771580,10355,52.9,,,,,367,greek_tourism_Stays
EL515,2015,139366,189142,328508,3068,37.1,,,,,430,greek_tourism_Stays
EL515,2016,96946,650945,747891,9999,50.8,21.70583509089083,-5.922471254068365,-3.070193628658078,-3.969754253308131,368,greek_tourism_Stays
EL515,2016,145881,177113,322994,3018,37.0,4.674741328588034,-6.359772023136056,-1.6784979361233212,-0.269541778975745,431,greek_tourism_Stays
EL515,2017,75376,727868,803244,10086,52.0,-22.24949972149444,11.817127407077404,7.401212208730952,2.362204724409455,369,greek_tourism_Stays
EL515,2017,143348,195906,339254,3115,38.0,-1.736346748377102,10.6107400360222,5.034149241162375,2.702702702702702,432,greek_tourism_Stays
EL515,2018,116250,894569,1010819,12210,45.1,54.22680959456591,22.90264168777855,25.84208534393036,-13.269230769230766,370,greek_tourism_Stays
EL515,2018,142492,230987,373479,3301,38.0,-0.5971481987889611,17.907057466335896,10.08831141268784,0.0,433,greek_tourism_Stays
EL515,2019,117515,895558,1013073,12378,44.6,1.0881720430107529,0.1105560331288028,0.2229874982563643,-1.1086474501108647,371,greek_tourism_Stays
EL515,2019,133350,245977,379327,3327,38.7,-6.41579878168599,6.489542701537316,1.565817622945333,1.8421052631579025,434,greek_tourism_Stays
EL515,2020,94192,203360,297552,10374,22.1,-19.846828064502404,-77.29236967343265,-70.62877008863133,-50.44843049327354,372,greek_tourism_Stays
EL515,2020,61200,41887,103087,2715,16.5,-54.105736782902135,-82.97117210145663,-72.8237114679419,-57.36434108527132,435,greek_tourism_Stays
EL515,2021,111328,530016,641344,9205,46.3,18.192627824019027,160.6294256490952,115.54014088293812,109.50226244343888,373,greek_tourism_Stays
EL515,2021,92088,91796,183884,2776,26.3,50.47058823529412,119.15152672666936,78.3774869770194,59.3939393939394,436,greek_tourism_Stays
EL515,2022,111933,871450,983383,11536,52.0,0.5434392066685829,64.41956469238664,53.33159739546951,12.311015118790504,374,greek_tourism_Stays
EL515,2022,122282,215463,337745,3318,39.1,32.78820258882808,134.7193777506645,83.67285897631115,48.669201520912544,437,greek_tourism_Stays
EL515,2023,120193,993071,1113264,11183,54.0,7.379414471156853,13.95616501233576,13.20757019391224,3.8461538461538463,375,greek_tourism_Stays
EL515,2023,134183,262667,396850,3369,42.8,9.73242177916619,21.90816984818739,17.499888969488815,9.462915601023008,438,greek_tourism_Stays
EL623,2015,7008,6755,13763,228,26.4,,,,,403,greek_tourism_Stays
EL623,2015,91931,650746,742677,9203,46.4,,,,,502,greek_tourism_Stays
EL623,2016,7040,9968,17008,224,32.7,0.45662100456621,47.56476683937824,23.577708348470537,23.86363636363638,404,greek_tourism_Stays
EL623,2016,79755,690238,769993,8390,50.7,-13.244716145805006,6.068727276080068,3.678045772253618,9.267241379310354,503,greek_tourism_Stays
EL623,2017,8601,11867,20468,227,38.7,22.173295454545457,19.05096308186196,20.343367826904988,18.34862385321101,405,greek_tourism_Stays
EL623,2017,101471,759709,861180,10580,51.1,27.228386934988404,10.064789246607692,11.842575192242007,0.7889546351084784,504,greek_tourism_Stays
EL623,2018,10240,12508,22748,267,33.1,19.05592372979886,5.401533664784697,11.139339456712918,-14.4702842377261,406,greek_tourism_Stays
EL623,2018,95361,1024884,1120245,11064,49.1,-6.021424840594849,34.90481223731719,30.08256113704452,-3.9138943248532287,505,greek_tourism_Stays
EL623,2019,9916,10716,20632,266,28.1,-3.1640625,-14.326830828269909,-9.301916652013364,-15.105740181268882,407,greek_tourism_Stays
EL623,2019,126816,1070186,1197002,12106,48.6,32.98518262182653,4.42020755519649,6.851804739141884,-1.0183299389002036,506,greek_tourism_Stays
EL623,2020,7527,3301,10828,274,21.8,-24.0923759580476,-69.19559537140724,-47.51841799146956,-22.41992882562278,408,greek_tourism_Stays
EL623,2020,50321,166151,216472,6418,27.4,-60.319675750693925,-84.4745679722964,-81.91548552132744,-43.62139917695474,507,greek_tourism_Stays
EL623,2021,8127,7550,15677,228,32.0,7.971303308090873,128.71857013026354,44.78204654599188,46.78899082568807,409,greek_tourism_Stays
EL623,2021,93686,369667,463353,9483,34.2,86.17674529520478,122.488579665485,114.04754425514616,24.8175182481752,508,greek_tourism_Stays
EL623,2022,7494,14167,21661,265,33.3,-7.788851974898487,87.64238410596028,38.17056834853607,4.062499999999991,410,greek_tourism_Stays
EL623,2022,101770,1027364,1129134,11604,54.4,8.628823943812309,177.91607040931433,143.68764203533806,59.0643274853801,509,greek_tourism_Stays
EL623,2023,8255,17220,25475,283,35.6,10.15479049906592,21.5500811745606,17.607682009140852,6.90690690690692,411,greek_tourism_Stays
EL623,2023,108749,1130950,1239699,11910,61.5,6.857620123808587,10.082697077180043,9.792017599328334,13.051470588235295,510,greek_tourism_Stays
EL412,2015,28217,17198,45415,1049,23.4,,,,,412,greek_tourism_Stays
EL412,2015,88238,709162,797400,9751,44.3,,,,,745,greek_tourism_Stays
EL412,2016,29275,9835,39110,1037,20.1,3.749512705106851,-42.81311780439586,-13.883078278101948,-14.102564102564092,413,greek_tourism_Stays
EL412,2016,101513,590020,691533,9454,38.8,15.044538634148552,-16.80039257602635,-13.276523702031604,-12.415349887133184,746,greek_tourism_Stays
EL412,2017,34847,11781,46628,1037,23.1,19.033304867634502,19.7864768683274,19.22270519048837,14.925373134328357,414,greek_tourism_Stays
EL412,2017,108417,741378,849795,10417,44.5,6.801099366583591,25.65302871089116,22.885675737817284,14.690721649484544,747,greek_tourism_Stays
EL412,2018,30134,11910,42044,942,20.1,-13.524837145234883,1.0949834479246243,-9.831002830917049,-12.987012987012983,415,greek_tourism_Stays
EL412,2018,137558,935725,1073283,11648,45.3,26.87862604573084,26.21429284386642,26.299048594072687,1.7977528089887576,748,greek_tourism_Stays
EL412,2019,29935,17065,47000,1022,21.2,-0.6603836198314197,43.28295549958018,11.787651032251926,5.472636815920387,416,greek_tourism_Stays
EL412,2019,148040,897559,1045599,13387,42.9,7.620058448072813,-4.078762456918432,-2.5793756166826456,-5.298013245033109,749,greek_tourism_Stays
EL412,2020,12687,4359,17046,867,13.3,-57.61817270753299,-74.45648989159098,-63.731914893617024,-37.264150943396224,417,greek_tourism_Stays
EL412,2020,110240,103788,214028,5206,24.2,-25.53363955687652,-88.4366375915121,-79.53058486092661,-43.58974358974359,750,greek_tourism_Stays
EL412,2021,15102,11309,26411,793,18.4,19.03523291558288,159.44023858683184,54.93957526692479,38.34586466165412,418,greek_tourism_Stays
EL412,2021,117319,387703,505022,7594,36.5,6.421444121915821,273.5528192083863,135.96071542041227,50.82644628099175,751,greek_tourism_Stays
EL412,2022,29222,15678,44900,1096,22.3,93.49754999337836,38.63294721018657,70.00492219151111,21.195652173913057,419,greek_tourism_Stays
EL412,2022,139829,799505,939334,10723,46.3,19.18700295774768,106.21584047582814,85.9986297626638,26.84931506849314,752,greek_tourism_Stays
EL412,2023,30477,21192,51669,949,25.2,4.294709465471221,35.17030233448144,15.075723830734963,13.004484304932728,420,greek_tourism_Stays
EL412,2023,150653,875268,1025921,10688,46.8,7.740883507712992,9.476238422523936,9.217913968833235,1.0799136069114472,753,greek_tourism_Stays
EL421,2015,45251,80572,125823,3279,19.8,,,,,439,greek_tourism_Stays
EL421,2015,23567,270542,294109,4173,41.4,,,,,457,greek_tourism_Stays
EL421,2015,176561,5619748,5796309,50426,66.5,,,,,538,greek_tourism_Stays
EL421,2015,325471,9808975,10134446,87051,62.8,,,,,736,greek_tourism_Stays
EL421,2016,59141,82338,141479,3403,21.3,30.695454244105104,2.1918284267487467,12.442876103733022,7.575757575757576,440,greek_tourism_Stays
EL421,2016,25525,284902,310427,4287,42.1,8.308227606398779,5.307863474063177,5.548283119523714,1.6908212560386542,458,greek_tourism_Stays
EL421,2016,169418,4730652,4900070,47372,59.5,-4.045627290284944,-15.820922931063814,-15.462236399060162,-10.526315789473683,539,greek_tourism_Stays
EL421,2016,376062,10557226,10933288,89323,64.3,15.543934789889114,7.628228229758971,7.882443697465061,2.388535031847134,737,greek_tourism_Stays
EL421,2017,65549,82120,147669,3382,21.8,10.83512284202161,-0.2647623211639826,4.3752076279871925,2.3474178403755865,441,greek_tourism_Stays
EL421,2017,24186,325275,349461,4579,44.0,-5.245837414299706,14.170837691557098,12.574292828909856,4.513064133016624,459,greek_tourism_Stays
EL421,2017,176915,5835235,6012150,49729,65.8,4.425149629909455,23.34948755478103,22.69518598713896,10.588235294117643,540,greek_tourism_Stays
EL421,2017,427483,11459047,11886530,91321,66.4,13.673543192345944,8.54221554033228,8.718712980029428,3.265940902021786,738,greek_tourism_Stays
EL421,2018,99008,230524,329532,5574,26.7,51.04425696806969,180.71602532878717,123.15584178128113,22.47706422018348,442,greek_tourism_Stays
EL421,2018,39354,536920,576274,6040,45.6,62.713966757628384,65.066482207363,64.90366593124841,3.63636363636364,460,greek_tourism_Stays
EL421,2018,257632,7981305,8238937,61911,67.0,45.62473504225193,36.777781871681256,37.03811448483488,1.8237082066869343,541,greek_tourism_Stays
EL421,2018,594332,14735326,15329658,110394,65.7,39.03055794031576,28.591199599757296,28.966637025271464,-1.0542168674698835,739,greek_tourism_Stays
EL421,2019,86198,236861,323059,5306,26.4,-12.938348416289594,2.7489545557078654,-1.9643008873189856,-1.1235955056179805,443,greek_tourism_Stays
EL421,2019,45304,522207,567511,6483,41.3,15.119174670935609,-2.740259256500037,-1.5206308110378048,-9.429824561403516,461,greek_tourism_Stays
EL421,2019,238493,8345642,8584135,65040,65.7,-7.428813190907961,4.56488005407637,4.189836625768591,-1.9402985074626824,542,greek_tourism_Stays
EL421,2019,609361,14493694,15103055,114555,61.3,2.5287213207432884,-1.6398144160502457,-1.4781999702798327,-6.697108066971088,740,greek_tourism_Stays
EL421,2020,49707,68019,117726,3912,21.7,-42.3339288614585,-71.28315763253555,-63.55897839094406,-17.8030303030303,444,greek_tourism_Stays
EL421,2020,36224,58004,94228,3709,19.8,-20.04238036376479,-88.89252729281684,-83.39626897099792,-52.05811138014528,462,greek_tourism_Stays
EL421,2020,101278,2413382,2514660,38221,51.4,-57.53418339322328,-71.08212885239985,-70.70572631954181,-21.765601217656016,543,greek_tourism_Stays
EL421,2020,205837,3731516,3937353,67638,43.1,-66.22084445837525,-74.25421014132077,-73.93008897868675,-29.690048939641105,741,greek_tourism_Stays
EL421,2021,47166,143836,191002,3417,33.0,-5.111956062526405,111.46444375836164,62.2428350576763,52.073732718894014,445,greek_tourism_Stays
EL421,2021,20219,158002,178221,2841,43.0,-44.18341431095406,172.39845527894627,89.13804813855755,117.17171717171718,463,greek_tourism_Stays
EL421,2021,113902,4459459,4573361,48553,56.5,12.464701119690355,84.78048647085294,81.86796624593384,9.922178988326852,544,greek_tourism_Stays
EL421,2021,426407,8022445,8448852,92093,50.8,107.15760528962235,114.99157447000093,114.58203011007647,17.865429234338738,742,greek_tourism_Stays
EL421,2022,73643,217543,291186,5289,30.1,56.13577577068227,51.24377763564058,52.45180678736349,-8.787878787878784,446,greek_tourism_Stays
EL421,2022,44825,503756,548581,6456,50.5,121.69741332410108,218.82887558385332,207.8094051767188,17.441860465116278,464,greek_tourism_Stays
EL421,2022,203888,7670321,7874209,59163,60.9,79.00300258116627,72.00115529708873,72.17554004593121,7.787610619469023,545,greek_tourism_Stays
EL421,2022,447354,13559213,14006567,105755,57.6,4.912442806989566,69.01596707736856,65.78071198311912,13.385826771653552,743,greek_tourism_Stays
EL421,2023,84294,264490,348784,4935,34.0,14.463017530518854,21.580561084475253,19.78048395183834,12.956810631229231,447,greek_tourism_Stays
EL421,2023,51113,562121,613234,6282,52.3,14.027886224205243,11.585966221742272,11.785497492621872,3.564356435643558,465,greek_tourism_Stays
EL421,2023,232313,8298228,8530541,58330,64.7,13.941477674017108,8.186189339403136,8.335211828896083,6.239737274220039,546,greek_tourism_Stays
EL421,2023,492737,13388546,13881283,103754,57.2,10.144762313514576,-1.2586792463544898,-0.8944661457729078,-0.694444444444442,744,greek_tourism_Stays
EL611,2015,127972,5686,133658,1939,23.1,,,,,448,greek_tourism_Stays
EL611,2015,173395,241731,415126,3947,30.9,,,,,790,greek_tourism_Stays
EL611,2016,175393,5150,180543,2015,31.0,37.055762197980805,-9.426661976785086,35.07833425608643,34.19913419913419,449,greek_tourism_Stays
EL611,2016,179998,179291,359289,4130,25.6,3.808068283399176,-25.830365157964845,-13.450614994001825,-17.15210355987054,791,greek_tourism_Stays
EL611,2017,157317,9705,167022,2008,27.9,-10.305998529017693,88.44660194174757,-7.489074624881607,-10.000000000000004,450,greek_tourism_Stays
EL611,2017,200073,256272,456345,4148,31.2,11.152901698907764,42.936343709388645,27.01335136895368,21.874999999999996,792,greek_tourism_Stays
EL611,2018,118707,13669,132376,1952,22.3,-24.542802112931213,40.844925296239055,-20.74337512423513,-20.07168458781361,451,greek_tourism_Stays
EL611,2018,236222,353387,589609,4461,37.3,18.06790521459667,37.89528313666729,29.202467431438933,19.551282051282044,793,greek_tourism_Stays
EL611,2019,140859,27575,168434,1969,27.7,18.6610730622457,101.73385031823834,27.239076569770955,24.21524663677129,452,greek_tourism_Stays
EL611,2019,246958,372763,619721,4602,38.0,4.544877276460279,5.482940798614551,5.107113358174654,1.876675603217166,794,greek_tourism_Stays
EL611,2020,64067,3330,67397,1321,19.6,-54.51692827579352,-87.92384406165004,-59.98610731799992,-29.24187725631768,453,greek_tourism_Stays
EL611,2020,91573,37373,128946,4272,12.4,-62.91960576292325,-89.9740585841406,-79.19289486720638,-67.36842105263158,795,greek_tourism_Stays
EL611,2021,71245,4245,75490,1180,24.8,11.203895921457224,27.47747747747748,12.007952876240784,26.53061224489796,454,greek_tourism_Stays
EL611,2021,116349,67997,184346,3275,18.4,27.05600995926747,81.94150857570973,42.96372124765406,48.38709677419353,796,greek_tourism_Stays
EL611,2022,116792,19969,136761,1996,34.6,63.93010035791985,370.412249705536,81.16439263478607,39.51612903225807,455,greek_tourism_Stays
EL611,2022,213925,249832,463757,4673,34.6,83.86492363492596,267.4162095386561,151.56878912479797,88.04347826086959,797,greek_tourism_Stays
EL611,2023,115069,27200,142269,1466,37.4,-1.475272278923214,36.21112724723321,4.0274639699914445,8.09248554913294,456,greek_tourism_Stays
EL611,2023,235588,292340,527928,4844,38.3,10.126446184410424,17.014633833936404,13.83720353547224,10.693641618497098,798,greek_tourism_Stays
EL653,2015,181683,75948,257631,4359,20.8,,,,,547,greek_tourism_Stays
EL653,2015,352528,275018,627546,7805,31.7,,,,,610,greek_tourism_Stays
EL653,2016,230404,89487,319891,4911,24.6,26.816488058871773,17.82667088007584,24.16634644122796,18.26923076923077,548,greek_tourism_Stays
EL653,2016,380033,360676,740709,7975,36.5,7.802217128852177,31.146324967820288,18.032622309758967,15.141955835962149,611,greek_tourism_Stays
EL653,2017,233875,111021,344896,5310,24.4,1.5064842624259995,24.06383050051963,7.816725071977642,-0.8130081300813123,549,greek_tourism_Stays
EL653,2017,394955,441721,836676,9610,37.6,3.92650111963961,22.47030575918553,12.956100168892238,3.0136986301369904,612,greek_tourism_Stays
EL653,2018,307212,178040,485252,6809,24.2,31.357349011223945,60.366056872123295,40.69516607904992,-0.8196721311475381,550,greek_tourism_Stays
EL653,2018,694189,599316,1293505,10874,40.5,75.76407438822145,35.67749778706469,54.60046660834063,7.712765957446805,613,greek_tourism_Stays
EL653,2019,285912,184930,470842,7611,22.1,-6.933322917073552,3.869916872612896,-2.969591057842111,-8.677685950413215,551,greek_tourism_Stays
EL653,2019,581777,637545,1219322,11301,36.1,-16.19328453778438,6.378771799851831,-5.735037746278522,-10.864197530864194,614,greek_tourism_Stays
EL653,2020,222035,53222,275257,6221,22.1,-22.34148968913512,-71.22046179635538,-41.53941237187846,0.0,552,greek_tourism_Stays
EL653,2020,364690,135741,500431,9517,24.9,-37.31446928977942,-78.70879702609228,-58.95825712978196,-31.024930747922447,615,greek_tourism_Stays
EL653,2021,229047,103808,332855,5551,26.8,3.158060666111199,95.04716094847994,20.92517174858405,21.26696832579185,553,greek_tourism_Stays
EL653,2021,393775,305700,699475,9590,33.8,7.97526666483863,125.20830110283552,39.774514368614255,35.7429718875502,616,greek_tourism_Stays
EL653,2022,279629,162827,442456,6895,26.9,22.08367714923138,56.8539996917386,32.92755103573628,0.373134328358201,554,greek_tourism_Stays
EL653,2022,521939,626510,1148449,11755,41.3,32.547520792330644,104.94275433431469,64.18728331963258,22.18934911242604,617,greek_tourism_Stays
EL653,2023,320592,214560,535152,6606,30.7,14.649052852171984,31.771757755163456,20.95033178440342,14.126394052044612,555,greek_tourism_Stays
EL653,2023,610211,716323,1326534,11857,44.2,16.912321171631167,14.33544556351854,15.506565811803572,7.021791767554493,618,greek_tourism_Stays
EL411,2015,116539,467484,584023,7148,39.8,,,,,574,greek_tourism_Stays
EL411,2015,37142,104170,141312,1778,37.7,,,,,592,greek_tourism_Stays
EL411,2016,109367,356496,465863,6922,31.0,-6.15416298406542,-23.74156120851195,-20.232079900962805,-22.11055276381909,575,greek_tourism_Stays
EL411,2016,41187,92230,133417,1788,35.0,10.89063593775241,-11.462033214937122,-5.58692821557971,-7.161803713527859,593,greek_tourism_Stays
EL411,2017,134514,384029,518543,7282,32.5,22.99322464728849,7.7232283111170945,11.308045498354668,4.838709677419355,576,greek_tourism_Stays
EL411,2017,47686,99479,147165,1797,36.2,15.779250734455047,7.859698579637862,10.30453390497463,3.4285714285714364,594,greek_tourism_Stays
EL411,2018,133719,463702,597421,7313,33.8,-0.5910165484633569,20.746610282035995,15.211467515712291,3.999999999999991,577,greek_tourism_Stays
EL411,2018,56964,105973,162937,1895,33.8,19.456444239399403,6.528010936981675,10.71722216559644,-6.6298342541436615,595,greek_tourism_Stays
EL411,2019,139863,411283,551146,7394,31.3,4.59470980189801,-11.30445846686018,-7.745794004562946,-7.396449704142002,578,greek_tourism_Stays
EL411,2019,59346,118220,177566,1941,37.6,4.181588371603118,11.556717277042264,8.978316772740385,11.242603550295872,596,greek_tourism_Stays
EL411,2020,74315,52020,126335,3900,17.2,-46.86586159313042,-87.35177481199077,-77.0777616094465,-45.04792332268371,579,greek_tourism_Stays
EL411,2020,36393,26489,62882,1568,24.0,-38.67657466383581,-77.59346980206395,-64.58668889314396,-36.17021276595745,597,greek_tourism_Stays
EL411,2021,107538,148407,255945,5187,24.3,44.70564488999529,185.2883506343714,102.59231408556614,41.27906976744188,580,greek_tourism_Stays
EL411,2021,32241,38746,70987,1570,24.0,-11.408787404171132,46.272037449507344,12.889221080754428,0.0,598,greek_tourism_Stays
EL411,2022,144082,334946,479028,7041,31.5,33.98240621919694,125.69420579891784,87.16052276856355,29.629629629629623,581,greek_tourism_Stays
EL411,2022,50846,95359,146205,2161,32.4,57.70602648801216,146.11314716357816,105.96024624226972,34.99999999999999,599,greek_tourism_Stays
EL411,2023,180897,386694,567591,7063,36.2,25.55142210685582,15.44965457118461,18.488063328239683,14.920634920634928,582,greek_tourism_Stays
EL411,2023,55563,106142,161705,2504,37.4,9.277032608268104,11.307794754559088,10.601552614479669,15.432098765432102,600,greek_tourism_Stays
EL613,2015,439257,112985,552242,9908,21.6,,,,,601,greek_tourism_Stays
EL613,2015,112063,562435,674498,9243,44.7,,,,,763,greek_tourism_Stays
EL613,2016,474030,118324,592354,9864,23.2,7.916322335216058,4.725406027348763,7.263482313913102,7.407407407407398,602,greek_tourism_Stays
EL613,2016,137051,559778,696829,9236,45.6,22.29817156420942,-0.472410145172331,3.310758519669444,2.013422818791943,764,greek_tourism_Stays
EL613,2017,503232,134276,637508,9783,24.2,6.160369596860958,13.48162671985396,7.622806632520418,4.310344827586207,603,greek_tourism_Stays
EL613,2017,131624,579725,711349,9335,45.1,-3.959839767677726,3.563376910132231,2.0837249884835445,-1.0964912280701753,765,greek_tourism_Stays
EL613,2018,554457,177440,731897,10414,23.9,10.179201640595192,32.14572969108404,14.80593184712976,-1.2396694214876065,604,greek_tourism_Stays
EL613,2018,132417,756067,888484,11434,42.0,0.6024737130006685,30.41821553322696,24.90127911896973,-6.8736141906873645,766,greek_tourism_Stays
EL613,2019,544029,181302,725331,10490,23.7,-1.8807590128720533,2.1765103697024344,-0.8971207697257948,-0.8368200836820056,605,greek_tourism_Stays
EL613,2019,148796,724090,872886,11868,40.5,12.36925772370617,-4.229387078129319,-1.7555746642595702,-3.571428571428571,767,greek_tourism_Stays
EL613,2020,343038,57504,400542,8734,22.8,-36.94490551055183,-68.28275474070887,-44.77803926758956,-3.797468354430374,606,greek_tourism_Stays
EL613,2020,109007,104768,213775,7383,23.9,-26.740638189198638,-85.53108039055918,-75.5094021441517,-40.98765432098766,768,greek_tourism_Stays
EL613,2021,406778,137636,544414,7497,33.1,18.58103183903824,139.350306065665,35.919329308786594,45.17543859649123,607,greek_tourism_Stays
EL613,2021,129856,302137,431993,8287,35.4,19.12629464162852,188.3867211362248,102.078353408958,48.11715481171549,769,greek_tourism_Stays
EL613,2022,496663,214354,711017,9600,31.0,22.096819395345864,55.739777383824,30.602262248950247,-6.344410876132935,608,greek_tourism_Stays
EL613,2022,132094,749194,881288,10891,48.6,1.7234475110892065,147.964996011743,104.00515749097788,37.28813559322035,770,greek_tourism_Stays
EL613,2023,573510,221315,794825,9664,35.8,15.472664563295432,3.247431818393872,11.787059943714423,15.483870967741924,609,greek_tourism_Stays
EL613,2023,139693,806825,946518,10643,47.6,5.752721546777295,7.692400099306722,7.401666651537295,-2.05761316872428,771,greek_tourism_Stays
EL307,2015,168962,128486,297448,6607,22.4,,,,,646,greek_tourism_Stays
EL307,2015,186011,197237,383248,2931,37.2,,,,,682,greek_tourism_Stays
EL307,2016,185199,133169,318368,6705,23.5,9.609853103064594,3.644755070591348,7.033162098921491,4.910714285714293,647,greek_tourism_Stays
EL307,2016,190355,202342,392697,2797,40.0,2.3353457591217723,2.5882567672394123,2.465505364672484,7.526881720430099,683,greek_tourism_Stays
EL307,2017,187194,145635,332829,6683,24.1,1.0772196394148996,9.361037478692488,4.542227862096693,2.553191489361708,648,greek_tourism_Stays
EL307,2017,193282,217831,411113,2867,40.7,1.537653331932442,7.654861571003549,4.689620750858805,1.750000000000007,684,greek_tourism_Stays
EL307,2018,239078,209183,448261,8070,23.7,27.716700321591503,43.63511518522333,34.68207397792861,-1.659751037344407,649,greek_tourism_Stays
EL307,2018,194679,270901,465580,3050,43.2,0.7227781169482932,24.3629235508261,13.248668857467411,6.142506142506142,685,greek_tourism_Stays
EL307,2019,220303,196215,416518,8042,22.0,-7.853085603861501,-6.1993565442698495,-7.081365543734565,-7.172995780590714,650,greek_tourism_Stays
EL307,2019,194520,285915,480435,3195,42.7,-0.0816729077096142,5.5422460603689165,3.19064392800378,-1.1574074074074074,686,greek_tourism_Stays
EL307,2020,129821,59850,189671,6222,20.8,-41.071615002973175,-69.49774482073235,-54.46271229574712,-5.454545454545452,651,greek_tourism_Stays
EL307,2020,94913,88531,183444,2906,24.0,-51.206559736788,-69.03590227864925,-61.81710325017953,-43.79391100702576,687,greek_tourism_Stays
EL307,2021,195066,130320,325386,5110,36.5,50.25766247371381,117.74436090225564,71.5528467715149,75.48076923076923,652,greek_tourism_Stays
EL307,2021,117381,140176,257557,2563,33.7,23.67220507201332,58.335498300030494,40.400885283792334,40.41666666666668,688,greek_tourism_Stays
EL307,2022,216028,181109,397137,7899,28.3,10.746106446023395,38.97252915899325,22.05104091755638,-22.46575342465753,653,greek_tourism_Stays
EL307,2022,198266,270883,469149,3445,46.0,68.90808563566506,93.24492067115628,82.15346505822012,36.49851632047477,689,greek_tourism_Stays
EL307,2023,239189,225415,464604,7301,31.5,10.721295387634935,24.463720742757125,16.988344072700354,11.307420494699643,654,greek_tourism_Stays
EL307,2023,234177,348688,582865,3581,54.6,18.11253568438361,28.72273269271235,24.23878128270549,18.695652173913047,690,greek_tourism_Stays
