geo,year,greek_tourism_Arrivals__Hotel_Arrivals_Natives,greek_tourism_Arrivals__Hotel_Arrivals_Foreign,greek_tourism_Arrivals__Hotel_Arrivals_Total,greek_tourism_Arrivals__Hotel_Beds,greek_tourism_Arrivals__Hotel_Arrivals_Natives_pct_diff,greek_tourism_Arrivals__Hotel_Arrivals_Foreign_pct_diff,greek_tourism_Arrivals__Hotel_Arrivals_Total_pct_diff,greek_tourism_Arrivals__Hotel_Beds_pct_diff,_row_order_,__conflict_file
EL422,2015,11645,4887,16532,1361,,,,,135,greek_tourism_Arrivals
EL422,2015,16913,198416,215329,8851,,,,,324,greek_tourism_Arrivals
EL422,2015,11499,10630,22129,1775,,,,,549,greek_tourism_Arrivals
EL422,2015,26794,237373,264167,8911,,,,,558,greek_tourism_Arrivals
EL422,2015,13252,34551,47803,2761,,,,,567,greek_tourism_Arrivals
EL422,2015,15823,59845,75668,5908,,,,,603,greek_tourism_Arrivals
EL422,2015,25543,4094,29637,1378,,,,,702,greek_tourism_Arrivals
EL422,2015,43921,2088,46009,1638,,,,,711,greek_tourism_Arrivals
EL422,2016,17972,4365,22337,1321,54.332331472735085,-10.681399631675877,35.11371884829422,-2.9390154298310067,136,greek_tourism_Arrivals
EL422,2016,21589,174774,196348,8964,27.64737184414356,-11.915369728247722,-8.814883271644785,1.276691899220427,325,greek_tourism_Arrivals
EL422,2016,12296,12194,24490,1813,6.931037481520132,14.71307619943556,10.669257535360838,2.140845070422535,550,greek_tourism_Arrivals
EL422,2016,33208,288717,321950,10344,23.93819511831007,21.63009272326676,21.873663250898108,16.08124789585905,559,greek_tourism_Arrivals
EL422,2016,28673,21838,50511,2731,116.36734077875036,-36.79488292668808,5.664916427839257,-1.0865628395508875,568,greek_tourism_Arrivals
EL422,2016,21601,53128,74766,5801,36.51646337609809,-11.223995321246552,-1.1920494793043297,-1.8111035883547733,604,greek_tourism_Arrivals
EL422,2016,27314,3766,31080,1465,6.933406412715813,-8.01172447484123,4.868913857677903,6.313497822931785,703,greek_tourism_Arrivals
EL422,2016,31539,2889,34428,1563,-28.191525693859436,38.362068965517246,-25.17116216392445,-4.5787545787545785,712,greek_tourism_Arrivals
EL422,2017,19757,6477,26234,1348,9.932116625862452,48.38487972508591,17.44638939875543,2.043906131718395,137,greek_tourism_Arrivals
EL422,2017,20466,196739,217205,9247,-5.2017230997267125,12.567658805085424,10.62246623342229,3.1570727353859884,326,greek_tourism_Arrivals
EL422,2017,8354,12821,21175,1801,-32.05920624593364,5.141873052320813,-13.536137198856675,-0.6618863761720905,551,greek_tourism_Arrivals
EL422,2017,31768,355542,387310,11264,-4.336304504938569,23.145502343124928,20.301289020034165,8.894044856921887,560,greek_tourism_Arrivals
EL422,2017,20807,30061,50868,2885,-27.433473999930246,37.65454711969961,0.7067767416998277,5.638960087879898,569,greek_tourism_Arrivals
EL422,2017,24582,67412,91994,5981,13.8002870237489,26.886011142900166,23.0425594521574,3.102913290811929,605,greek_tourism_Arrivals
EL422,2017,26465,4930,31395,1351,-3.108296111884016,30.90812533191715,1.0135135135135136,-7.781569965870307,704,greek_tourism_Arrivals
EL422,2017,38246,4202,42448,1511,21.26573448745997,45.44825199030807,23.29499244800744,-3.326935380678183,713,greek_tourism_Arrivals
EL422,2018,20062,8953,29015,1452,1.543756643215063,38.227574494364674,10.600747122055347,7.71513353115727,138,greek_tourism_Arrivals
EL422,2018,73862,528415,602277,17748,260.9010065474445,168.5868079028561,177.2850532906701,91.93251865469882,327,greek_tourism_Arrivals
EL422,2018,21003,39045,60048,2778,151.4124970074216,204.5394275017549,183.5796930342385,54.24764019988895,552,greek_tourism_Arrivals
EL422,2018,44801,499148,543949,13739,41.02556031226391,40.39072739648199,40.442797758901136,21.97265625,561,greek_tourism_Arrivals
EL422,2018,40061,100431,140492,6916,92.5361657134618,234.09068227936527,176.18935283478808,139.72270363951475,570,greek_tourism_Arrivals
EL422,2018,31364,111042,142406,7575,27.58929297860223,64.72141458494036,54.79922603648064,26.651061695368668,606,greek_tourism_Arrivals
EL422,2018,47526,19967,67493,2459,79.58057812204798,305.0101419878296,114.98009237139672,82.01332346410067,705,greek_tourism_Arrivals
EL422,2018,55145,9247,64392,2340,44.185012811797314,120.0618752974774,51.696192989068976,54.86432825943084,714,greek_tourism_Arrivals
EL422,2019,19924,9556,29480,1439,-0.687867610407736,6.73517256785435,1.6026193348268138,-0.8953168044077136,139,greek_tourism_Arrivals
EL422,2019,74010,631537,705547,18836,0.2003736698166852,19.51534305422821,17.146595337361383,6.130268199233716,328,greek_tourism_Arrivals
EL422,2019,15538,40375,55913,2762,-26.020092367756988,3.40632603406326,-6.886157740474287,-0.5759539236861051,553,greek_tourism_Arrivals
EL422,2019,43141,573126,616267,18272,-3.7052744358384855,14.820854736470944,13.294996405913054,32.99366766140185,562,greek_tourism_Arrivals
EL422,2019,40282,117657,157939,7357,0.5516587204513117,17.15207455865221,12.418500697548614,6.376518218623482,571,greek_tourism_Arrivals
EL422,2019,36812,123319,160131,7943,17.370233388598393,11.05617694205796,12.44680701655829,4.858085808580858,607,greek_tourism_Arrivals
EL422,2019,46612,22289,68901,2531,-1.9231578504397595,11.629188160464766,2.086142266605426,2.928019520130134,706,greek_tourism_Arrivals
EL422,2019,55715,8077,63792,2348,1.033638589173996,-12.65275224397102,-0.9317927692881104,0.3418803418803419,715,greek_tourism_Arrivals
EL422,2020,7610,2003,9613,958,-61.8048584621562,-79.03934700711595,-67.39145183175033,-33.42599027102155,140,greek_tourism_Arrivals
EL422,2020,27198,116554,143752,13020,-63.25091203891367,-81.54439090662939,-79.62545372597431,-30.877043958377577,329,greek_tourism_Arrivals
EL422,2020,12227,13572,25799,2399,-21.30904878362724,-66.38513931888545,-53.85867329601345,-13.142650253439536,554,greek_tourism_Arrivals
EL422,2020,20260,89767,110027,8012,-53.03771354396049,-84.33730104723918,-82.14621259940901,-56.151488616462345,563,greek_tourism_Arrivals
EL422,2020,22640,24727,47367,5279,-43.79623653244625,-78.98382586671427,-70.0093073908281,-28.245208644828057,572,greek_tourism_Arrivals
EL422,2020,17537,24004,41541,5681,-52.36064326849941,-80.53503515273397,-74.05811491841055,-28.47790507364976,608,greek_tourism_Arrivals
EL422,2020,24139,5373,29512,1791,-48.21290654767012,-75.89393871416394,-57.167530224525045,-29.237455551165542,707,greek_tourism_Arrivals
EL422,2020,25675,4690,30365,2145,-53.91725747105807,-41.933886343939584,-52.39998745924254,-8.645655877342419,716,greek_tourism_Arrivals
EL422,2021,13060,5686,18746,1067,71.61629434954008,183.8741887169246,95.00676167689586,11.377870563674325,141,greek_tourism_Arrivals
EL422,2021,36365,271180,307545,12935,33.70468416795352,132.66468761260876,113.94137125048697,-0.65284178187404,330,greek_tourism_Arrivals
EL422,2021,12488,24563,37051,1960,2.1346201030506258,80.98290598290599,43.6140935695182,-18.299291371404752,555,greek_tourism_Arrivals
EL422,2021,30772,251962,282734,10699,51.88548864758145,180.6844386021589,156.96783516773155,33.53719420868697,564,greek_tourism_Arrivals
EL422,2021,21138,51294,72432,4259,-6.6342756183745575,107.44125854329276,52.91658749762493,-19.32184125781398,573,greek_tourism_Arrivals
EL422,2021,25897,66792,92689,5110,47.670639219935,178.25362439593405,123.1265496738162,-10.051047350818518,609,greek_tourism_Arrivals
EL422,2021,31545,16215,47760,1933,30.680641285885912,201.78671133445,61.83247492545405,7.928531546621999,708,greek_tourism_Arrivals
EL422,2021,20541,5142,25683,1538,-19.99610516066212,9.637526652452026,-15.419068005927878,-28.2983682983683,717,greek_tourism_Arrivals
EL422,2022,17514,9048,26562,1331,34.104134762634,59.12768202602884,41.69422810199509,24.742268041237114,142,greek_tourism_Arrivals
EL422,2022,63790,608721,672511,20278,75.41592190292864,124.4711999409986,118.67076362808696,56.76845767298029,331,greek_tourism_Arrivals
EL422,2022,16995,36359,53354,3044,36.09064702114029,48.02344990432765,44.00151143019082,55.30612244897959,556,greek_tourism_Arrivals
EL422,2022,48192,540660,588852,16958,56.60990510854023,114.5799763456394,108.27067137309272,58.5007944667726,565,greek_tourism_Arrivals
EL422,2022,35886,102140,138026,7945,69.77008231620778,99.12660350138418,90.55942125027612,86.54613759098379,574,greek_tourism_Arrivals
EL422,2022,37166,111020,148186,7626,43.51469282156234,66.21751107917116,59.874418755192096,49.23679060665362,610,greek_tourism_Arrivals
EL422,2022,36926,21204,58130,2512,17.058170867015374,30.76780758556892,21.712730318257957,29.953440248318675,709,greek_tourism_Arrivals
EL422,2022,47397,8199,55596,2336,130.74339126624798,59.45157526254376,116.47003854689872,51.88556566970091,718,greek_tourism_Arrivals
EL422,2023,19218,10129,29347,1384,9.729359369647138,11.947391688771,10.484903245237556,3.9819684447783614,143,greek_tourism_Arrivals
EL422,2023,77374,719794,797168,20458,21.294873804671575,18.24694728783794,18.53605368536723,0.8876615050793963,332,greek_tourism_Arrivals
EL422,2023,20356,44598,64954,2947,19.776404824948514,22.660139167743885,21.741575139633397,-3.1865965834428382,557,greek_tourism_Arrivals
EL422,2023,52668,598731,651399,17298,9.28784860557769,10.740761291754522,10.621854048215852,2.0049534143177263,566,greek_tourism_Arrivals
EL422,2023,42272,116446,158718,7725,17.79524048375411,14.00626590953593,14.991378435946851,-2.7690371302706107,575,greek_tourism_Arrivals
EL422,2023,41245,143927,185172,7690,10.975084754883497,29.640605296343004,24.959172931316047,0.8392341987936008,611,greek_tourism_Arrivals
EL422,2023,41129,27196,68325,2279,11.382223907274009,28.2588190907376,17.53827627730948,-9.275477707006369,710,greek_tourism_Arrivals
EL422,2023,51654,11802,63456,2193,8.981581112728653,43.94438346139773,14.137707748758904,-6.1215753424657535,719,greek_tourism_Arrivals
EL651,2015,174674,143195,317869,9750,,,,,144,greek_tourism_Arrivals
EL651,2015,45326,5758,51084,3154,,,,,153,greek_tourism_Arrivals
EL651,2016,176620,135166,311786,9873,1.114075363248108,-5.607039351932679,-1.913681422221104,1.2615384615384615,145,greek_tourism_Arrivals
EL651,2016,46567,4260,50827,2967,2.73794290252835,-26.015977770059045,-0.5030929449534101,-5.928979074191503,154,greek_tourism_Arrivals
EL651,2017,192173,156481,348654,10644,8.805910995357264,15.769498246600476,11.824777251063228,7.809176542084472,146,greek_tourism_Arrivals
EL651,2017,53099,5860,58959,2971,14.027100736573107,37.558685446009385,15.999370413362977,0.1348163127738456,155,greek_tourism_Arrivals
EL651,2018,216092,221398,437490,11392,12.446597596956908,41.48554776618247,25.479701939458604,7.027433295753475,147,greek_tourism_Arrivals
EL651,2018,63025,12688,75713,3531,18.69338405619692,116.51877133105802,28.416357129530688,18.848872433524065,156,greek_tourism_Arrivals
EL651,2019,224334,219285,443619,11517,3.814116209762509,-0.954389831886467,1.4009463073441677,1.0972612359550562,148,greek_tourism_Arrivals
EL651,2019,66123,10904,77027,3733,4.915509718365728,-14.060529634300126,1.7355011688877735,5.720758991787029,157,greek_tourism_Arrivals
EL651,2020,120475,39004,159479,8229,-46.29659347223337,-82.21310167134095,-64.0504577125867,-28.549101328470957,149,greek_tourism_Arrivals
EL651,2020,30205,3953,34158,3139,-54.31997943227016,-63.747248716067496,-55.65451075596869,-15.912135012054648,158,greek_tourism_Arrivals
EL651,2021,161810,77564,239374,8532,34.31002282631251,98.86165521484976,50.0975050006584,3.682099890630696,150,greek_tourism_Arrivals
EL651,2021,38794,8558,47352,2207,28.43568945538818,116.49380217556286,38.62638327770947,-29.6909843899331,159,greek_tourism_Arrivals
EL651,2022,197098,157123,354221,11387,21.808293677770223,102.57206951678614,47.97805943836841,33.46225972808251,151,greek_tourism_Arrivals
EL651,2022,60804,8165,68969,3506,56.73557766664948,-4.592194437952793,45.65171481669201,58.858178522881744,160,greek_tourism_Arrivals
EL651,2023,227216,182077,409293,11977,15.280723295010604,15.88182506698574,15.547356029145645,5.181347150259067,152,greek_tourism_Arrivals
EL651,2023,70472,9873,80345,3182,15.900269719097428,20.91855480710349,16.49436703446476,-9.241300627495722,161,greek_tourism_Arrivals
EL541,2015,27952,2429,30381,662,,,,,162,greek_tourism_Arrivals
EL541,2015,43631,31493,75124,4836,,,,,639,greek_tourism_Arrivals
EL541,2016,28849,2460,31309,678,3.209072696050372,1.2762453684643886,3.0545406668641584,2.416918429003021,163,greek_tourism_Arrivals
EL541,2016,44407,38003,82410,5193,1.7785519470101534,20.67126028006224,9.698631595761674,7.382133995037221,640,greek_tourism_Arrivals
EL541,2017,29292,2882,32174,721,1.535581822593504,17.154471544715445,2.762783864064646,6.342182890855458,164,greek_tourism_Arrivals
EL541,2017,51021,45673,96694,5348,14.894048235638529,20.182617161803016,17.332847955345226,2.984787213556711,641,greek_tourism_Arrivals
EL541,2018,27255,3224,30479,727,-6.954117165096273,11.86675919500347,-5.268229004786473,0.8321775312066574,165,greek_tourism_Arrivals
EL541,2018,55979,52238,108217,5633,9.717567276219595,14.3739189455477,11.91697520011583,5.329094988780852,642,greek_tourism_Arrivals
EL541,2019,27758,4054,31812,758,1.845532929737663,25.744416873449133,4.373503067685948,4.264099037138927,166,greek_tourism_Arrivals
EL541,2019,56189,54192,110381,5650,0.3751406777541578,3.740571997396532,1.9996858164613691,0.3017930055032842,643,greek_tourism_Arrivals
EL541,2020,15908,1634,17542,710,-42.69039556163989,-59.69412925505674,-44.85728655853137,-6.33245382585752,167,greek_tourism_Arrivals
EL541,2020,56223,17466,73689,4830,0.0605100642474505,-67.77015057573074,-33.24122810991022,-14.513274336283184,644,greek_tourism_Arrivals
EL541,2021,18248,1878,20126,584,14.709580085491575,14.932680538555692,14.73036141831034,-17.74647887323944,168,greek_tourism_Arrivals
EL541,2021,43847,22953,66800,4485,-22.0123437027551,31.415321195465477,-9.348749474141323,-7.142857142857142,645,greek_tourism_Arrivals
EL541,2022,27452,3946,31398,758,50.4384042086804,110.1171458998935,56.00715492397893,29.794520547945208,169,greek_tourism_Arrivals
EL541,2022,55840,48986,104826,6089,27.351928296120605,113.41872522110398,56.9251497005988,35.76365663322185,646,greek_tourism_Arrivals
EL541,2023,35319,5591,40910,796,28.657292729127203,41.68778509883426,30.294923243518696,5.013192612137203,170,greek_tourism_Arrivals
EL541,2023,62976,60897,123873,5993,12.779369627507164,24.315110439717472,18.17011046877683,-1.576613565445886,647,greek_tourism_Arrivals
EL531,2015,3531,177,3708,1109,,,,,198,greek_tourism_Arrivals
EL531,2015,38096,3101,41197,1476,,,,,450,greek_tourism_Arrivals
EL531,2016,2363,99,2462,1109,-33.07844803171906,-44.06779661016949,-33.60302049622438,0.0,199,greek_tourism_Arrivals
EL531,2016,37747,2472,40219,1440,-0.9161066778664428,-20.28377942599161,-2.373959268878802,-2.4390243902439024,451,greek_tourism_Arrivals
EL531,2017,6418,937,7355,1154,171.60389335590352,846.4646464646465,198.7408610885459,4.05770964833183,200,greek_tourism_Arrivals
EL531,2017,41979,3053,45032,1436,11.211487005589849,23.50323624595469,11.966980780228251,-0.2777777777777778,452,greek_tourism_Arrivals
EL531,2018,5106,635,5741,985,-20.44250545341228,-32.230522945570975,-21.94425560842964,-14.644714038128251,201,greek_tourism_Arrivals
EL531,2018,44055,4724,48779,1782,4.945329807761024,54.73304945954799,8.320749689109967,24.094707520891365,453,greek_tourism_Arrivals
EL531,2019,6785,946,7731,1031,32.88288288288289,48.976377952755904,34.66295070545201,4.67005076142132,202,greek_tourism_Arrivals
EL531,2019,46098,4734,50832,1762,4.637385086823289,0.2116850127011007,4.208778367740216,-1.122334455667789,454,greek_tourism_Arrivals
EL531,2020,3931,524,4455,640,-42.06337509211496,-44.60887949260042,-42.374854481955765,-37.92434529582929,203,greek_tourism_Arrivals
EL531,2020,25465,1958,27423,1487,-44.75899171330644,-58.63962822137727,-46.05169971671388,-15.607264472190693,455,greek_tourism_Arrivals
EL531,2021,3653,80,3733,377,-7.071991859577715,-84.7328244274809,-16.206509539842873,-41.09375,204,greek_tourism_Arrivals
EL531,2021,33196,3354,36550,1316,30.35931670920872,71.29724208375893,33.28228129672173,-11.499663752521856,456,greek_tourism_Arrivals
EL531,2022,5916,820,6736,1313,61.94908294552423,925.0,80.44468256094294,248.27586206896552,205,greek_tourism_Arrivals
EL531,2022,44900,4771,49671,1776,35.25725991083263,42.24806201550388,35.89876880984952,34.954407294832826,457,greek_tourism_Arrivals
EL531,2023,7221,1902,9123,1168,22.058823529411764,131.95121951219514,35.43646080760095,-11.043412033511045,206,greek_tourism_Arrivals
EL531,2023,51492,5880,57372,1731,14.681514476614698,23.244602808635506,15.50401642809688,-2.533783783783784,458,greek_tourism_Arrivals
EL515,2015,22864,106585,129449,10355,,,,,297,greek_tourism_Arrivals
EL515,2015,69148,89297,158445,3068,,,,,360,greek_tourism_Arrivals
EL515,2016,26280,115248,141528,9999,14.940517844646608,8.127785335647605,9.331087918794276,-3.4379526798648,298,greek_tourism_Arrivals
EL515,2016,69815,81805,150870,3018,0.9645976745531324,-8.389979506590366,-4.780838776862634,-1.6297262059973925,361,greek_tourism_Arrivals
EL515,2017,23196,121458,144654,10086,-11.735159817351596,5.388379841732611,2.2087502119721893,0.87008700870087,299,greek_tourism_Arrivals
EL515,2017,70973,86513,157486,3115,1.6586693403996278,5.755149440743232,4.385232319215218,3.214049039098741,362,greek_tourism_Arrivals
EL515,2018,37525,162000,199525,12210,61.77358165200897,33.37943980635281,37.93258395896415,21.058893515764428,300,greek_tourism_Arrivals
EL515,2018,71677,90072,161749,3301,0.9919265072633257,4.113832603192584,2.706907280647169,5.971107544141252,363,greek_tourism_Arrivals
EL515,2019,38227,164416,202643,12378,1.8707528314457027,1.491358024691358,1.5627114396692146,1.375921375921376,301,greek_tourism_Arrivals
EL515,2019,71220,97314,168534,3327,-0.6375824881063661,8.0402344790834,4.194770910484764,0.7876401090578612,364,greek_tourism_Arrivals
EL515,2020,29039,31686,60725,10374,-24.035367672064247,-80.72815297781237,-70.03350720232132,-16.19001454192923,302,greek_tourism_Arrivals
EL515,2020,30754,15483,46237,2715,-56.81830946363381,-84.08964794376965,-72.56517972634602,-18.394950405770967,365,greek_tourism_Arrivals
EL515,2021,30275,80851,111126,9205,4.256344915458522,155.16316354225842,82.99876492383696,-11.26855600539811,303,greek_tourism_Arrivals
EL515,2021,41774,31623,73397,2776,35.832737204916434,104.24336368920753,58.74083526180331,2.246777163904236,366,greek_tourism_Arrivals
EL515,2022,33428,135776,169204,11536,10.414533443435175,67.93360626337336,52.26319673163796,25.32319391634981,304,greek_tourism_Arrivals
EL515,2022,60870,81110,141980,3318,45.71264422846747,156.4905290453151,93.4411488207965,19.524495677233432,367,greek_tourism_Arrivals
EL515,2023,36817,156541,193358,11183,10.138207490726336,15.293571765260433,14.275076239332405,-3.05998613037448,305,greek_tourism_Arrivals
EL515,2023,67006,96902,163908,3369,10.080499425004106,19.46985575144865,15.444428792787718,1.5370705244122964,368,greek_tourism_Arrivals
EL623,2015,2928,2193,5121,228,,,,,333,greek_tourism_Arrivals
EL623,2015,25698,91158,116856,9203,,,,,432,greek_tourism_Arrivals
EL623,2016,2893,2217,5110,224,-1.1953551912568303,1.094391244870041,-0.2148017965241163,-1.7543859649122806,334,greek_tourism_Arrivals
EL623,2016,27508,100893,128401,8390,7.043349677017667,10.679260185611795,9.87968097487506,-8.834075844833206,433,greek_tourism_Arrivals
EL623,2017,3183,2706,5889,227,10.024196335983408,22.056833558863328,15.244618395303329,1.3392857142857142,335,greek_tourism_Arrivals
EL623,2017,33950,112144,146094,10580,23.41864184964374,11.151417838700404,13.779487698693934,26.102502979737785,434,greek_tourism_Arrivals
EL623,2018,3800,3582,7382,267,19.384228715048696,32.37250554323725,25.35235184241807,17.62114537444934,336,greek_tourism_Arrivals
EL623,2018,36135,164654,200789,11064,6.435935198821796,46.82372663718077,37.43822470464222,4.574669187145557,435,greek_tourism_Arrivals
EL623,2019,4027,3408,7435,266,5.973684210526316,-4.857621440536013,0.7179626117583311,-0.3745318352059925,337,greek_tourism_Arrivals
EL623,2019,44514,174755,219269,12106,23.188044831880447,6.134682424963864,9.20369143727993,9.417932031814894,436,greek_tourism_Arrivals
EL623,2020,3174,1322,4496,274,-21.182021355848025,-61.208920187793424,-39.52925353059852,3.007518796992481,338,greek_tourism_Arrivals
EL623,2020,17281,27255,44536,6418,-61.17850563867548,-84.40387971731853,-79.68887530841113,-46.98496613249628,437,greek_tourism_Arrivals
EL623,2021,2987,1914,4901,228,-5.891619407687461,44.78063540090771,9.00800711743772,-16.78832116788321,339,greek_tourism_Arrivals
EL623,2021,29175,67862,97037,9483,68.82703547248423,148.98917629792695,117.8844081192743,47.7563103770645,438,greek_tourism_Arrivals
EL623,2022,3258,3747,7005,265,9.072648141948443,95.7680250783699,42.93001428279943,16.228070175438596,340,greek_tourism_Arrivals
EL623,2022,39031,174600,213631,11604,33.78234790059983,157.28684683622646,120.15416799777404,22.366339765896868,439,greek_tourism_Arrivals
EL623,2023,3367,4155,7522,283,3.34561080417434,10.88871096877502,7.380442541042114,6.79245283018868,341,greek_tourism_Arrivals
EL623,2023,42638,191132,233770,11910,9.241372242576414,9.468499427262314,9.427002635385314,2.637021716649431,440,greek_tourism_Arrivals
EL412,2015,6463,3447,9910,1049,,,,,342,greek_tourism_Arrivals
EL412,2015,19713,104817,124530,9751,,,,,675,greek_tourism_Arrivals
EL412,2016,6732,2050,8782,1037,4.162153798545567,-40.52799535828257,-11.382441977800202,-1.1439466158245948,343,greek_tourism_Arrivals
EL412,2016,20196,89177,109373,9454,2.45015979302998,-14.921243691385936,-12.171364329880353,-3.045841452158753,676,greek_tourism_Arrivals
EL412,2017,7670,2376,10046,1037,13.933452168746284,15.902439024390244,14.39307674789342,0.0,344,greek_tourism_Arrivals
EL412,2017,22687,111122,133809,10417,12.334125569419689,24.608363142962872,22.3418942517806,10.186164586418448,677,greek_tourism_Arrivals
EL412,2018,7576,2359,9935,942,-1.225554106910039,-0.7154882154882155,-1.1049173800517618,-9.161041465766631,345,greek_tourism_Arrivals
EL412,2018,28493,141223,169716,11648,25.591748578481067,27.088245351955507,26.83451785754321,11.817221848900836,678,greek_tourism_Arrivals
EL412,2019,8328,3872,12200,1022,9.926082365364309,64.13734633319204,22.79818822345244,8.492569002123142,346,greek_tourism_Arrivals
EL412,2019,32223,143498,175721,13387,13.0909346155196,1.610927398511574,3.5382639232600344,14.929601648351648,679,greek_tourism_Arrivals
EL412,2020,3682,797,4479,867,-55.78770413064361,-79.4163223140496,-63.28688524590164,-15.16634050880626,347,greek_tourism_Arrivals
EL412,2020,15177,14031,29208,5206,-52.9001024113211,-90.22216337509931,-83.37819611770932,-61.111526107417646,680,greek_tourism_Arrivals
EL412,2021,5539,2896,8435,793,50.43454644215101,263.3626097867001,88.32328644786783,-8.535178777393309,348,greek_tourism_Arrivals
EL412,2021,25374,58881,84255,7594,67.18719114449496,319.6493478725679,188.46548890714877,45.87014982712255,681,greek_tourism_Arrivals
EL412,2022,8348,3332,11680,1096,50.71312511283625,15.05524861878453,38.47065797273267,38.20933165195461,349,greek_tourism_Arrivals
EL412,2022,31175,122925,154100,10723,22.861984708757,108.76853314311916,82.89715743872767,41.2035817750856,682,greek_tourism_Arrivals
EL412,2023,8935,4463,13398,949,7.031624341159559,33.94357743097239,14.70890410958904,-13.412408759124087,350,greek_tourism_Arrivals
EL412,2023,33858,141210,175068,10688,8.60625501202887,14.874923733984136,13.606748864373785,-0.326401193695794,683,greek_tourism_Arrivals
EL421,2015,13222,17624,30846,3279,,,,,369,greek_tourism_Arrivals
EL421,2015,4029,35013,39042,4173,,,,,387,greek_tourism_Arrivals
EL421,2015,37901,773828,811729,50426,,,,,468,greek_tourism_Arrivals
EL421,2015,94265,1515480,1609745,87051,,,,,666,greek_tourism_Arrivals
EL421,2016,19218,17481,36699,3403,45.34866132203902,-0.8113935542442126,18.974907605524216,3.7816407441293074,370,greek_tourism_Arrivals
EL421,2016,4290,38164,42288,4287,6.4780342516753535,8.999514466055466,8.314123251882588,2.731847591660676,388,greek_tourism_Arrivals
EL421,2016,36548,622180,658747,47372,-3.5698266536503,-19.597119773386336,-18.84643766577269,-6.056399476460556,469,greek_tourism_Arrivals
EL421,2016,107901,1694077,1802002,89323,14.465602291412509,11.78484704516061,11.943320215313609,2.6099642738164985,667,greek_tourism_Arrivals
EL421,2017,20099,17427,37526,3382,4.584243937974816,-0.3089068131113781,2.2534673969317964,-0.6171025565677344,371,greek_tourism_Arrivals
EL421,2017,3978,44354,48332,4579,-7.272727272727272,16.219473849701288,14.292470677260688,6.8112899463494285,389,greek_tourism_Arrivals
EL421,2017,39489,827473,866962,49729,8.046951953595272,32.99575685492944,31.607734076967333,4.975512961242928,470,greek_tourism_Arrivals
EL421,2017,114716,1754993,1869709,91321,6.315974828778232,3.5958223858773835,3.757321024061016,2.2368259015035323,668,greek_tourism_Arrivals
EL421,2018,34401,48468,82869,5574,71.15776904323599,178.12015837493544,120.83089058252943,64.81371969248964,372,greek_tourism_Arrivals
EL421,2018,9504,78955,88459,6040,138.91402714932127,78.01100238986336,83.02366961847223,31.906529810002183,390,greek_tourism_Arrivals
EL421,2018,74209,1154572,1228781,61911,87.9232191243131,39.52986985678083,41.73412444836106,24.496772506987877,471,greek_tourism_Arrivals
EL421,2018,181396,2275244,2456640,110394,58.12615502632589,29.644049862307146,31.39156949022549,20.885667042629844,669,greek_tourism_Arrivals
EL421,2019,27789,52119,79908,5306,-19.220371500828463,7.532805149789552,-3.5731093653839188,-4.808037316110513,373,greek_tourism_Arrivals
EL421,2019,10589,79287,89876,6483,11.41624579124579,0.4204926857070483,1.601872053719802,7.3344370860927155,391,greek_tourism_Arrivals
EL421,2019,68229,1229686,1297915,65040,-8.058321766901589,6.505787425989891,5.62622631697593,5.054029170906624,472,greek_tourism_Arrivals
EL421,2019,182613,2236949,2419562,114555,0.6709078480231097,-1.6831161844619742,-1.5092972515305458,3.7692265884015432,670,greek_tourism_Arrivals
EL421,2020,15127,13480,28607,3912,-45.56479182410306,-74.13611159078263,-64.20008009210592,-26.272144741801736,374,greek_tourism_Arrivals
EL421,2020,10073,10895,20968,3709,-4.872981395788082,-86.25878138913062,-76.67007877520139,-42.78883233071109,392,greek_tourism_Arrivals
EL421,2020,29951,405991,435942,38221,-56.102243913878254,-66.98417319543363,-66.41213022424427,-41.23462484624847,473,greek_tourism_Arrivals
EL421,2020,62694,613062,675756,67638,-65.66838067388412,-72.5938320453439,-72.07114345488978,-40.955872724891975,671,greek_tourism_Arrivals
EL421,2021,15890,32919,48809,3417,5.043961129106895,144.20623145400592,70.61907924633832,-12.653374233128831,375,greek_tourism_Arrivals
EL421,2021,6114,29146,35260,2841,-39.30308746153082,167.51720972923357,68.16100724914155,-23.402534375842546,393,greek_tourism_Arrivals
EL421,2021,35444,691246,726690,48553,18.33995526025842,70.2614097356838,66.69419326424158,27.032259752492088,474,greek_tourism_Arrivals
EL421,2021,113046,1438356,1551402,92093,80.31390563690304,134.61835833896083,129.5802035054073,36.15571128655489,672,greek_tourism_Arrivals
EL421,2022,25515,46831,72346,5289,60.57268722466961,42.26130805917555,48.22266385297793,54.78489903424057,376,greek_tourism_Arrivals
EL421,2022,12186,79745,91931,6456,,,,,394,greek_tourism_Arrivals
EL421,2022,63621,1177478,1241099,59163,79.49723507504797,70.34138353060995,70.78795635002547,21.852408708009804,475,greek_tourism_Arrivals
EL421,2022,161051,2101370,2262421,105755,42.465014241989984,46.09526431564925,45.830738905841294,14.835003746213069,673,greek_tourism_Arrivals
EL421,2023,29645,57751,87396,4935,16.18655692729767,23.317887723943542,20.80280872473945,-6.693136698808849,377,greek_tourism_Arrivals
EL421,2023,14011,89130,103141,6282,14.976202199245034,11.768762931845258,12.193928054736704,-2.6951672862453533,395,greek_tourism_Arrivals
EL421,2023,75892,1289002,1364894,58330,19.28765659137706,9.471429614820828,9.974627326264866,-1.407974578706286,476,greek_tourism_Arrivals
EL421,2023,185921,2126828,2312749,103754,15.442313304481187,1.211495357790394,2.2245196627860158,-1.892109120136164,674,greek_tourism_Arrivals
EL611,2015,69066,2825,71891,1939,,,,,378,greek_tourism_Arrivals
EL611,2015,99740,178432,278172,3947,,,,,720,greek_tourism_Arrivals
EL611,2016,82699,2944,85643,2015,19.739090145657777,4.212389380530973,19.12895911866576,3.9195461578133055,379,greek_tourism_Arrivals
EL611,2016,104450,129552,233615,4130,4.722277922598757,-27.394189383070294,-16.017787555900668,4.636432733721814,721,greek_tourism_Arrivals
EL611,2017,80653,5045,85698,2008,-2.4740323341273776,71.36548913043478,0.0642200763635089,-0.347394540942928,380,greek_tourism_Arrivals
EL611,2017,115003,188211,303214,4148,10.103398755385353,45.27834383104853,29.7921794405325,0.4358353510895884,722,greek_tourism_Arrivals
EL611,2018,67273,7582,74855,1952,-16.589587492095767,50.287413280475725,-12.652570655091132,-2.788844621513944,381,greek_tourism_Arrivals
EL611,2018,142698,261622,404320,4461,24.081980470074694,39.00462778477347,33.34476640260674,7.545805207328833,723,greek_tourism_Arrivals
EL611,2019,71700,16218,87918,1969,6.580648997368929,113.9013452914798,17.45107207267384,0.8709016393442622,382,greek_tourism_Arrivals
EL611,2019,151817,286959,438776,4602,6.390418926684327,9.684583100809563,8.521962801741195,3.160726294552791,724,greek_tourism_Arrivals
EL611,2020,31538,1996,33534,1321,-56.01394700139471,-87.69268713774818,-61.85764007370504,-32.910106653123414,383,greek_tourism_Arrivals
EL611,2020,52918,27960,80878,4272,-65.14356099778023,-90.25644778522368,-81.56736011085383,-7.170795306388526,725,greek_tourism_Arrivals
EL611,2021,36930,1864,38794,1180,17.09683556344727,-6.613226452905812,15.685572851434364,-10.673732021196065,384,greek_tourism_Arrivals
EL611,2021,59349,48049,107398,3275,12.152764654748855,71.84907010014307,32.79012834145256,-23.338014981273407,726,greek_tourism_Arrivals
EL611,2022,63048,11620,74668,1996,70.7229894394801,523.3905579399142,92.4730628447698,69.15254237288136,385,greek_tourism_Arrivals
EL611,2022,127702,180724,308426,4673,115.17127500042125,276.1243730358592,187.18039442075272,42.68702290076336,727,greek_tourism_Arrivals
EL611,2023,60225,15325,75550,1466,-4.477540921202893,31.88468158347677,1.1812289066266677,-26.553106212424847,386,greek_tourism_Arrivals
EL611,2023,136804,207446,344250,4844,7.127531283770027,14.786082645359777,11.61510378502461,3.6593194949711103,728,greek_tourism_Arrivals
EL653,2015,89299,38793,128092,4359,,,,,477,greek_tourism_Arrivals
EL653,2015,142345,51991,194336,7805,,,,,540,greek_tourism_Arrivals
EL653,2016,106307,41121,147428,4911,19.04612593646065,6.001082669553785,15.09540018111982,12.663454920853406,478,greek_tourism_Arrivals
EL653,2016,152865,64429,218288,7975,7.390494924303629,23.92337135273413,12.325045282397497,2.1780909673286355,541,greek_tourism_Arrivals
EL653,2017,107820,52464,160284,5310,1.4232364754907956,27.58444590355293,8.720188837941233,8.124618204031766,479,greek_tourism_Arrivals
EL653,2017,166853,87762,254615,9610,9.150557681614496,36.21505843641838,16.641776002345527,20.50156739811912,542,greek_tourism_Arrivals
EL653,2018,140175,80485,220660,6809,30.008347245409016,53.40995730405611,37.6681390531806,28.229755178907723,480,greek_tourism_Arrivals
EL653,2018,312502,143699,456201,10874,87.29180775892551,63.737152754039336,79.1728688411916,13.15296566077003,543,greek_tourism_Arrivals
EL653,2019,141500,87005,228505,7611,0.945247012662743,8.100888364291482,3.555243360826611,11.778528418269936,481,greek_tourism_Arrivals
EL653,2019,241511,150798,392309,11301,-22.716974611362488,4.940187475208595,-14.005230150744955,3.92679786647048,544,greek_tourism_Arrivals
EL653,2020,105527,25274,130801,6221,-25.4226148409894,-70.9510947646687,-42.75792652239557,-18.263040336355274,482,greek_tourism_Arrivals
EL653,2020,136418,32429,168847,9517,-43.514788146295615,-78.49507287895065,-56.960712091744,-15.786213609415094,545,greek_tourism_Arrivals
EL653,2021,109942,49168,159110,5551,4.183763397045306,94.53984331724304,21.64280089601761,-10.769972673203664,483,greek_tourism_Arrivals
EL653,2021,147350,62853,210203,9590,8.013605242709906,93.8172623269296,24.493180216408938,0.7670484396343386,546,greek_tourism_Arrivals
EL653,2022,137709,79497,217206,6895,25.25604409597788,61.68442889684348,36.5131041417887,24.21185372005044,484,greek_tourism_Arrivals
EL653,2022,202749,120389,323138,11755,37.59687818120122,91.54057881087616,53.7266356807467,22.575599582898853,547,greek_tourism_Arrivals
EL653,2023,160578,91928,252506,6606,16.606757728253054,15.637068065461593,16.25185307956502,-4.191443074691806,485,greek_tourism_Arrivals
EL653,2023,244539,141858,386397,11857,20.61169228948108,17.833024611883143,19.57646578242113,0.867715865589111,548,greek_tourism_Arrivals
EL411,2015,41432,90201,131633,7148,,,,,504,greek_tourism_Arrivals
EL411,2015,9608,15120,24728,1778,,,,,522,greek_tourism_Arrivals
EL411,2016,38525,53358,91988,6922,-7.016315891098667,-40.845445172448194,-30.117827596423396,-3.161723559037493,505,greek_tourism_Arrivals
EL411,2016,11201,13185,24386,1788,16.57993338884263,-12.797619047619047,-1.3830475574247816,0.562429696287964,523,greek_tourism_Arrivals
EL411,2017,47000,65531,112531,7282,21.99870214146658,22.81382360658196,22.33226072966039,5.200809014735626,506,greek_tourism_Arrivals
EL411,2017,13146,14974,28120,1797,17.36452102490849,13.568448995070156,15.31206429918806,0.5033557046979865,524,greek_tourism_Arrivals
EL411,2018,48811,72297,121108,7313,3.853191489361702,10.324884405853718,7.621899743181879,0.4257072232903049,507,greek_tourism_Arrivals
EL411,2018,17695,15348,33043,1895,34.60368172828237,2.49766261519968,17.507112375533428,5.45353366722315,525,greek_tourism_Arrivals
EL411,2019,50514,68706,119220,7394,3.4889676507344656,-4.9670110792978965,-1.5589391287115633,1.1076165732257623,508,greek_tourism_Arrivals
EL411,2019,16867,17256,34123,1941,-4.679287934444758,12.43158717748241,3.2684683594104653,2.4274406332453826,526,greek_tourism_Arrivals
EL411,2020,20846,7502,28348,3900,-58.73223264837471,-89.08101184758245,-76.22211038416373,-47.254530700568026,509,greek_tourism_Arrivals
EL411,2020,9929,3177,13106,1568,-41.13357443528784,-81.58901251738526,-61.59188816926999,-19.21689850592478,527,greek_tourism_Arrivals
EL411,2021,32450,20155,52605,5187,55.665355463877965,168.66169021594243,85.56864681811767,33.0,510,greek_tourism_Arrivals
EL411,2021,9485,6295,15780,1570,-4.471749420888306,98.14290210890778,20.402868915000763,0.1275510204081632,528,greek_tourism_Arrivals
EL411,2022,51962,54494,106456,7041,60.12942989214176,170.37459687422475,102.36859614105124,35.743204164256795,511,greek_tourism_Arrivals
EL411,2022,13908,14948,28856,2161,46.63152345809172,137.45830023828435,82.86438529784537,37.64331210191083,529,greek_tourism_Arrivals
EL411,2023,60999,70155,131154,7063,17.391555367383855,28.738943736925165,23.200195385887127,0.3124556170998437,512,greek_tourism_Arrivals
EL411,2023,15029,15888,30917,2504,8.060109289617486,6.288466684506289,7.142362073745495,15.872281351226285,530,greek_tourism_Arrivals
EL613,2015,209698,38730,248428,9908,,,,,531,greek_tourism_Arrivals
EL613,2015,28557,78170,106727,9243,,,,,693,greek_tourism_Arrivals
EL613,2016,221576,42856,264383,9864,5.664336331295482,10.653240382132717,6.4223839502793565,-0.4440855874041178,532,greek_tourism_Arrivals
EL613,2016,36818,77376,114194,9236,28.92810869489092,-1.0157349366764743,6.99635518659758,-0.0757329871253922,694,greek_tourism_Arrivals
EL613,2017,241258,52920,294178,9783,8.882730981694769,23.483292887810343,11.26963533963984,-0.8211678832116789,533,greek_tourism_Arrivals
EL613,2017,34298,90038,124336,9335,-6.844478244337009,16.364247311827956,8.881377305287492,1.071892594196622,695,greek_tourism_Arrivals
EL613,2018,269359,68320,337679,10414,11.647696656691178,29.100529100529094,14.787305644881672,6.449964223653276,534,greek_tourism_Arrivals
EL613,2018,37612,117613,155225,11434,9.66237098373083,30.625957928874477,24.84316690258654,22.48527048741296,696,greek_tourism_Arrivals
EL613,2019,267686,67085,334771,10490,-0.6211041769534339,-1.8076697892271665,-0.8611728890455136,0.7297868254273093,535,greek_tourism_Arrivals
EL613,2019,39372,114932,154304,11868,4.679357651813251,-2.279509918121296,-0.5933322596231277,3.7956970439041458,697,greek_tourism_Arrivals
EL613,2020,157871,23006,180877,8734,-41.02381148061534,-65.70619363494075,-45.96993168464413,-16.739752144899906,536,greek_tourism_Arrivals
EL613,2020,42337,19054,61391,7383,7.530732500253988,-83.42150140952911,-60.21425238490254,-37.7906976744186,698,greek_tourism_Arrivals
EL613,2021,187237,47574,234811,7497,18.601263056546166,106.78953316526125,29.818053152142067,-14.163040989237462,537,greek_tourism_Arrivals
EL613,2021,35129,55220,90349,8287,-17.025297021517822,189.8079143486932,47.16978058673095,12.244345117161046,699,greek_tourism_Arrivals
EL613,2022,233076,69514,302590,9600,24.481806480556727,46.117627275402526,28.865342765032302,28.05122048819528,538,greek_tourism_Arrivals
EL613,2022,39650,115461,155111,10891,12.869708787611374,109.092720028975,71.67981936712083,31.42271026909618,700,greek_tourism_Arrivals
EL613,2023,270274,68745,339019,9664,15.959601160136607,-1.1062519780188165,12.039062758187647,0.6666666666666667,539,greek_tourism_Arrivals
EL613,2023,42478,127505,169983,10643,7.132408575031526,10.431227860489688,9.587972484220977,-2.277109539987145,701,greek_tourism_Arrivals
EL307,2015,65767,35830,101597,6607,,,,,576,greek_tourism_Arrivals
EL307,2015,100235,116517,216752,2931,,,,,612,greek_tourism_Arrivals
EL307,2016,74744,37840,112584,6705,13.649702738455458,5.609824169690204,10.81429569770761,1.4832753140608446,577,greek_tourism_Arrivals
EL307,2016,99686,121715,221401,2797,-0.5477128747443507,4.461151591613241,2.144847567727172,-4.571818491982259,613,greek_tourism_Arrivals
EL307,2017,74011,43297,117308,6683,-0.9806807235363374,14.421247357293868,4.195978114119235,-0.3281133482475764,578,greek_tourism_Arrivals
EL307,2017,104267,130864,235131,2867,4.595429649098168,7.51673992523518,6.201417337771735,2.502681444404719,614,greek_tourism_Arrivals
EL307,2018,97101,64743,161844,8070,31.198065152477334,49.53230015936439,37.96501517373069,20.754152326799343,579,greek_tourism_Arrivals
EL307,2018,104298,158774,263072,3050,0.0297313627513978,21.3274850226189,11.883163002751658,6.382978723404255,615,greek_tourism_Arrivals
EL307,2019,90142,59550,149692,8042,-7.166764502940238,-8.020944349196052,-7.508464941548652,-0.3469640644361834,580,greek_tourism_Arrivals
EL307,2019,104224,163750,267974,3195,-0.0709505455521678,3.1340143852268008,1.863368203381584,4.754098360655737,616,greek_tourism_Arrivals
EL307,2020,49739,18404,68143,6222,-44.82150384948193,-69.09487825356842,-54.47786120834781,-22.631186272071623,581,greek_tourism_Arrivals
EL307,2020,50696,47856,98552,2906,-51.3586122198342,-70.77496183206107,-63.22329778262071,-9.045383411580596,617,greek_tourism_Arrivals
EL307,2021,79926,41363,121289,5110,60.69080600735841,124.75005433601392,77.9918700380083,-17.872066859530698,582,greek_tourism_Arrivals
EL307,2021,60695,79243,139938,2563,19.72344958182105,65.58634236041458,41.99407419433396,-11.803165863730214,618,greek_tourism_Arrivals
EL307,2022,89002,59165,148167,7899,11.355503841052975,43.03846432802263,22.160294833002165,54.57925636007828,583,greek_tourism_Arrivals
EL307,2022,100032,151889,251921,3445,64.81093994562978,91.67497444569236,80.02329603109949,34.41279750292626,619,greek_tourism_Arrivals
EL307,2023,97856,70760,168616,7301,9.948091054133616,19.597735147468946,13.801318782184968,-7.570578554247373,584,greek_tourism_Arrivals
EL307,2023,117933,197416,315349,3581,17.895273512476006,29.97386249168801,25.177734289717808,3.947750362844703,620,greek_tourism_Arrivals
