Year,NUTS,NUTS_el,GFCF_GHI,GFCF_Total
2000,ELLADA,ΕΛΛΑΔΑ,3776.9602914806896,35316.606206535136
2000,ATTIKI,ATTΙΚΗ,2489.5208109111254,13586.756644166027
2000,Attiki,Αττική,2489.5208109111254,13586.756644166027
2000,"NISIA AIGAIOU, KRITI","ΝΗΣΙΑ ΑΙΓΑΙΟΥ, ΚΡΗΤΗ",247.1393154138147,2906.6657305048625
2000,Voreio Aigaio,Βόρειο Αιγαίο,20.235779730440072,453.80372140645636
2000,Notio Aigaio,Νότιο Αιγαίο,105.34953163022531,909.3942748305253
2000,Kriti,Κρήτη,121.5540040531493,1543.4677342678817
2000,VOREIA ELLADA,ΒΟΡΕΙΑ ΕΛΛΑΔΑ,641.9752061552645,9776.339279169504
2000,"Anatoliki Makedonia, Thraki","Ανατολική Μακεδονία, Θράκη",47.826887959861445,1617.5646384076122
2000,Kentriki Makedonia,Κεντρική Μακεδονία,528.2375093725344,6313.302392151953
2000,Dytiki Makedonia,Δυτική Μακεδονία,30.347961901953774,1037.2034727603889
2000,Ipeiros,Ήπειρος,35.5628469209149,808.2687758495518
2000,KENTRIKI ELLADA,ΚΕΝΤΡΙΚΗ ΕΛΛΑΔΑ,398.3249590004851,9046.844552694742
2000,Thessalia,Θεσσαλία,115.3740547662095,2343.4944740400965
2000,Ionia Nisia,Ιόνια Νησιά,44.86337699487342,579.0414380793864
2000,Dytiki Ellada,Δυτική Ελλάδα,100.21374158820711,1516.63185237451
2000,Sterea Ellada,Στερεά Ελλάδα,59.51208520987507,2654.2971704220545
2000,Peloponnisos,Πελοπόννησος,78.36170044132004,1953.3796177786926
2001,ELLADA,ΕΛΛΑΔΑ,3923.5399191132556,37741.65925952436
2001,ATTIKI,ATTΙΚΗ,2548.5778093832296,14912.344012202155
2001,Attiki,Αττική,2548.5778093832296,14912.344012202155
2001,"NISIA AIGAIOU, KRITI","ΝΗΣΙΑ ΑΙΓΑΙΟΥ, ΚΡΗΤΗ",269.7083390107002,3082.197232424072
2001,Voreio Aigaio,Βόρειο Αιγαίο,19.198915779525414,494.4723011779345
2001,Notio Aigaio,Νότιο Αιγαίο,118.66277775394605,1014.1875396892508
2001,Kriti,Κρήτη,131.84664547722875,1573.5373915568875
2001,VOREIA ELLADA,ΒΟΡΕΙΑ ΕΛΛΑΔΑ,697.1861089537878,10216.573180774427
2001,"Anatoliki Makedonia, Thraki","Ανατολική Μακεδονία, Θράκη",45.107584253117054,1707.4320385811243
2001,Kentriki Makedonia,Κεντρική Μακεδονία,583.5252369252012,6487.512091922768
2001,Dytiki Makedonia,Δυτική Μακεδονία,31.735061219660565,1167.058938334866
2001,Ipeiros,Ήπειρος,36.818226555809,854.5701119356683
2001,KENTRIKI ELLADA,ΚΕΝΤΡΙΚΗ ΕΛΛΑΔΑ,408.06766176553754,9530.5448341237
2001,Thessalia,Θεσσαλία,124.77896031315913,2204.4383031115444
2001,Ionia Nisia,Ιόνια Νησιά,49.678424107067094,691.4495430051995
2001,Dytiki Ellada,Δυτική Ελλάδα,94.22113868513702,1711.879734437957
2001,Sterea Ellada,Στερεά Ελλάδα,60.25922614877557,2941.164113680844
2001,Peloponnisos,Πελοπόννησος,79.12991251139864,1981.6131398881578
2002,ELLADA,ΕΛΛΑΔΑ,6346.137063178142,37939.271793257285
2002,ATTIKI,ATTΙΚΗ,4217.416384999591,15155.868877348657
2002,Attiki,Αττική,4217.416384999591,15155.868877348657
2002,"NISIA AIGAIOU, KRITI","ΝΗΣΙΑ ΑΙΓΑΙΟΥ, ΚΡΗΤΗ",398.2369011569887,3330.993790590427
2002,Voreio Aigaio,Βόρειο Αιγαίο,36.56256096332052,492.69330018426706
2002,Notio Aigaio,Νότιο Αιγαίο,164.2087484709427,1195.9172403261043
2002,Kriti,Κρήτη,197.46559172272543,1642.3832500800554
2002,VOREIA ELLADA,ΒΟΡΕΙΑ ΕΛΛΑΔΑ,1062.0022129152023,10037.691107914696
2002,"Anatoliki Makedonia, Thraki","Ανατολική Μακεδονία, Θράκη",82.6603882142391,1622.053778345392
2002,Kentriki Makedonia,Κεντρική Μακεδονία,870.8869028980381,6460.0737955448885
2002,Dytiki Makedonia,Δυτική Μακεδονία,49.62607510894353,1005.0045362372488
2002,Ipeiros,Ήπειρος,58.82884669398155,950.5589977871662
2002,KENTRIKI ELLADA,ΚΕΝΤΡΙΚΗ ΕΛΛΑΔΑ,668.4815641063624,9414.718017403504
2002,Thessalia,Θεσσαλία,187.28292667989462,2205.713435925332
2002,Ionia Nisia,Ιόνια Νησιά,76.32843680609558,714.9282211345064
2002,Dytiki Ellada,Δυτική Ελλάδα,171.21935938866983,1765.8182437312155
2002,Sterea Ellada,Στερεά Ελλάδα,102.27799627877499,2648.009058286229
2002,Peloponnisos,Πελοπόννησος,131.3728449529273,2080.2490583262197
2003,ELLADA,ΕΛΛΑΔΑ,6326.21084251439,43311.61652147122
2003,ATTIKI,ATTΙΚΗ,4262.487750092742,16288.055394834699
2003,Attiki,Αττική,4262.487750092742,16288.055394834699
2003,"NISIA AIGAIOU, KRITI","ΝΗΣΙΑ ΑΙΓΑΙΟΥ, ΚΡΗΤΗ",407.65543358080487,4142.240945064507
2003,Voreio Aigaio,Βόρειο Αιγαίο,35.49476801249749,635.2073947281184
2003,Notio Aigaio,Νότιο Αιγαίο,168.53158682150757,1365.5147129873021
2003,Kriti,Κρήτη,203.62907874679985,2141.5188373490864
2003,VOREIA ELLADA,ΒΟΡΕΙΑ ΕΛΛΑΔΑ,1016.9873595391059,11621.563271861789
2003,"Anatoliki Makedonia, Thraki","Ανατολική Μακεδονία, Θράκη",86.81422642827205,1821.3398383731897
2003,Kentriki Makedonia,Κεντρική Μακεδονία,815.9073045195572,7584.659036701994
2003,Dytiki Makedonia,Δυτική Μακεδονία,52.72996176638087,1164.0743691831826
2003,Ipeiros,Ήπειρος,61.535866824895635,1051.4900276034225
2003,KENTRIKI ELLADA,ΚΕΝΤΡΙΚΗ ΕΛΛΑΔΑ,639.0802993017372,11259.756909710228
2003,Thessalia,Θεσσαλία,186.3680272485913,2708.7001624908817
2003,Ionia Nisia,Ιόνια Νησιά,68.05829703063127,777.6937757895709
2003,Dytiki Ellada,Δυτική Ελλάδα,151.52341962726962,1950.66144696288
2003,Sterea Ellada,Στερεά Ελλάδα,96.37896096314861,3354.192094468826
2003,Peloponnisos,Πελοπόννησος,136.75159443209645,2468.5094299980706
2004,ELLADA,ΕΛΛΑΔΑ,6155.785718695536,47311.16063684455
2004,ATTIKI,ATTΙΚΗ,4045.596162270659,16901.030725842516
2004,Attiki,Αττική,4045.596162270659,16901.030725842516
2004,"NISIA AIGAIOU, KRITI","ΝΗΣΙΑ ΑΙΓΑΙΟΥ, ΚΡΗΤΗ",374.7732033828378,4512.186799704705
2004,Voreio Aigaio,Βόρειο Αιγαίο,36.599385462964804,657.7620461410974
2004,Notio Aigaio,Νότιο Αιγαίο,153.49811829120324,1320.285135444845
2004,Kriti,Κρήτη,184.67569962866972,2534.1396181187624
2004,VOREIA ELLADA,ΒΟΡΕΙΑ ΕΛΛΑΔΑ,1062.799431373829,13526.227880664514
2004,"Anatoliki Makedonia, Thraki","Ανατολική Μακεδονία, Θράκη",76.93255435913505,2146.2686922440075
2004,Kentriki Makedonia,Κεντρική Μακεδονία,886.1392597387952,8787.172032105267
2004,Dytiki Makedonia,Δυτική Μακεδονία,45.21374286818378,1312.8934412861543
2004,Ipeiros,Ήπειρος,54.513874407715186,1279.8937150290876
2004,KENTRIKI ELLADA,ΚΕΝΤΡΙΚΗ ΕΛΛΑΔΑ,672.6169216682107,12371.715230632813
2004,Thessalia,Θεσσαλία,181.16564357489827,2940.5989958964537
2004,Ionia Nisia,Ιόνια Νησιά,80.78189833096776,944.7536855035016
2004,Dytiki Ellada,Δυτική Ελλάδα,183.71119044080726,2284.6577941283826
2004,Sterea Ellada,Στερεά Ελλάδα,104.32687418880576,3433.2610267004384
2004,Peloponnisos,Πελοπόννησος,122.63131513273174,2768.4437284040364
2005,ELLADA,ΕΛΛΑΔΑ,4994.441699494041,41597.53075370176
2005,ATTIKI,ATTΙΚΗ,3269.680489788466,15427.709560037845
2005,Attiki,Αττική,3269.680489788466,15427.709560037845
2005,"NISIA AIGAIOU, KRITI","ΝΗΣΙΑ ΑΙΓΑΙΟΥ, ΚΡΗΤΗ",369.6488181606684,3935.6014552541637
2005,Voreio Aigaio,Βόρειο Αιγαίο,28.598104966119323,566.6738526486323
2005,Notio Aigaio,Νότιο Αιγαίο,152.5980231458781,1140.703739277554
2005,Kriti,Κρήτη,188.45269004867092,2228.2238633279776
2005,VOREIA ELLADA,ΒΟΡΕΙΑ ΕΛΛΑΔΑ,907.2469510407624,11726.75218355558
2005,"Anatoliki Makedonia, Thraki","Ανατολική Μακεδονία, Θράκη",83.0493565913222,1900.3637212153315
2005,Kentriki Makedonia,Κεντρική Μακεδονία,687.1676184309196,7185.76850787827
2005,Dytiki Makedonia,Δυτική Μακεδονία,59.83239110535431,1441.4487899021294
2005,Ipeiros,Ήπειρος,77.19758491316625,1199.1711645598505
2005,KENTRIKI ELLADA,ΚΕΝΤΡΙΚΗ ΕΛΛΑΔΑ,447.86544050414506,10507.467554854167
2005,Thessalia,Θεσσαλία,96.03548882235982,2475.954007505198
2005,Ionia Nisia,Ιόνια Νησιά,48.99574494759529,697.5115517801463
2005,Dytiki Ellada,Δυτική Ελλάδα,100.44174238650366,2076.8885739593757
2005,Sterea Ellada,Στερεά Ελλάδα,72.76817822411724,2822.3662136804537
2005,Peloponnisos,Πελοπόννησος,129.62428612356908,2434.7472079289932
2006,ELLADA,ΕΛΛΑΔΑ,7085.824658387053,51552.99095020719
2006,ATTIKI,ATTΙΚΗ,4819.147521119664,18689.045698914793
2006,Attiki,Αττική,4819.147521119664,18689.045698914793
2006,"NISIA AIGAIOU, KRITI","ΝΗΣΙΑ ΑΙΓΑΙΟΥ, ΚΡΗΤΗ",414.46023834350905,4931.098719340441
2006,Voreio Aigaio,Βόρειο Αιγαίο,38.6519157991795,646.3899458232315
2006,Notio Aigaio,Νότιο Αιγαίο,183.43307458929303,1484.6923843776506
2006,Kriti,Κρήτη,192.37524795503646,2800.0163891395596
2006,VOREIA ELLADA,ΒΟΡΕΙΑ ΕΛΛΑΔΑ,970.3114313978193,14339.383650373908
2006,"Anatoliki Makedonia, Thraki","Ανατολική Μακεδονία, Θράκη",85.72090682000015,2319.04018472525
2006,Kentriki Makedonia,Κεντρική Μακεδονία,793.2909972249072,8946.21858982444
2006,Dytiki Makedonia,Δυτική Μακεδονία,44.09821403147093,1672.2635477938486
2006,Ipeiros,Ήπειρος,47.20131332144113,1401.8613280303678
2006,KENTRIKI ELLADA,ΚΕΝΤΡΙΚΗ ΕΛΛΑΔΑ,881.9054675260644,13593.462881578054
2006,Thessalia,Θεσσαλία,260.56058953802443,3031.6460322528983
2006,Ionia Nisia,Ιόνια Νησιά,62.654261845383346,966.6482009002095
2006,Dytiki Ellada,Δυτική Ελλάδα,293.67305386999095,2581.4660742747765
2006,Sterea Ellada,Στερεά Ελλάδα,120.36984079407556,4052.492776849248
2006,Peloponnisos,Πελοπόννησος,144.64772147859,2961.2097973009195
2007,ELLADA,ΕΛΛΑΔΑ,8420.900212097928,58537.90214561331
2007,ATTIKI,ATTΙΚΗ,5401.999132857267,20631.347304965857
2007,Attiki,Αττική,5401.999132857267,20631.347304965857
2007,"NISIA AIGAIOU, KRITI","ΝΗΣΙΑ ΑΙΓΑΙΟΥ, ΚΡΗΤΗ",653.0000733712475,6364.237934179315
2007,Voreio Aigaio,Βόρειο Αιγαίο,71.02196486143673,875.6649445306413
2007,Notio Aigaio,Νότιο Αιγαίο,170.16315497691252,1742.7245066517555
2007,Kriti,Κρήτη,411.81495353289824,3745.8484829969184
2007,VOREIA ELLADA,ΒΟΡΕΙΑ ΕΛΛΑΔΑ,1509.7179429011162,17058.144696532894
2007,"Anatoliki Makedonia, Thraki","Ανατολική Μακεδονία, Θράκη",94.7568846700717,2866.7166244055265
2007,Kentriki Makedonia,Κεντρική Μακεδονία,1294.5515785598557,10766.974836490925
2007,Dytiki Makedonia,Δυτική Μακεδονία,46.06894208154384,1852.703020598425
2007,Ipeiros,Ήπειρος,74.34053758964492,1571.7502150380162
2007,KENTRIKI ELLADA,ΚΕΝΤΡΙΚΗ ΕΛΛΑΔΑ,856.1830629682973,14484.172209935241
2007,Thessalia,Θεσσαλία,244.35194318276524,3493.803886840695
2007,Ionia Nisia,Ιόνια Νησιά,143.52477415559602,1151.4655627652012
2007,Dytiki Ellada,Δυτική Ελλάδα,149.8883520512172,2752.738937764084
2007,Sterea Ellada,Στερεά Ελλάδα,164.96147516455494,4028.5333961109645
2007,Peloponnisos,Πελοπόννησος,153.456518414164,3057.6304264542982
2008,ELLADA,ΕΛΛΑΔΑ,7775.533894880615,55579.26374540702
2008,ATTIKI,ATTΙΚΗ,5685.350119654338,20331.415631470452
2008,Attiki,Αττική,5685.350119654338,20331.415631470452
2008,"NISIA AIGAIOU, KRITI","ΝΗΣΙΑ ΑΙΓΑΙΟΥ, ΚΡΗΤΗ",740.4927237434368,6603.56225889609
2008,Voreio Aigaio,Βόρειο Αιγαίο,67.45836722306488,924.675841098387
2008,Notio Aigaio,Νότιο Αιγαίο,285.7457254091805,2059.332524335963
2008,Kriti,Κρήτη,387.2886311111916,3619.55389346174
2008,VOREIA ELLADA,ΒΟΡΕΙΑ ΕΛΛΑΔΑ,674.8791412347031,14923.331408558586
2008,"Anatoliki Makedonia, Thraki","Ανατολική Μακεδονία, Θράκη",108.53939219435193,2764.317956690579
2008,Kentriki Makedonia,Κεντρική Μακεδονία,457.2494477542332,8121.005569116158
2008,Dytiki Makedonia,Δυτική Μακεδονία,37.23682848035853,2296.404983657335
2008,Ipeiros,Ήπειρος,71.85347280575938,1741.602899094513
2008,KENTRIKI ELLADA,ΚΕΝΤΡΙΚΗ ΕΛΛΑΔΑ,674.8119102481334,13720.954446481881
2008,Thessalia,Θεσσαλία,158.41215568932182,3220.1800753980638
2008,Ionia Nisia,Ιόνια Νησιά,123.45075863265225,1040.6495653785746
2008,Dytiki Ellada,Δυτική Ελλάδα,116.23614839912,3046.591475507565
2008,Sterea Ellada,Στερεά Ελλάδα,143.90896555639844,3410.3931408004837
2008,Peloponnisos,Πελοπόννησος,132.80388197064102,3003.140189397196
2009,ELLADA,ΕΛΛΑΔΑ,5288.856848779946,47891.90161145665
2009,ATTIKI,ATTΙΚΗ,3883.6334056435912,18851.10114547103
2009,Attiki,Αττική,3883.6334056435912,18851.10114547103
2009,"NISIA AIGAIOU, KRITI","ΝΗΣΙΑ ΑΙΓΑΙΟΥ, ΚΡΗΤΗ",399.09096904399814,4838.474835319722
2009,Voreio Aigaio,Βόρειο Αιγαίο,56.56231428997628,508.36068634344724
2009,Notio Aigaio,Νότιο Αιγαίο,117.00750503855389,1486.621856861894
2009,Kriti,Κρήτη,225.521149715468,2843.4922921143807
2009,VOREIA ELLADA,ΒΟΡΕΙΑ ΕΛΛΑΔΑ,628.1718062064265,12397.731159018593
2009,"Anatoliki Makedonia, Thraki","Ανατολική Μακεδονία, Θράκη",62.06910921706783,1814.4809744287008
2009,Kentriki Makedonia,Κεντρική Μακεδονία,481.3167275614229,6427.017255814565
2009,Dytiki Makedonia,Δυτική Μακεδονία,40.629262237556006,2713.396968362535
2009,Ipeiros,Ήπειρος,44.15670719037974,1442.8359604127945
2009,KENTRIKI ELLADA,ΚΕΝΤΡΙΚΗ ΕΛΛΑΔΑ,377.96066788592935,11804.594471647306
2009,Thessalia,Θεσσαλία,87.9399136083971,2975.085915490088
2009,Ionia Nisia,Ιόνια Νησιά,71.09119144917676,695.7631759295081
2009,Dytiki Ellada,Δυτική Ελλάδα,71.04076794767909,3356.161230987074
2009,Sterea Ellada,Στερεά Ελλάδα,68.3282752735444,2519.5179279803833
2009,Peloponnisos,Πελοπόννησος,79.56051960713208,2258.0662212602524
2010,ELLADA,ΕΛΛΑΔΑ,5493.4525910943785,37608.04911327612
2010,ATTIKI,ATTΙΚΗ,3272.3603574887097,12797.12401041121
2010,Attiki,Αττική,3272.3603574887097,12797.12401041121
2010,"NISIA AIGAIOU, KRITI","ΝΗΣΙΑ ΑΙΓΑΙΟΥ, ΚΡΗΤΗ",591.1145838248652,4569.743618735674
2010,Voreio Aigaio,Βόρειο Αιγαίο,50.58003470626143,605.0863786979284
2010,Notio Aigaio,Νότιο Αιγαίο,231.5745984505957,1417.5889931955735
2010,Kriti,Κρήτη,308.95995066800805,2547.0682468421724
2010,VOREIA ELLADA,ΒΟΡΕΙΑ ΕΛΛΑΔΑ,856.7561480039991,9743.953696396964
2010,"Anatoliki Makedonia, Thraki","Ανατολική Μακεδονία, Θράκη",154.63672973038922,1758.8387480449826
2010,Kentriki Makedonia,Κεντρική Μακεδονία,592.720520329533,5451.331012176972
2010,Dytiki Makedonia,Δυτική Μακεδονία,58.332837047186814,1369.2775005437627
2010,Ipeiros,Ήπειρος,51.066060896890086,1164.5064356312448
2010,KENTRIKI ELLADA,ΚΕΝΤΡΙΚΗ ΕΛΛΑΔΑ,773.2215017768044,10497.22778773228
2010,Thessalia,Θεσσαλία,118.65799535731193,2008.2923495352109
2010,Ionia Nisia,Ιόνια Νησιά,101.45204700716111,788.7031683916347
2010,Dytiki Ellada,Δυτική Ελλάδα,199.61531099761524,2444.6200317196453
2010,Sterea Ellada,Στερεά Ελλάδα,131.40619763288782,2706.4555205175966
2010,Peloponnisos,Πελοπόννησος,222.08995078182824,2549.156717568192
2011,ELLADA,ΕΛΛΑΔΑ,3716.78365351035,28213.018747194288
2011,ATTIKI,ATTΙΚΗ,2076.526191494088,9631.730055327718
2011,Attiki,Αττική,2076.526191494088,9631.730055327718
2011,"NISIA AIGAIOU, KRITI","ΝΗΣΙΑ ΑΙΓΑΙΟΥ, ΚΡΗΤΗ",448.72422002575064,3458.055324927509
2011,Voreio Aigaio,Βόρειο Αιγαίο,33.69943677284548,532.3704542541432
2011,Notio Aigaio,Νότιο Αιγαίο,209.97397409615613,1188.6896954589047
2011,Kriti,Κρήτη,205.05080915674898,1736.9951752144618
2011,VOREIA ELLADA,ΒΟΡΕΙΑ ΕΛΛΑΔΑ,774.405263176,7241.251276963651
2011,"Anatoliki Makedonia, Thraki","Ανατολική Μακεδονία, Θράκη",102.97109341037063,1300.5788642553314
2011,Kentriki Makedonia,Κεντρική Μακεδονία,581.812059568072,4292.671572416766
2011,Dytiki Makedonia,Δυτική Μακεδονία,18.908320605859732,773.7802855563798
2011,Ipeiros,Ήπειρος,70.71378959169782,874.2205547351748
2011,KENTRIKI ELLADA,ΚΕΝΤΡΙΚΗ ΕΛΛΑΔΑ,417.1279788145116,7881.982089975405
2011,Thessalia,Θεσσαλία,130.72510997221062,1615.492677183487
2011,Ionia Nisia,Ιόνια Νησιά,58.379818613075486,596.3036407672221
2011,Dytiki Ellada,Δυτική Ελλάδα,70.1508823107725,1517.9798447277487
2011,Sterea Ellada,Στερεά Ελλάδα,77.57497798907451,2251.8780965508518
2011,Peloponnisos,Πελοπόννησος,80.29718992937849,1900.3278307460962
2012,ELLADA,ΕΛΛΑΔΑ,2386.6560115000652,22827.546466162705
2012,ATTIKI,ATTΙΚΗ,1676.0657304534304,8021.9061403503265
2012,Attiki,Αττική,1676.0657304534304,8021.9061403503265
2012,"NISIA AIGAIOU, KRITI","ΝΗΣΙΑ ΑΙΓΑΙΟΥ, ΚΡΗΤΗ",188.6802811724065,2525.1752342176164
2012,Voreio Aigaio,Βόρειο Αιγαίο,11.968199446799547,419.02591493600954
2012,Notio Aigaio,Νότιο Αιγαίο,89.78428254211364,842.9148073047724
2012,Kriti,Κρήτη,86.92779918349328,1263.2345119768347
2012,VOREIA ELLADA,ΒΟΡΕΙΑ ΕΛΛΑΔΑ,340.1065872611423,6955.833289806508
2012,"Anatoliki Makedonia, Thraki","Ανατολική Μακεδονία, Θράκη",35.867441757316165,973.4039340706119
2012,Kentriki Makedonia,Κεντρική Μακεδονία,261.3089893120496,4458.861131639065
2012,Dytiki Makedonia,Δυτική Μακεδονία,22.320479000998443,999.8209635157799
2012,Ipeiros,Ήπειρος,20.6096771907781,523.7472605810515
2012,KENTRIKI ELLADA,ΚΕΝΤΡΙΚΗ ΕΛΛΑΔΑ,181.80341261308584,5324.631801788254
2012,Thessalia,Θεσσαλία,21.190317471948898,912.3922745039465
2012,Ionia Nisia,Ιόνια Νησιά,40.2652539734967,429.1155576884836
2012,Dytiki Ellada,Δυτική Ελλάδα,26.614293453232168,1114.5974145792864
2012,Sterea Ellada,Στερεά Ελλάδα,67.50219795433846,1613.8900699420306
2012,Peloponnisos,Πελοπόννησος,26.23134976006962,1254.6364850745076
2013,ELLADA,ΕΛΛΑΔΑ,2435.722015856726,20547.629334783145
2013,ATTIKI,ATTΙΚΗ,1650.0386973051618,6755.873441025304
2013,Attiki,Αττική,1650.0386973051618,6755.873441025304
2013,"NISIA AIGAIOU, KRITI","ΝΗΣΙΑ ΑΙΓΑΙΟΥ, ΚΡΗΤΗ",212.69628862246327,2522.643957487825
2013,Voreio Aigaio,Βόρειο Αιγαίο,23.177049759222065,400.376644877327
2013,Notio Aigaio,Νότιο Αιγαίο,52.82392460345005,657.491690636203
2013,Kriti,Κρήτη,136.6953142597912,1464.775621974295
2013,VOREIA ELLADA,ΒΟΡΕΙΑ ΕΛΛΑΔΑ,387.8113550780866,5691.049057361594
2013,"Anatoliki Makedonia, Thraki","Ανατολική Μακεδονία, Θράκη",32.705807684706286,1139.1685593223935
2013,Kentriki Makedonia,Κεντρική Μακεδονία,314.68070182043164,3169.8593801811285
2013,Dytiki Makedonia,Δυτική Μακεδονία,14.860797676771625,865.3472690032913
2013,Ipeiros,Ήπειρος,25.564047896177012,516.6738488547813
2013,KENTRIKI ELLADA,ΚΕΝΤΡΙΚΗ ΕΛΛΑΔΑ,185.17567485101424,5578.062878908422
2013,Thessalia,Θεσσαλία,36.07250713882698,1533.5240364873277
2013,Ionia Nisia,Ιόνια Νησιά,30.69734625153956,310.0424511669349
2013,Dytiki Ellada,Δυτική Ελλάδα,45.41084429594296,1057.7775513904537
2013,Sterea Ellada,Στερεά Ελλάδα,27.15873168249149,1474.514552564892
2013,Peloponnisos,Πελοπόννησος,45.83624548221325,1202.2042872988131
2014,ELLADA,ΕΛΛΑΔΑ,3268.2948492039786,19779.52577469247
2014,ATTIKI,ATTΙΚΗ,1606.3252041520361,6262.3166734162305
2014,Attiki,Αττική,1606.3252041520361,6262.3166734162305
2014,"NISIA AIGAIOU, KRITI","ΝΗΣΙΑ ΑΙΓΑΙΟΥ, ΚΡΗΤΗ",546.6489075699528,2685.9041344069474
2014,Voreio Aigaio,Βόρειο Αιγαίο,33.47865704844874,432.8409036357849
2014,Notio Aigaio,Νότιο Αιγαίο,224.66432259542094,784.7778438282342
2014,Kriti,Κρήτη,288.5059279260832,1468.2853869429282
2014,VOREIA ELLADA,ΒΟΡΕΙΑ ΕΛΛΑΔΑ,618.0204733854216,5515.154313889647
2014,"Anatoliki Makedonia, Thraki","Ανατολική Μακεδονία, Θράκη",104.98771244748765,1068.785967836957
2014,Kentriki Makedonia,Κεντρική Μακεδονία,432.3233213273297,2854.901535969508
2014,Dytiki Makedonia,Δυτική Μακεδονία,19.73937964927108,987.5595299345262
2014,Ipeiros,Ήπειρος,60.97005996133305,603.9072801486557
2014,KENTRIKI ELLADA,ΚΕΝΤΡΙΚΗ ΕΛΛΑΔΑ,497.3002640965683,5316.1506529796425
2014,Thessalia,Θεσσαλία,123.08556788219173,1226.719054718004
2014,Ionia Nisia,Ιόνια Νησιά,103.66800885946506,354.5663951275631
2014,Dytiki Ellada,Δυτική Ελλάδα,85.04122905958643,1170.1438031876298
2014,Sterea Ellada,Στερεά Ελλάδα,86.93195842464247,1478.8440893886552
2014,Peloponnisos,Πελοπόννησος,98.57349987068258,1085.8773105577898
2015,ELLADA,ΕΛΛΑΔΑ,3687.7451236669444,19572.416288241457
2015,ATTIKI,ATTΙΚΗ,1837.0254846657913,6052.211393294748
2015,Attiki,Αττική,1837.0254846657913,6052.211393294748
2015,"NISIA AIGAIOU, KRITI","ΝΗΣΙΑ ΑΙΓΑΙΟΥ, ΚΡΗΤΗ",607.4548342036699,2725.3846983564404
2015,Voreio Aigaio,Βόρειο Αιγαίο,37.72352499595885,491.48647250195654
2015,Notio Aigaio,Νότιο Αιγαίο,288.08042202752654,819.350693862422
2015,Kriti,Κρήτη,281.6508871801845,1414.5475319920615
2015,VOREIA ELLADA,ΒΟΡΕΙΑ ΕΛΛΑΔΑ,708.4941951173308,5415.834111854928
2015,"Anatoliki Makedonia, Thraki","Ανατολική Μακεδονία, Θράκη",191.95801554078366,1128.3383309819048
2015,Kentriki Makedonia,Κεντρική Μακεδονία,420.8964895942889,2744.537900294865
2015,Dytiki Makedonia,Δυτική Μακεδονία,23.123661177051577,988.0038998864771
2015,Ipeiros,Ήπειρος,72.51602880520662,554.9539806916802
2015,KENTRIKI ELLADA,ΚΕΝΤΡΙΚΗ ΕΛΛΑΔΑ,534.7706096801526,5378.986084735341
2015,Thessalia,Θεσσαλία,146.5421263316212,1342.0006904027648
2015,Ionia Nisia,Ιόνια Νησιά,102.31555316348471,399.58391388401935
2015,Dytiki Ellada,Δυτική Ελλάδα,88.05476301155414,1066.0690853445717
2015,Sterea Ellada,Στερεά Ελλάδα,102.04166656194052,1347.980362849002
2015,Peloponnisos,Πελοπόννησος,95.81650061155182,1223.3520322549837
2016,ELLADA,ΕΛΛΑΔΑ,3873.616982623214,19832.09146848265
2016,ATTIKI,ATTΙΚΗ,2003.066168159159,6679.820242440282
2016,Attiki,Αττική,2003.066168159159,6679.820242440282
2016,"NISIA AIGAIOU, KRITI","ΝΗΣΙΑ ΑΙΓΑΙΟΥ, ΚΡΗΤΗ",524.8652178020444,2493.3355490876006
2016,Voreio Aigaio,Βόρειο Αιγαίο,36.32715264646851,391.56339830793064
2016,Notio Aigaio,Νότιο Αιγαίο,255.0528078614527,738.1572542104245
2016,Kriti,Κρήτη,233.4852572941233,1363.614896569246
2016,VOREIA ELLADA,ΒΟΡΕΙΑ ΕΛΛΑΔΑ,781.9782555032107,5569.103390438291
2016,"Anatoliki Makedonia, Thraki","Ανατολική Μακεδονία, Θράκη",111.0966652429,1080.387319637495
2016,Kentriki Makedonia,Κεντρική Μακεδονία,600.4477231894099,2951.687509704061
2016,Dytiki Makedonia,Δυτική Μακεδονία,26.898443450820135,967.741625351145
2016,Ipeiros,Ήπειρος,43.535423620080564,569.2869357455893
2016,KENTRIKI ELLADA,ΚΕΝΤΡΙΚΗ ΕΛΛΑΔΑ,563.7073411588003,5089.832286516473
2016,Thessalia,Θεσσαλία,171.44251542442316,1204.482946778402
2016,Ionia Nisia,Ιόνια Νησιά,114.37552637220473,395.01232473092574
2016,Dytiki Ellada,Δυτική Ελλάδα,88.42139884714655,983.3713319600944
2016,Sterea Ellada,Στερεά Ελλάδα,106.88377461314558,1408.8860698460385
2016,Peloponnisos,Πελοπόννησος,82.58412590188024,1098.0796132010125
2017,ELLADA,ΕΛΛΑΔΑ,4016.0076251437044,21372.833207686133
2017,ATTIKI,ATTΙΚΗ,2133.462509729638,7041.8418150889975
2017,Attiki,Αττική,2133.462509729638,7041.8418150889975
2017,"NISIA AIGAIOU, KRITI","ΝΗΣΙΑ ΑΙΓΑΙΟΥ, ΚΡΗΤΗ",564.5121964154827,2791.0635504244374
2017,Voreio Aigaio,Βόρειο Αιγαίο,30.49883374140433,471.4471104415507
2017,Notio Aigaio,Νότιο Αιγαίο,249.67157047025748,796.6020307273322
2017,Kriti,Κρήτη,284.3417922038207,1523.0144092555545
2017,VOREIA ELLADA,ΒΟΡΕΙΑ ΕΛΛΑΔΑ,758.5443594434721,5778.29911882079
2017,"Anatoliki Makedonia, Thraki","Ανατολική Μακεδονία, Θράκη",113.90576498181552,1178.3123674935102
2017,Kentriki Makedonia,Κεντρική Μακεδονία,567.8528337135463,3051.621491044641
2017,Dytiki Makedonia,Δυτική Μακεδονία,23.358489859547557,894.5007585252316
2017,Ipeiros,Ήπειρος,53.42727088856282,653.8645017574061
2017,KENTRIKI ELLADA,ΚΕΝΤΡΙΚΗ ΕΛΛΑΔΑ,559.4885595551116,5761.628723351905
2017,Thessalia,Θεσσαλία,151.77891477145326,1370.3590604382446
2017,Ionia Nisia,Ιόνια Νησιά,148.98317160144188,478.7407598881129
2017,Dytiki Ellada,Δυτική Ελλάδα,83.00071697725986,1136.5379745519535
2017,Sterea Ellada,Στερεά Ελλάδα,96.9176680072078,1537.7807661725185
2017,Peloponnisos,Πελοπόννησος,78.80808819774879,1238.210162301076
2018,ELLADA,ΕΛΛΑΔΑ,3914.2349457656396,20465.654693120974
2018,ATTIKI,ATTΙΚΗ,2213.907420892292,7434.338137047565
2018,Attiki,Αττική,2213.907420892292,7434.338137047565
2018,"NISIA AIGAIOU, KRITI","ΝΗΣΙΑ ΑΙΓΑΙΟΥ, ΚΡΗΤΗ",512.726372075656,2580.8919172792753
2018,Voreio Aigaio,Βόρειο Αιγαίο,19.784628691607264,391.61747908410734
2018,Notio Aigaio,Νότιο Αιγαίο,194.2229672563907,767.426471292173
2018,Kriti,Κρήτη,298.7187761276579,1421.8479669029946
2018,VOREIA ELLADA,ΒΟΡΕΙΑ ΕΛΛΑΔΑ,678.9792266415997,5184.48214719293
2018,"Anatoliki Makedonia, Thraki","Ανατολική Μακεδονία, Θράκη",111.56905355091415,1003.2712661113878
2018,Kentriki Makedonia,Κεντρική Μακεδονία,488.2294546383184,2815.4469752163245
2018,Dytiki Makedonia,Δυτική Μακεδονία,17.640891637237267,754.2000928757741
2018,Ipeiros,Ήπειρος,61.53982681512989,611.5638129894439
2018,KENTRIKI ELLADA,ΚΕΝΤΡΙΚΗ ΕΛΛΑΔΑ,508.6219261560921,5265.942491601201
2018,Thessalia,Θεσσαλία,120.24168144870534,1302.2930904783882
2018,Ionia Nisia,Ιόνια Νησιά,167.68592743389016,505.04970522591606
2018,Dytiki Ellada,Δυτική Ελλάδα,71.41412739597287,1020.7503810221647
2018,Sterea Ellada,Στερεά Ελλάδα,81.14572293180277,1371.2203849920713
2018,Peloponnisos,Πελοπόννησος,68.13446694572093,1066.6289298826616
2019,ELLADA,ΕΛΛΑΔΑ,3907.306273546596,20315.23697266518
2019,ATTIKI,ATTΙΚΗ,1830.3220668150677,7269.12727619816
2019,Attiki,Αττική,1830.3220668150677,7269.12727619816
2019,"NISIA AIGAIOU, KRITI","ΝΗΣΙΑ ΑΙΓΑΙΟΥ, ΚΡΗΤΗ",795.9199831885896,2763.651931203087
2019,Voreio Aigaio,Βόρειο Αιγαίο,59.834334348289964,391.10263884141125
2019,Notio Aigaio,Νότιο Αιγαίο,402.77090831162764,940.6689908237539
2019,Kriti,Κρήτη,333.314740528672,1431.8803015379217
2019,VOREIA ELLADA,ΒΟΡΕΙΑ ΕΛΛΑΔΑ,680.6265932107844,5235.651171165086
2019,"Anatoliki Makedonia, Thraki","Ανατολική Μακεδονία, Θράκη",92.30377476809034,1089.9938673995582
2019,Kentriki Makedonia,Κεντρική Μακεδονία,501.74249205911553,2790.347032218688
2019,Dytiki Makedonia,Δυτική Μακεδονία,36.47050947549054,761.6993264723724
2019,Ipeiros,Ήπειρος,50.109816908087986,593.6109450744675
2019,KENTRIKI ELLADA,ΚΕΝΤΡΙΚΗ ΕΛΛΑΔΑ,600.4376303321545,5046.806594098848
2019,Thessalia,Θεσσαλία,123.28465766882336,1233.002990686094
2019,Ionia Nisia,Ιόνια Νησιά,155.73809764167066,422.3190394934489
2019,Dytiki Ellada,Δυτική Ελλάδα,162.38555641879847,1050.8938901687334
2019,Sterea Ellada,Στερεά Ελλάδα,74.00098425231769,1265.6534916400226
2019,Peloponnisos,Πελοπόννησος,85.02833435054418,1074.9371821105494
2020,ELLADA,ΕΛΛΑΔΑ,2977.9138894171683,20607.13620932214
2020,ATTIKI,ATTΙΚΗ,1575.7168964699408,7539.063666054519
2020,Attiki,Αττική,1575.7168964699408,7539.063666054519
2020,"NISIA AIGAIOU, KRITI","ΝΗΣΙΑ ΑΙΓΑΙΟΥ, ΚΡΗΤΗ",420.1770350548562,2382.3912190521073
2020,Voreio Aigaio,Βόρειο Αιγαίο,18.503678513061278,377.07841575875693
2020,Notio Aigaio,Νότιο Αιγαίο,145.28604852893488,653.1554630132547
2020,Kriti,Κρήτη,256.38730801286005,1352.1573402800962
2020,VOREIA ELLADA,ΒΟΡΕΙΑ ΕΛΛΑΔΑ,597.434767505145,5242.615055852844
2020,"Anatoliki Makedonia, Thraki","Ανατολική Μακεδονία, Θράκη",88.98538245507939,1071.8645231961411
2020,Kentriki Makedonia,Κεντρική Μακεδονία,435.9655181882155,2837.0569898320164
2020,Dytiki Makedonia,Δυτική Μακεδονία,19.65987263021949,694.5819841250515
2020,Ipeiros,Ήπειρος,52.82399423163057,639.1115586996359
2020,KENTRIKI ELLADA,ΚΕΝΤΡΙΚΗ ΕΛΛΑΔΑ,384.5851903872266,5443.066268362669
2020,Thessalia,Θεσσαλία,84.55971158551333,1247.5315220199222
2020,Ionia Nisia,Ιόνια Νησιά,67.03931367150615,380.63713050627456
2020,Dytiki Ellada,Δυτική Ελλάδα,72.40511766081329,1025.8649299707556
2020,Sterea Ellada,Στερεά Ελλάδα,54.4408369575104,1577.8097933501926
2020,Peloponnisos,Πελοπόννησος,106.14021051188335,1211.2228925155234
2021,ELLADA,ΕΛΛΑΔΑ,4043.7341982644757,25455.68989889376
2021,ATTIKI,ATTΙΚΗ,2093.838937026928,8804.953744330294
2021,Attiki,Αττική,2093.838937026928,8804.953744330294
2021,"NISIA AIGAIOU, KRITI","ΝΗΣΙΑ ΑΙΓΑΙΟΥ, ΚΡΗΤΗ",665.3495443276714,3332.6524022835697
2021,Voreio Aigaio,Βόρειο Αιγαίο,32.097786130275196,495.9418726069864
2021,Notio Aigaio,Νότιο Αιγαίο,262.7085342515156,963.6161461804111
2021,Kriti,Κρήτη,370.54322394588075,1873.0943834961724
2021,VOREIA ELLADA,ΒΟΡΕΙΑ ΕΛΛΑΔΑ,764.7774476673516,6720.28376192381
2021,"Anatoliki Makedonia, Thraki","Ανατολική Μακεδονία, Θράκη",86.98639634524379,1293.1393453887242
2021,Kentriki Makedonia,Κεντρική Μακεδονία,580.2077502989206,3732.4940591432287
2021,Dytiki Makedonia,Δυτική Μακεδονία,31.690750691564705,834.3624296129983
2021,Ipeiros,Ήπειρος,65.89255033162249,860.2879277788587
2021,KENTRIKI ELLADA,ΚΕΝΤΡΙΚΗ ΕΛΛΑΔΑ,519.768269242525,6597.799990356087
2021,Thessalia,Θεσσαλία,122.99736128259751,1615.9772740854462
2021,Ionia Nisia,Ιόνια Νησιά,92.8736581298335,503.4654991850063
2021,Dytiki Ellada,Δυτική Ελλάδα,122.87195257433284,1296.8946198225844
2021,Sterea Ellada,Στερεά Ελλάδα,69.59439124517596,1779.1498662636143
2021,Peloponnisos,Πελοπόννησος,111.43090601058513,1402.3127309994354
2022,ELLADA,ΕΛΛΑΔΑ,5000.040548359042,31042.49669424309
2022,ATTIKI,ATTΙΚΗ,2699.7195733221074,10797.684966857692
2022,Attiki,Αττική,2699.7195733221074,10797.684966857692
2022,"NISIA AIGAIOU, KRITI","ΝΗΣΙΑ ΑΙΓΑΙΟΥ, ΚΡΗΤΗ",723.2385419305135,3997.360385201995
2022,Voreio Aigaio,Βόρειο Αιγαίο,38.97026146772347,594.2113242981007
2022,Notio Aigaio,Νότιο Αιγαίο,302.5323879131306,1249.647130181064
2022,Kriti,Κρήτη,381.73589254965947,2153.50193072283
2022,VOREIA ELLADA,ΒΟΡΕΙΑ ΕΛΛΑΔΑ,959.9983005939418,8197.640259730122
2022,"Anatoliki Makedonia, Thraki","Ανατολική Μακεδονία, Θράκη",95.41524801928206,1520.5005962824237
2022,Kentriki Makedonia,Κεντρική Μακεδονία,744.2203238910702,4585.917486644178
2022,Dytiki Makedonia,Δυτική Μακεδονία,43.276333090698145,1039.6321419763299
2022,Ipeiros,Ήπειρος,77.08639559289142,1051.590034827191
2022,KENTRIKI ELLADA,ΚΕΝΤΡΙΚΗ ΕΛΛΑΔΑ,617.0841325124794,8049.811082453279
2022,Thessalia,Θεσσαλία,147.39313802688386,1989.7521623105183
2022,Ionia Nisia,Ιόνια Νησιά,120.48586314492897,658.7902268780123
2022,Dytiki Ellada,Δυτική Ελλάδα,131.82000666390405,1469.9869716897051
2022,Sterea Ellada,Στερεά Ελλάδα,94.59641065065092,2229.3071180943157
2022,Peloponnisos,Πελοπόννησος,122.7887140261116,1701.9746034807279
