geo,NUTS_label,NUTS_label_el,NUTS_level,year,GFCF_GHI,GFCF_Total,GFCF_pct,GFCF_pct_diff
EL3,ATTIKI,ATTΙΚΗ,1,2000,2489.5208109111254,13586.756644166027,18.32314271986385,NA
EL3,ATTIKI,ATTΙΚΗ,1,2001,2548.5778093832296,14912.344012202157,17.090390399375398,2.3722235304588692
EL3,ATTIKI,ATTΙΚΗ,1,2002,4217.416384999591,15155.868877348656,27.826952180239367,65.48117030102487
EL3,ATTIKI,ATTΙΚΗ,1,2003,4262.487750092742,16288.0553948347,26.16940848227021,1.0686961157892763
EL3,ATTIKI,ATTΙΚΗ,1,2004,4045.596162270659,16901.030725842516,23.936978920964513,-5.088380320092748
EL3,ATTIKI,ATTΙΚΗ,1,2005,3269.680489788466,15427.709560037843,21.193557456240093,-19.179266574316145
EL3,ATTIKI,ATTΙΚΗ,1,2006,4819.147521119664,18689.045698914793,25.78594754787022,47.38894323681889
EL3,ATTIKI,ATTΙΚΗ,1,2007,5401.999132857267,20631.347304965857,26.18345303875057,12.094496156909205
EL3,ATTIKI,ATTΙΚΗ,1,2008,5685.350119654338,20331.415631470452,27.96337560899664,5.24529863534427
EL3,ATTIKI,ATTΙΚΗ,1,2009,3883.6334056435912,18851.10114547103,20.60162626933139,-31.690514675291258
EL3,ATTIKI,ATTΙΚΗ,1,2010,3272.3603574887097,12797.12401041121,25.57106076979838,-15.739720625190731
EL3,ATTIKI,ATTΙΚΗ,1,2011,2076.526191494088,9631.730055327718,21.55922331259142,-36.543474292431974
EL3,ATTIKI,ATTΙΚΗ,1,2012,1676.0657304534304,8021.9061403503265,20.89360933834405,-19.285114855812193
EL3,ATTIKI,ATTΙΚΗ,1,2013,1650.0386973051618,6755.873441025304,24.423765656787438,-1.5528647042516326
EL3,ATTIKI,ATTΙΚΗ,1,2014,1606.325204152036,6262.3166734162305,25.650654349227448,-2.64924048293647
EL3,ATTIKI,ATTΙΚΗ,1,2015,1837.0254846657913,6052.211393294748,30.352962996319558,14.361990954100726
EL3,ATTIKI,ATTΙΚΗ,1,2016,2003.066168159159,6679.820242440282,29.986827421382763,9.038561788029591
EL3,ATTIKI,ATTΙΚΗ,1,2017,2133.462509729638,7041.8418150889975,30.296938865598115,6.509836951133513
EL3,ATTIKI,ATTΙΚΗ,1,2018,2213.907420892292,7434.338137047565,29.779482451298776,3.7706268938772407
EL3,ATTIKI,ATTΙΚΗ,1,2019,1830.3220668150675,7269.12727619816,25.179392205832276,-17.326169579513152
EL3,ATTIKI,ATTΙΚΗ,1,2020,1575.7168964699408,7539.063666054519,20.900697570240496,-13.910402707877726
EL3,ATTIKI,ATTΙΚΗ,1,2021,2093.838937026928,8804.953744330294,23.78023778234153,32.88167066798163
EL3,ATTIKI,ATTΙΚΗ,1,2022,2699.7195733221074,10797.684966857692,25.002762921946694,28.93635348836708
EL6,KENTRIKI ELLADA,ΚΕΝΤΡΙΚΗ ΕΛΛΑΔΑ,1,2000,398.3249590004851,9046.844552694742,4.40291591925096,NA
EL6,KENTRIKI ELLADA,ΚΕΝΤΡΙΚΗ ΕΛΛΑΔΑ,1,2001,408.06766176553754,9530.5448341237,4.281682410269653,2.4459182245319937
EL6,KENTRIKI ELLADA,ΚΕΝΤΡΙΚΗ ΕΛΛΑΔΑ,1,2002,668.4815641063624,9414.718017403504,7.100388592315202,63.81635369343485
EL6,KENTRIKI ELLADA,ΚΕΝΤΡΙΚΗ ΕΛΛΑΔΑ,1,2003,639.0802993017372,11259.756909710228,5.675791266422501,-4.398216253567034
EL6,KENTRIKI ELLADA,ΚΕΝΤΡΙΚΗ ΕΛΛΑΔΑ,1,2004,672.6169216682107,12371.715230632812,5.436731359632228,5.247638270670488
EL6,KENTRIKI ELLADA,ΚΕΝΤΡΙΚΗ ΕΛΛΑΔΑ,1,2005,447.86544050414506,10507.467554854167,4.2623537799766344,-33.41448511385078
EL6,KENTRIKI ELLADA,ΚΕΝΤΡΙΚΗ ΕΛΛΑΔΑ,1,2006,881.9054675260644,13593.462881578054,6.487717480151641,96.91304301875515
EL6,KENTRIKI ELLADA,ΚΕΝΤΡΙΚΗ ΕΛΛΑΔΑ,1,2007,856.1830629682973,14484.17220993524,5.911163237765215,-2.9166850081929936
EL6,KENTRIKI ELLADA,ΚΕΝΤΡΙΚΗ ΕΛΛΑΔΑ,1,2008,674.8119102481334,13720.95444648188,4.91811202260174,-21.183688461597118
EL6,KENTRIKI ELLADA,ΚΕΝΤΡΙΚΗ ΕΛΛΑΔΑ,1,2009,377.96066788592935,11804.594471647306,3.2018098444104006,-43.9902197714693
EL6,KENTRIKI ELLADA,ΚΕΝΤΡΙΚΗ ΕΛΛΑΔΑ,1,2010,773.2215017768044,10497.22778773228,7.365959064739355,104.57723976987123
EL6,KENTRIKI ELLADA,ΚΕΝΤΡΙΚΗ ΕΛΛΑΔΑ,1,2011,417.1279788145116,7881.982089975405,5.292171106872094,-46.05323599305204
EL6,KENTRIKI ELLADA,ΚΕΝΤΡΙΚΗ ΕΛΛΑΔΑ,1,2012,181.80341261308584,5324.631801788254,3.414384681998631,-56.41543558651333
EL6,KENTRIKI ELLADA,ΚΕΝΤΡΙΚΗ ΕΛΛΑΔΑ,1,2013,185.17567485101424,5578.062878908422,3.3197129338787854,1.854894905138688
EL6,KENTRIKI ELLADA,ΚΕΝΤΡΙΚΗ ΕΛΛΑΔΑ,1,2014,497.3002640965683,5316.1506529796425,9.354517893841798,168.5559345182235
EL6,KENTRIKI ELLADA,ΚΕΝΤΡΙΚΗ ΕΛΛΑΔΑ,1,2015,534.7706096801526,5378.986084735341,9.94184779911853,7.534752802043172
EL6,KENTRIKI ELLADA,ΚΕΝΤΡΙΚΗ ΕΛΛΑΔΑ,1,2016,563.7073411588003,5089.832286516473,11.075165338003833,5.411054937359939
EL6,KENTRIKI ELLADA,ΚΕΝΤΡΙΚΗ ΕΛΛΑΔΑ,1,2017,559.4885595551116,5761.628723351905,9.71059723594306,-0.7483992660120918
EL6,KENTRIKI ELLADA,ΚΕΝΤΡΙΚΗ ΕΛΛΑΔΑ,1,2018,508.6219261560921,5265.942491601201,9.658706432273185,-9.091630656302799
EL6,KENTRIKI ELLADA,ΚΕΝΤΡΙΚΗ ΕΛΛΑΔΑ,1,2019,600.4376303321545,5046.806594098848,11.897377463091944,18.051857274411894
EL6,KENTRIKI ELLADA,ΚΕΝΤΡΙΚΗ ΕΛΛΑΔΑ,1,2020,384.5851903872266,5443.066268362669,7.065598165184821,-35.94918590054409
EL6,KENTRIKI ELLADA,ΚΕΝΤΡΙΚΗ ΕΛΛΑΔΑ,1,2021,519.768269242525,6597.799990356087,7.877902785811378,35.15035998114926
EL6,KENTRIKI ELLADA,ΚΕΝΤΡΙΚΗ ΕΛΛΑΔΑ,1,2022,617.0841325124794,8049.811082453279,7.665821299304523,18.722932704563895
EL4,"NISIA AIGAIOU, KRITI","ΝΗΣΙΑ ΑΙΓΑΙΟΥ, ΚΡΗΤΗ",1,2000,247.1393154138147,2906.6657305048625,8.502502121937797,NA
EL4,"NISIA AIGAIOU, KRITI","ΝΗΣΙΑ ΑΙΓΑΙΟΥ, ΚΡΗΤΗ",1,2001,269.7083390107002,3082.197232424072,8.750521743820439,9.132105735218808
EL4,"NISIA AIGAIOU, KRITI","ΝΗΣΙΑ ΑΙΓΑΙΟΥ, ΚΡΗΤΗ",1,2002,398.2369011569887,3330.993790590427,11.955498154393144,47.65464895069093
EL4,"NISIA AIGAIOU, KRITI","ΝΗΣΙΑ ΑΙΓΑΙΟΥ, ΚΡΗΤΗ",1,2003,407.65543358080487,4142.240945064507,9.841422529187433,2.365057682111501
EL4,"NISIA AIGAIOU, KRITI","ΝΗΣΙΑ ΑΙΓΑΙΟΥ, ΚΡΗΤΗ",1,2004,374.7732033828378,4512.186799704705,8.305799826535647,-8.066182243453213
EL4,"NISIA AIGAIOU, KRITI","ΝΗΣΙΑ ΑΙΓΑΙΟΥ, ΚΡΗΤΗ",1,2005,369.6488181606684,3935.601455254164,9.392435244355712,-1.3673296745644699
EL4,"NISIA AIGAIOU, KRITI","ΝΗΣΙΑ ΑΙΓΑΙΟΥ, ΚΡΗΤΗ",1,2006,414.46023834350905,4931.098719340441,8.405028208377567,12.122700785523225
EL4,"NISIA AIGAIOU, KRITI","ΝΗΣΙΑ ΑΙΓΑΙΟΥ, ΚΡΗΤΗ",1,2007,653.0000733712475,6364.237934179315,10.260459777348874,57.55433524362211
EL4,"NISIA AIGAIOU, KRITI","ΝΗΣΙΑ ΑΙΓΑΙΟΥ, ΚΡΗΤΗ",1,2008,740.4927237434368,6603.56225889609,11.21353437299498,13.398566698544231
EL4,"NISIA AIGAIOU, KRITI","ΝΗΣΙΑ ΑΙΓΑΙΟΥ, ΚΡΗΤΗ",1,2009,399.09096904399814,4838.474835319722,8.24828034922758,-46.104673787142616
EL4,"NISIA AIGAIOU, KRITI","ΝΗΣΙΑ ΑΙΓΑΙΟΥ, ΚΡΗΤΗ",1,2010,591.1145838248652,4569.743618735674,12.935399294641629,48.115249322942525
EL4,"NISIA AIGAIOU, KRITI","ΝΗΣΙΑ ΑΙΓΑΙΟΥ, ΚΡΗΤΗ",1,2011,448.72422002575064,3458.055324927509,12.976201299936033,-24.088453862492056
EL4,"NISIA AIGAIOU, KRITI","ΝΗΣΙΑ ΑΙΓΑΙΟΥ, ΚΡΗΤΗ",1,2012,188.6802811724065,2525.1752342176164,7.471967830813371,-57.9518392919422
EL4,"NISIA AIGAIOU, KRITI","ΝΗΣΙΑ ΑΙΓΑΙΟΥ, ΚΡΗΤΗ",1,2013,212.69628862246327,2522.643957487825,8.431482690655912,12.72841406681611
EL4,"NISIA AIGAIOU, KRITI","ΝΗΣΙΑ ΑΙΓΑΙΟΥ, ΚΡΗΤΗ",1,2014,546.6489075699528,2685.9041344069474,20.35251000090716,157.00914252446444
EL4,"NISIA AIGAIOU, KRITI","ΝΗΣΙΑ ΑΙΓΑΙΟΥ, ΚΡΗΤΗ",1,2015,607.4548342036699,2725.3846983564404,22.28877393235528,11.123396716188608
EL4,"NISIA AIGAIOU, KRITI","ΝΗΣΙΑ ΑΙΓΑΙΟΥ, ΚΡΗΤΗ",1,2016,524.8652178020444,2493.3355490876006,21.050725322314165,-13.596009407003004
EL4,"NISIA AIGAIOU, KRITI","ΝΗΣΙΑ ΑΙΓΑΙΟΥ, ΚΡΗΤΗ",1,2017,564.5121964154827,2791.0635504244374,20.22570200272356,7.553744707920675
EL4,"NISIA AIGAIOU, KRITI","ΝΗΣΙΑ ΑΙΓΑΙΟΥ, ΚΡΗΤΗ",1,2018,512.726372075656,2580.8919172792753,19.866247348171086,-9.173552789231891
EL4,"NISIA AIGAIOU, KRITI","ΝΗΣΙΑ ΑΙΓΑΙΟΥ, ΚΡΗΤΗ",1,2019,795.9199831885896,2763.651931203087,28.79957400576511,55.23289351520751
EL4,"NISIA AIGAIOU, KRITI","ΝΗΣΙΑ ΑΙΓΑΙΟΥ, ΚΡΗΤΗ",1,2020,420.1770350548562,2382.3912190521073,17.63677735607311,-47.20863353982442
EL4,"NISIA AIGAIOU, KRITI","ΝΗΣΙΑ ΑΙΓΑΙΟΥ, ΚΡΗΤΗ",1,2021,665.3495443276714,3332.6524022835697,19.964564677425304,58.34981182177334
EL4,"NISIA AIGAIOU, KRITI","ΝΗΣΙΑ ΑΙΓΑΙΟΥ, ΚΡΗΤΗ",1,2022,723.2385419305135,3997.360385201995,18.09290312196774,8.700539152144202
EL5,VOREIA ELLADA,ΒΟΡΕΙΑ ΕΛΛΑΔΑ,1,2000,641.9752061552645,9776.339279169504,6.566621593453945,NA
EL5,VOREIA ELLADA,ΒΟΡΕΙΑ ΕΛΛΑΔΑ,1,2001,697.1861089537878,10216.573180774429,6.8240700342239435,8.600161231954232
EL5,VOREIA ELLADA,ΒΟΡΕΙΑ ΕΛΛΑΔΑ,1,2002,1062.0022129152023,10037.691107914696,10.58014439274602,52.32693240386922
EL5,VOREIA ELLADA,ΒΟΡΕΙΑ ΕΛΛΑΔΑ,1,2003,1016.987359539106,11621.563271861787,8.750865402087886,-4.238677926341629
EL5,VOREIA ELLADA,ΒΟΡΕΙΑ ΕΛΛΑΔΑ,1,2004,1062.799431373829,13526.227880664514,7.857323126228568,4.504684488456657
EL5,VOREIA ELLADA,ΒΟΡΕΙΑ ΕΛΛΑΔΑ,1,2005,907.2469510407624,11726.75218355558,7.736557717259468,-14.63610872768266
EL5,VOREIA ELLADA,ΒΟΡΕΙΑ ΕΛΛΑΔΑ,1,2006,970.3114313978192,14339.383650373908,6.766758286521735,6.951192317010427
EL5,VOREIA ELLADA,ΒΟΡΕΙΑ ΕΛΛΑΔΑ,1,2007,1509.7179429011162,17058.144696532894,8.85042289040947,55.5910704593302
EL5,VOREIA ELLADA,ΒΟΡΕΙΑ ΕΛΛΑΔΑ,1,2008,674.8791412347031,14923.331408558586,4.522308878349089,-55.297667063700885
EL5,VOREIA ELLADA,ΒΟΡΕΙΑ ΕΛΛΑΔΑ,1,2009,628.1718062064265,12397.731159018593,5.066828745915093,-6.920844366715011
EL5,VOREIA ELLADA,ΒΟΡΕΙΑ ΕΛΛΑΔΑ,1,2010,856.7561480039991,9743.953696396964,8.79269519025735,36.38882540399408
EL5,VOREIA ELLADA,ΒΟΡΕΙΑ ΕΛΛΑΔΑ,1,2011,774.405263176,7241.251276963651,10.69435700483961,-9.611939759038037
EL5,VOREIA ELLADA,ΒΟΡΕΙΑ ΕΛΛΑΔΑ,1,2012,340.1065872611423,6955.833289806508,4.889516080834696,-56.081575961106836
EL5,VOREIA ELLADA,ΒΟΡΕΙΑ ΕΛΛΑΔΑ,1,2013,387.8113550780866,5691.049057361594,6.814408928287789,14.026416895099828
EL5,VOREIA ELLADA,ΒΟΡΕΙΑ ΕΛΛΑΔΑ,1,2014,618.0204733854216,5515.154313889647,11.205860039654144,59.361108253517216
EL5,VOREIA ELLADA,ΒΟΡΕΙΑ ΕΛΛΑΔΑ,1,2015,708.4941951173308,5415.834111854928,13.081903553258408,14.639275821447795
EL5,VOREIA ELLADA,ΒΟΡΕΙΑ ΕΛΛΑΔΑ,1,2016,781.9782555032107,5569.103390438291,14.041367176730914,10.371864849748055
EL5,VOREIA ELLADA,ΒΟΡΕΙΑ ΕΛΛΑΔΑ,1,2017,758.5443594434721,5778.29911882079,13.12746785594361,-2.996745228504932
EL5,VOREIA ELLADA,ΒΟΡΕΙΑ ΕΛΛΑΔΑ,1,2018,678.9792266415997,5184.48214719293,13.096375054724108,-10.489186533566434
EL5,VOREIA ELLADA,ΒΟΡΕΙΑ ΕΛΛΑΔΑ,1,2019,680.6265932107844,5235.6511711650865,12.999846073765932,0.24262400152256025
EL5,VOREIA ELLADA,ΒΟΡΕΙΑ ΕΛΛΑΔΑ,1,2020,597.434767505145,5242.615055852844,11.395739743244551,-12.222829159993694
EL5,VOREIA ELLADA,ΒΟΡΕΙΑ ΕΛΛΑΔΑ,1,2021,764.7774476673516,6720.28376192381,11.380136237705822,28.01020115736157
EL5,VOREIA ELLADA,ΒΟΡΕΙΑ ΕΛΛΑΔΑ,1,2022,959.9983005939418,8197.640259730122,11.710666364683174,25.526491860087347
EL51,"Anatoliki Makedonia, Thraki","Ανατολική Μακεδονία, Θράκη",2,2000,47.826887959861445,1617.5646384076122,2.956721903054454,NA
EL51,"Anatoliki Makedonia, Thraki","Ανατολική Μακεδονία, Θράκη",2,2001,45.107584253117054,1707.4320385811243,2.6418377559906543,-5.685721615478217
EL51,"Anatoliki Makedonia, Thraki","Ανατολική Μακεδονία, Θράκη",2,2002,82.6603882142391,1622.053778345392,5.096032530965679,83.25164067842327
EL51,"Anatoliki Makedonia, Thraki","Ανατολική Μακεδονία, Θράκη",2,2003,86.81422642827205,1821.3398383731897,4.766503460760735,5.025185949123577
EL51,"Anatoliki Makedonia, Thraki","Ανατολική Μακεδονία, Θράκη",2,2004,76.93255435913505,2146.2686922440075,3.584479177148089,-11.3825492384033
EL51,"Anatoliki Makedonia, Thraki","Ανατολική Μακεδονία, Θράκη",2,2005,83.0493565913222,1900.3637212153317,4.370182174295033,7.950863302462054
EL51,"Anatoliki Makedonia, Thraki","Ανατολική Μακεδονία, Θράκη",2,2006,85.72090682000015,2319.04018472525,3.6963959220980893,3.2168223070341138
EL51,"Anatoliki Makedonia, Thraki","Ανατολική Μακεδονία, Θράκη",2,2007,94.7568846700717,2866.7166244055265,3.305415117189043,10.541159893520046
EL51,"Anatoliki Makedonia, Thraki","Ανατολική Μακεδονία, Θράκη",2,2008,108.53939219435192,2764.317956690579,3.9264438423825334,14.545125214140064
EL51,"Anatoliki Makedonia, Thraki","Ανατολική Μακεδονία, Θράκη",2,2009,62.06910921706783,1814.4809744287008,3.4207638488251786,-42.81420969639654
EL51,"Anatoliki Makedonia, Thraki","Ανατολική Μακεδονία, Θράκη",2,2010,154.63672973038922,1758.8387480449826,8.79197879295495,149.13637666297785
EL51,"Anatoliki Makedonia, Thraki","Ανατολική Μακεδονία, Θράκη",2,2011,102.97109341037064,1300.5788642553314,7.917327909932514,-33.410973195112284
EL51,"Anatoliki Makedonia, Thraki","Ανατολική Μακεδονία, Θράκη",2,2012,35.867441757316165,973.403934070612,3.6847438665389958,-65.16746538334436
EL51,"Anatoliki Makedonia, Thraki","Ανατολική Μακεδονία, Θράκη",2,2013,32.705807684706286,1139.1685593223935,2.871024434185625,-8.814774396239104
EL51,"Anatoliki Makedonia, Thraki","Ανατολική Μακεδονία, Θράκη",2,2014,104.98771244748764,1068.785967836957,9.823081103877618,221.00632847719405
EL51,"Anatoliki Makedonia, Thraki","Ανατολική Μακεδονία, Θράκη",2,2015,191.9580155407837,1128.3383309819048,17.01245187458425,82.83855421347191
EL51,"Anatoliki Makedonia, Thraki","Ανατολική Μακεδονία, Θράκη",2,2016,111.0966652429,1080.387319637495,10.283040463690053,-42.124497937781484
EL51,"Anatoliki Makedonia, Thraki","Ανατολική Μακεδονία, Θράκη",2,2017,113.90576498181552,1178.3123674935102,9.666856440123283,2.5285185048297794
EL51,"Anatoliki Makedonia, Thraki","Ανατολική Μακεδονία, Θράκη",2,2018,111.56905355091416,1003.2712661113878,11.120527151480012,-2.051442638811481
EL51,"Anatoliki Makedonia, Thraki","Ανατολική Μακεδονία, Θράκη",2,2019,92.30377476809034,1089.9938673995582,8.468283861844391,-17.267582873267077
EL51,"Anatoliki Makedonia, Thraki","Ανατολική Μακεδονία, Θράκη",2,2020,88.98538245507939,1071.8645231961411,8.301924406429476,-3.595077580898808
EL51,"Anatoliki Makedonia, Thraki","Ανατολική Μακεδονία, Θράκη",2,2021,86.98639634524379,1293.1393453887242,6.726761246220936,-2.246420765618111
EL51,"Anatoliki Makedonia, Thraki","Ανατολική Μακεδονία, Θράκη",2,2022,95.41524801928206,1520.5005962824237,6.275252259194725,9.689850399808106
EL30,Attiki,Αττική,2,2000,2489.5208109111254,13586.756644166027,18.32314271986385,NA
EL30,Attiki,Αττική,2,2001,2548.5778093832296,14912.344012202157,17.090390399375398,2.3722235304588692
EL30,Attiki,Αττική,2,2002,4217.416384999591,15155.868877348656,27.826952180239367,65.48117030102487
EL30,Attiki,Αττική,2,2003,4262.487750092742,16288.0553948347,26.16940848227021,1.0686961157892763
EL30,Attiki,Αττική,2,2004,4045.596162270659,16901.030725842516,23.936978920964513,-5.088380320092748
EL30,Attiki,Αττική,2,2005,3269.680489788466,15427.709560037843,21.193557456240093,-19.179266574316145
EL30,Attiki,Αττική,2,2006,4819.147521119664,18689.045698914793,25.78594754787022,47.38894323681889
EL30,Attiki,Αττική,2,2007,5401.999132857267,20631.347304965857,26.18345303875057,12.094496156909205
EL30,Attiki,Αττική,2,2008,5685.350119654338,20331.415631470452,27.96337560899664,5.24529863534427
EL30,Attiki,Αττική,2,2009,3883.6334056435912,18851.10114547103,20.60162626933139,-31.690514675291258
EL30,Attiki,Αττική,2,2010,3272.3603574887097,12797.12401041121,25.57106076979838,-15.739720625190731
EL30,Attiki,Αττική,2,2011,2076.526191494088,9631.730055327718,21.55922331259142,-36.543474292431974
EL30,Attiki,Αττική,2,2012,1676.0657304534304,8021.9061403503265,20.89360933834405,-19.285114855812193
EL30,Attiki,Αττική,2,2013,1650.0386973051618,6755.873441025304,24.423765656787438,-1.5528647042516326
EL30,Attiki,Αττική,2,2014,1606.325204152036,6262.3166734162305,25.650654349227448,-2.64924048293647
EL30,Attiki,Αττική,2,2015,1837.0254846657913,6052.211393294748,30.352962996319558,14.361990954100726
EL30,Attiki,Αττική,2,2016,2003.066168159159,6679.820242440282,29.986827421382763,9.038561788029591
EL30,Attiki,Αττική,2,2017,2133.462509729638,7041.8418150889975,30.296938865598115,6.509836951133513
EL30,Attiki,Αττική,2,2018,2213.907420892292,7434.338137047565,29.779482451298776,3.7706268938772407
EL30,Attiki,Αττική,2,2019,1830.3220668150675,7269.12727619816,25.179392205832276,-17.326169579513152
EL30,Attiki,Αττική,2,2020,1575.7168964699408,7539.063666054519,20.900697570240496,-13.910402707877726
EL30,Attiki,Αττική,2,2021,2093.838937026928,8804.953744330294,23.78023778234153,32.88167066798163
EL30,Attiki,Αττική,2,2022,2699.7195733221074,10797.684966857692,25.002762921946694,28.93635348836708
EL63,Dytiki Ellada,Δυτική Ελλάδα,2,2000,100.21374158820711,1516.63185237451,6.607651120560853,NA
EL63,Dytiki Ellada,Δυτική Ελλάδα,2,2001,94.22113868513702,1711.879734437957,5.503957830079203,-5.979821537543796
EL63,Dytiki Ellada,Δυτική Ελλάδα,2,2002,171.21935938866983,1765.8182437312155,9.696318406297541,81.72074948153747
EL63,Dytiki Ellada,Δυτική Ελλάδα,2,2003,151.52341962726962,1950.66144696288,7.767796911308568,-11.503336907534043
EL63,Dytiki Ellada,Δυτική Ελλάδα,2,2004,183.7111904408073,2284.657794128382,8.041081290727602,21.242769528773785
EL63,Dytiki Ellada,Δυτική Ελλάδα,2,2005,100.44174238650366,2076.8885739593757,4.836164233645994,-45.326279718999196
EL63,Dytiki Ellada,Δυτική Ελλάδα,2,2006,293.67305386999095,2581.4660742747765,11.37621202139927,192.3814809383989
EL63,Dytiki Ellada,Δυτική Ελλάδα,2,2007,149.8883520512172,2752.738937764084,5.445062370242934,-48.96080860126419
EL63,Dytiki Ellada,Δυτική Ελλάδα,2,2008,116.23614839912,3046.591475507565,3.81528502700727,-22.451513537621764
EL63,Dytiki Ellada,Δυτική Ελλάδα,2,2009,71.04076794767909,3356.161230987074,2.1167269108458604,-38.88237959868866
EL63,Dytiki Ellada,Δυτική Ελλάδα,2,2010,199.61531099761524,2444.6200317196453,8.165494367531533,180.98698362133442
EL63,Dytiki Ellada,Δυτική Ελλάδα,2,2011,70.1508823107725,1517.9798447277487,4.621331604264754,-64.85696314567242
EL63,Dytiki Ellada,Δυτική Ελλάδα,2,2012,26.614293453232168,1114.5974145792864,2.3877942928189855,-62.06135607057757
EL63,Dytiki Ellada,Δυτική Ελλάδα,2,2013,45.41084429594296,1057.7775513904537,4.29304292157176,70.62577436346726
EL63,Dytiki Ellada,Δυτική Ελλάδα,2,2014,85.04122905958643,1170.1438031876298,7.267587866373571,87.27075080430531
EL63,Dytiki Ellada,Δυτική Ελλάδα,2,2015,88.05476301155414,1066.0690853445717,8.259761419035367,3.5436152385053163
EL63,Dytiki Ellada,Δυτική Ελλάδα,2,2016,88.42139884714655,983.3713319600944,8.991659200690908,0.4163725198423353
EL63,Dytiki Ellada,Δυτική Ελλάδα,2,2017,83.00071697725986,1136.5379745519535,7.302942694016047,-6.13050906292196
EL63,Dytiki Ellada,Δυτική Ελλάδα,2,2018,71.41412739597287,1020.7503810221648,6.99623813262355,-13.959625896317771
EL63,Dytiki Ellada,Δυτική Ελλάδα,2,2019,162.38555641879847,1050.8938901687334,15.452136313469818,127.38576012896236
EL63,Dytiki Ellada,Δυτική Ελλάδα,2,2020,72.40511766081329,1025.8649299707556,7.057958172220327,-55.411602326208275
EL63,Dytiki Ellada,Δυτική Ελλάδα,2,2021,122.87195257433284,1296.8946198225844,9.474320480344176,69.70064623047072
EL63,Dytiki Ellada,Δυτική Ελλάδα,2,2022,131.82000666390405,1469.9869716897051,8.967426868578364,7.282421986545697
EL53,Dytiki Makedonia,Δυτική Μακεδονία,2,2000,30.347961901953777,1037.2034727603889,2.925941023045982,NA
EL53,Dytiki Makedonia,Δυτική Μακεδονία,2,2001,31.735061219660565,1167.058938334866,2.719233808785994,4.570650649253279
EL53,Dytiki Makedonia,Δυτική Μακεδονία,2,2002,49.62607510894353,1005.0045362372488,4.937895633261942,56.376175755410515
EL53,Dytiki Makedonia,Δυτική Μακεδονία,2,2003,52.72996176638087,1164.0743691831826,4.529776031696399,6.254547938001162
EL53,Dytiki Makedonia,Δυτική Μακεδονία,2,2004,45.21374286818378,1312.8934412861545,3.4438242622257964,-14.254170961658494
EL53,Dytiki Makedonia,Δυτική Μακεδονία,2,2005,59.83239110535431,1441.4487899021294,4.150850971918105,32.332311615496565
EL53,Dytiki Makedonia,Δυτική Μακεδονία,2,2006,44.09821403147093,1672.2635477938486,2.637037331205836,-26.29708888982602
EL53,Dytiki Makedonia,Δυτική Μακεδονία,2,2007,46.06894208154384,1852.703020598425,2.486579962862236,4.4689520729036465
EL53,Dytiki Makedonia,Δυτική Μακεδονία,2,2008,37.23682848035853,2296.404983657335,1.6215270714599241,-19.171513827150875
EL53,Dytiki Makedonia,Δυτική Μακεδονία,2,2009,40.629262237556006,2713.396968362535,1.4973578400537064,9.110426144339586
EL53,Dytiki Makedonia,Δυτική Μακεδονία,2,2010,58.332837047186814,1369.2775005437627,4.260117983682773,43.57345872076003
EL53,Dytiki Makedonia,Δυτική Μακεδονία,2,2011,18.908320605859732,773.7802855563798,2.443629148843444,-67.58546032903502
EL53,Dytiki Makedonia,Δυτική Μακεδονία,2,2012,22.320479000998443,999.82096351578,2.232447589667504,18.045803571160494
EL53,Dytiki Makedonia,Δυτική Μακεδονία,2,2013,14.860797676771623,865.3472690032913,1.7173218439677194,-33.42079407835796
EL53,Dytiki Makedonia,Δυτική Μακεδονία,2,2014,19.73937964927108,987.5595299345262,1.9988040265866072,32.82853369388772
EL53,Dytiki Makedonia,Δυτική Μακεδονία,2,2015,23.123661177051577,988.0038998864773,2.340442297819726,17.144822116562665
EL53,Dytiki Makedonia,Δυτική Μακεδονία,2,2016,26.898443450820135,967.741625351145,2.7795067140012746,16.32432790320736
EL53,Dytiki Makedonia,Δυτική Μακεδονία,2,2017,23.358489859547557,894.5007585252316,2.6113437732639633,-13.160440297390682
EL53,Dytiki Makedonia,Δυτική Μακεδονία,2,2018,17.640891637237267,754.2000928757741,2.3390200828499412,-24.47760217672324
EL53,Dytiki Makedonia,Δυτική Μακεδονία,2,2019,36.47050947549054,761.6993264723724,4.788045388512414,106.7384700584339
EL53,Dytiki Makedonia,Δυτική Μακεδονία,2,2020,19.65987263021949,694.5819841250515,2.830461065727837,-46.09378121402002
EL53,Dytiki Makedonia,Δυτική Μακεδονία,2,2021,31.690750691564705,834.3624296129983,3.798199627260758,61.19509667042487
EL53,Dytiki Makedonia,Δυτική Μακεδονία,2,2022,43.276333090698145,1039.63214197633,4.162658246447659,36.558245375415595
EL62,Ionia Nisia,Ιόνια Νησιά,2,2000,44.86337699487342,579.0414380793864,7.74786984912169,NA
EL62,Ionia Nisia,Ιόνια Νησιά,2,2001,49.678424107067094,691.4495430051995,7.18467813156014,10.732689856904653
EL62,Ionia Nisia,Ιόνια Νησιά,2,2002,76.32843680609558,714.9282211345064,10.676377648789886,53.64504445952692
EL62,Ionia Nisia,Ιόνια Νησιά,2,2003,68.05829703063127,777.69377578957085,8.751297637882413,-10.834939272336653
EL62,Ionia Nisia,Ιόνια Νησιά,2,2004,80.78189833096776,944.7536855035016,8.550577740050356,18.695150856639767
EL62,Ionia Nisia,Ιόνια Νησιά,2,2005,48.99574494759529,697.5115517801463,7.02436322703923,-39.34811392168936
EL62,Ionia Nisia,Ιόνια Νησιά,2,2006,62.654261845383346,966.6482009002096,6.481599178174165,27.876945053895774
EL62,Ionia Nisia,Ιόνια Νησιά,2,2007,143.52477415559602,1151.4655627652012,12.464530316558204,129.07424000905627
EL62,Ionia Nisia,Ιόνια Νησιά,2,2008,123.45075863265224,1040.6495653785746,11.86285592573543,-13.986446340742143
EL62,Ionia Nisia,Ιόνια Νησιά,2,2009,71.09119144917676,695.7631759295081,10.217728374917536,-42.41332152464115
EL62,Ionia Nisia,Ιόνια Νησιά,2,2010,101.45204700716111,788.7031683916347,12.863146881233849,42.70691620028536
EL62,Ionia Nisia,Ιόνια Νησιά,2,2011,58.379818613075486,596.3036407672221,9.790283778573324,-42.455750933291
EL62,Ionia Nisia,Ιόνια Νησιά,2,2012,40.2652539734967,429.1155576884836,9.383312548814008,-31.028812815669866
EL62,Ionia Nisia,Ιόνια Νησιά,2,2013,30.69734625153956,310.0424511669349,9.901013921158595,-23.762193896144066
EL62,Ionia Nisia,Ιόνια Νησιά,2,2014,103.66800885946506,354.5663951275631,29.23796791914479,237.71000271486272
EL62,Ionia Nisia,Ιόνια Νησιά,2,2015,102.31555316348472,399.58391388401935,25.605523547973,-1.3046027514753966
EL62,Ionia Nisia,Ιόνια Νησιά,2,2016,114.37552637220472,395.01232473092574,28.954926014046514,11.787038075677495
EL62,Ionia Nisia,Ιόνια Νησιά,2,2017,148.98317160144188,478.7407598881129,31.119800962061582,30.25791122186034
EL62,Ionia Nisia,Ιόνια Νησιά,2,2018,167.68592743389016,505.04970522591606,33.20186621213487,12.553602954890556
EL62,Ionia Nisia,Ιόνια Νησιά,2,2019,155.73809764167066,422.3190394934489,36.87688289603778,-7.125123720909676
EL62,Ionia Nisia,Ιόνια Νησιά,2,2020,67.03931367150615,380.63713050627456,17.612394666368747,-56.95381240256751
EL62,Ionia Nisia,Ιόνια Νησιά,2,2021,92.8736581298335,503.4654991850063,18.44687635601136,38.53611119128711
EL62,Ionia Nisia,Ιόνια Νησιά,2,2022,120.48586314492896,658.7902268780123,18.28895727793473,29.73093293740486
EL54,Ipeiros,Ήπειρος,2,2000,35.5628469209149,808.2687758495518,4.399878850143091,NA
EL54,Ipeiros,Ήπειρος,2,2001,36.818226555809,854.5701119356683,4.308391557529766,3.5300313208496115
EL54,Ipeiros,Ήπειρος,2,2002,58.82884669398155,950.5589977871662,6.1888685321932595,59.78185859878096
EL54,Ipeiros,Ήπειρος,2,2003,61.535866824895635,1051.4900276034225,5.852253964324269,4.601518273842043
EL54,Ipeiros,Ήπειρος,2,2004,54.513874407715186,1279.8937150290876,4.259250105503977,-11.411218821637782
EL54,Ipeiros,Ήπειρος,2,2005,77.19758491316625,1199.1711645598505,6.437578487096229,41.61089401901089
EL54,Ipeiros,Ήπειρος,2,2006,47.20131332144113,1401.8613280303678,3.367045825264297,-38.85648964985844
EL54,Ipeiros,Ήπειρος,2,2007,74.34053758964492,1571.7502150380162,4.72979337800484,57.49675667578479
EL54,Ipeiros,Ήπειρος,2,2008,71.85347280575938,1741.602899094513,4.125709301650631,-3.345502823256383
EL54,Ipeiros,Ήπειρος,2,2009,44.15670719037974,1442.8359604127943,3.060410774468536,-38.54617533971109
EL54,Ipeiros,Ήπειρος,2,2010,51.066060896890086,1164.5064356312448,4.38521070681835,15.647348151937516
EL54,Ipeiros,Ήπειρος,2,2011,70.71378959169782,874.2205547351748,8.088781396030999,38.475120950643515
EL54,Ipeiros,Ήπειρος,2,2012,20.6096771907781,523.7472605810515,3.9350424798238524,-70.85479747333781
EL54,Ipeiros,Ήπειρος,2,2013,25.564047896177012,516.6738488547813,4.947811458396873,24.039050488455825
EL54,Ipeiros,Ήπειρος,2,2014,60.97005996133305,603.9072801486557,10.095930611454936,138.4992400614726
EL54,Ipeiros,Ήπειρος,2,2015,72.51602880520662,554.9539806916802,13.067034624172717,18.937112496192345
EL54,Ipeiros,Ήπειρος,2,2016,43.53542362008056,569.2869357455893,7.647360388318529,-39.96441292031324
EL54,Ipeiros,Ήπειρος,2,2017,53.42727088856282,653.8645017574061,8.171000374690042,22.721375941589983
EL54,Ipeiros,Ήπειρος,2,2018,61.53982681512989,611.5638129894439,10.062699183313535,15.184297815787787
EL54,Ipeiros,Ήπειρος,2,2019,50.109816908087986,593.6109450744675,8.441525097183273,-18.57335403523069
EL54,Ipeiros,Ήπειρος,2,2020,52.82399423163057,639.1115586996359,8.265222794453688,5.4164582730784305
EL54,Ipeiros,Ήπειρος,2,2021,65.89255033162249,860.2879277788587,7.659360105371663,24.739810554057975
EL54,Ipeiros,Ήπειρος,2,2022,77.08639559289142,1051.590034827191,7.330460829781362,16.98802854789018
EL52,Kentriki Makedonia,Κεντρική Μακεδονία,2,2000,528.2375093725344,6313.302392151953,8.367055410321939,NA
EL52,Kentriki Makedonia,Κεντρική Μακεδονία,2,2001,583.5252369252012,6487.512091922768,8.99459189681843,10.46645241424452
EL52,Kentriki Makedonia,Κεντρική Μακεδονία,2,2002,870.8869028980381,6460.0737955448885,13.481067406670102,49.24579911694072
EL52,Kentriki Makedonia,Κεντρική Μακεδονία,2,2003,815.9073045195572,7584.659036701994,10.75733662609486,-6.313058354136001
EL52,Kentriki Makedonia,Κεντρική Μακεδονία,2,2004,886.1392597387952,8787.172032105267,10.084464677613582,8.607835084966387
EL52,Kentriki Makedonia,Κεντρική Μακεδονία,2,2005,687.1676184309196,7185.76850787827,9.562896684989626,-22.453766619766512
EL52,Kentriki Makedonia,Κεντρική Μακεδονία,2,2006,793.2909972249072,8946.21858982444,8.867333044233995,15.443594247981308
EL52,Kentriki Makedonia,Κεντρική Μακεδονία,2,2007,1294.5515785598557,10766.974836490925,12.023354732588604,63.18747888082174
EL52,Kentriki Makedonia,Κεντρική Μακεδονία,2,2008,457.2494477542332,8121.005569116158,5.6304535671436255,-64.67893166042039
EL52,Kentriki Makedonia,Κεντρική Μακεδονία,2,2009,481.3167275614229,6427.017255814565,7.488959627826928,5.263490185804583
EL52,Kentriki Makedonia,Κεντρική Μακεδονία,2,2010,592.720520329533,5451.331012176972,10.872950459356382,23.145630805838415
EL52,Kentriki Makedonia,Κεντρική Μακεδονία,2,2011,581.812059568072,4292.671572416766,13.55361223781005,-1.8404054503455138
EL52,Kentriki Makedonia,Κεντρική Μακεδονία,2,2012,261.3089893120496,4458.861131639065,5.860442422345483,-55.08704486014929
EL52,Kentriki Makedonia,Κεντρική Μακεδονία,2,2013,314.68070182043164,3169.8593801811285,9.927276389227416,20.424751803944506
EL52,Kentriki Makedonia,Κεντρική Μακεδονία,2,2014,432.3233213273297,2854.901535969508,15.143195514114824,37.38475820930045
EL52,Kentriki Makedonia,Κεντρική Μακεδονία,2,2015,420.8964895942889,2744.537900294865,15.335787111887543,-2.6431217492403376
EL52,Kentriki Makedonia,Κεντρική Μακεδονία,2,2016,600.4477231894099,2951.687509704061,20.342523428220602,42.6592376116499
EL52,Kentriki Makedonia,Κεντρική Μακεδονία,2,2017,567.8528337135463,3051.621491044641,18.608232881436322,-5.428430855350523
EL52,Kentriki Makedonia,Κεντρική Μακεδονία,2,2018,488.2294546383184,2815.4469752163245,17.34109926189625,-14.021833536432426
EL52,Kentriki Makedonia,Κεντρική Μακεδονία,2,2019,501.74249205911553,2790.347032218688,17.981365266246655,2.7677636595702024
EL52,Kentriki Makedonia,Κεντρική Μακεδονία,2,2020,435.9655181882155,2837.0569898320164,15.366822723361269,-13.109707651220845
EL52,Kentriki Makedonia,Κεντρική Μακεδονία,2,2021,580.2077502989206,3732.4940591432287,15.544773577807215,33.085697398763685
EL52,Kentriki Makedonia,Κεντρική Μακεδονία,2,2022,744.2203238910702,4585.917486644178,16.22838452847231,28.267904644095328
EL43,Kriti,Κρήτη,2,2000,121.5540040531493,1543.4677342678815,7.875383550586915,NA
EL43,Kriti,Κρήτη,2,2001,131.84664547722875,1573.5373915568875,8.378996659671188,8.467546177729371
EL43,Kriti,Κρήτη,2,2002,197.46559172272543,1642.3832500800554,12.0231128582869,49.76914354398932
EL43,Kriti,Κρήτη,2,2003,203.62907874679985,2141.5188373490864,9.508628885042421,3.1212967131655907
EL43,Kriti,Κρήτη,2,2004,184.67569962866972,2534.1396181187624,7.287510850162436,-9.307795936992616
EL43,Kriti,Κρήτη,2,2005,188.45269004867092,2228.2238633279776,8.457529476737864,2.0452016305316025
EL43,Kriti,Κρήτη,2,2006,192.37524795503649,2800.0163891395596,6.870504354946047,2.081454982336684
EL43,Kriti,Κρήτη,2,2007,411.81495353289824,3745.8484829969184,10.993903127747974,114.06857582278516
EL43,Kriti,Κρήτη,2,2008,387.2886311111916,3619.55389346174,10.699899559743505,-5.955665818178538
EL43,Kriti,Κρήτη,2,2009,225.521149715468,2843.4922921143807,7.931132795432115,-41.76923059465686
EL43,Kriti,Κρήτη,2,2010,308.95995066800805,2547.0682468421724,12.130022469992834,36.99821549234376
EL43,Kriti,Κρήτη,2,2011,205.05080915674895,1736.9951752144618,11.804915297558724,-33.63191290217234
EL43,Kriti,Κρήτη,2,2012,86.92779918349328,1263.2345119768347,6.881366710561132,-57.60670267970403
EL43,Kriti,Κρήτη,2,2013,136.6953142597912,1464.775621974295,9.332167480746756,57.25155306330161
EL43,Kriti,Κρήτη,2,2014,288.5059279260832,1468.2853869429282,19.649172462771187,111.05765730767772
EL43,Kriti,Κρήτη,2,2015,281.6508871801845,1414.5475319920615,19.911023193652934,-2.376048490641409
EL43,Kriti,Κρήτη,2,2016,233.4852572941233,1363.614896569246,17.122521753139754,-17.101181667944658
EL43,Kriti,Κρήτη,2,2017,284.3417922038207,1523.0144092555545,18.669671834740306,21.781475840949145
EL43,Kriti,Κρήτη,2,2018,298.7187761276579,1421.8479669029946,21.009192479158916,5.056233138437684
EL43,Kriti,Κρήτη,2,2019,333.314740528672,1431.8803015379217,23.278114809643856,11.58144956587177
EL43,Kriti,Κρήτη,2,2020,256.38730801286005,1352.1573402800962,18.96135163972486,-23.07951709360259
EL43,Kriti,Κρήτη,2,2021,370.5432239458807,1873.0943834961724,19.78241071089293,44.52479212711057
EL43,Kriti,Κρήτη,2,2022,381.73589254965947,2153.50193072283,17.726285131378013,3.0206107899070647
EL42,Notio Aigaio,Νότιο Αιγαίο,2,2000,105.34953163022531,909.3942748305252,11.584582677283544,NA
EL42,Notio Aigaio,Νότιο Αιγαίο,2,2001,118.66277775394605,1014.1875396892508,11.70027959427549,12.637214345147685
EL42,Notio Aigaio,Νότιο Αιγαίο,2,2002,164.2087484709427,1195.9172403261043,13.73077859686729,38.38269386499514
EL42,Notio Aigaio,Νότιο Αιγαίο,2,2003,168.53158682150757,1365.514712987302,12.341982493386345,2.632526214844032
EL42,Notio Aigaio,Νότιο Αιγαίο,2,2004,153.49811829120324,1320.285135444845,11.626133944126014,-8.920267597210922
EL42,Notio Aigaio,Νότιο Αιγαίο,2,2005,152.5980231458781,1140.703739277554,13.377533349940938,-0.5863883905192615
EL42,Notio Aigaio,Νότιο Αιγαίο,2,2006,183.43307458929303,1484.6923843776506,12.354954906445757,20.20671749721014
EL42,Notio Aigaio,Νότιο Αιγαίο,2,2007,170.16315497691252,1742.7245066517555,9.764202794384403,-7.2342022517432465
EL42,Notio Aigaio,Νότιο Αιγαίο,2,2008,285.7457254091805,2059.332524335963,13.875647668961085,67.9245577269357
EL42,Notio Aigaio,Νότιο Αιγαίο,2,2009,117.00750503855387,1486.621856861894,7.87069721183467,-59.05187912400015
EL42,Notio Aigaio,Νότιο Αιγαίο,2,2010,231.5745984505957,1417.5889931955735,16.335806750909725,97.91431188477358
EL42,Notio Aigaio,Νότιο Αιγαίο,2,2011,209.97397409615613,1188.689695458905,17.664321891433044,-9.327717503976524
EL42,Notio Aigaio,Νότιο Αιγαίο,2,2012,89.78428254211364,842.9148073047724,10.651643768033889,-57.24028040684816
EL42,Notio Aigaio,Νότιο Αιγαίο,2,2013,52.82392460345005,657.491690636203,8.03415850812297,-41.165732901331815
EL42,Notio Aigaio,Νότιο Αιγαίο,2,2014,224.66432259542097,784.7778438282342,28.627760628343335,325.3078965298001
EL42,Notio Aigaio,Νότιο Αιγαίο,2,2015,288.08042202752654,819.350693862422,35.15959944691259,28.22704499739653
EL42,Notio Aigaio,Νότιο Αιγαίο,2,2016,255.0528078614527,738.1572542104245,34.55263853422017,-11.464720140863307
EL42,Notio Aigaio,Νότιο Αιγαίο,2,2017,249.67157047025748,796.6020307273322,31.34207054961892,-2.1098522444490624
EL42,Notio Aigaio,Νότιο Αιγαίο,2,2018,194.2229672563907,767.426471292173,25.308348685101134,-22.208617148291694
EL42,Notio Aigaio,Νότιο Αιγαίο,2,2019,402.7709083116277,940.668990823754,42.81749608424074,107.37553029963553
EL42,Notio Aigaio,Νότιο Αιγαίο,2,2020,145.28604852893488,653.1554630132547,22.243716351797023,-63.92836584500148
EL42,Notio Aigaio,Νότιο Αιγαίο,2,2021,262.7085342515156,963.6161461804112,27.262778368009045,80.82158397968615
EL42,Notio Aigaio,Νότιο Αιγαίο,2,2022,302.5323879131306,1249.647130181064,24.20942525345503,15.158949356204744
EL65,Peloponnisos,Πελοπόννησος,2,2000,78.36170044132004,1953.3796177786928,4.011596093668158,NA
EL65,Peloponnisos,Πελοπόννησος,2,2001,79.12991251139864,1981.6131398881575,3.99320689384734,0.9803412454708895
EL65,Peloponnisos,Πελοπόννησος,2,2002,131.3728449529273,2080.2490583262197,6.3152459762981765,66.02172400228936
EL65,Peloponnisos,Πελοπόννησος,2,2003,136.75159443209645,2468.5094299980706,5.539844927074204,4.094262768760499
EL65,Peloponnisos,Πελοπόννησος,2,2004,122.63131513273174,2768.4437284040364,4.429611982882048,-10.325495185634628
EL65,Peloponnisos,Πελοπόννησος,2,2005,129.62428612356908,2434.7472079289932,5.323932016491686,5.702434963914718
EL65,Peloponnisos,Πελοπόννησος,2,2006,144.64772147859,2961.2097973009195,4.884750874809119,11.589985028499433
EL65,Peloponnisos,Πελοπόννησος,2,2007,153.456518414164,3057.6304264542982,5.01880531690404,6.089827648531498
EL65,Peloponnisos,Πελοπόννησος,2,2008,132.80388197064102,3003.140189397196,4.4221672514494905,-13.45829858317492
EL65,Peloponnisos,Πελοπόννησος,2,2009,79.56051960713208,2258.0662212602524,3.523391779127206,-40.09172139657744
EL65,Peloponnisos,Πελοπόννησος,2,2010,222.08995078182824,2549.156717568192,8.712290980434283,179.14592800361666
EL65,Peloponnisos,Πελοπόννησος,2,2011,80.29718992937849,1900.327830746096,4.2254388232504425,-63.84474414681688
EL65,Peloponnisos,Πελοπόννησος,2,2012,26.23134976006962,1254.6364850745076,2.090752984798768,-67.33216967724508
EL65,Peloponnisos,Πελοπόννησος,2,2013,45.83624548221325,1202.2042872988131,3.8126835818562053,74.73841758607087
EL65,Peloponnisos,Πελοπόννησος,2,2014,98.57349987068258,1085.8773105577898,9.077775077558965,115.05579009287314
EL65,Peloponnisos,Πελοπόννησος,2,2015,95.81650061155182,1223.3520322549837,7.832291775813289,-2.7968969984302476
EL65,Peloponnisos,Πελοπόννησος,2,2016,82.58412590188024,1098.0796132010123,7.5207776293322866,-13.810121038876947
EL65,Peloponnisos,Πελοπόννησος,2,2017,78.80808819774879,1238.210162301076,6.36467787110491,-4.57235293453107
EL65,Peloponnisos,Πελοπόννησος,2,2018,68.13446694572093,1066.6289298826616,6.3878322663924285,-13.543814468947819
EL65,Peloponnisos,Πελοπόννησος,2,2019,85.02833435054418,1074.9371821105494,7.9100747248874725,24.79489186916468
EL65,Peloponnisos,Πελοπόννησος,2,2020,106.14021051188335,1211.2228925155234,8.763061792156726,24.829224660925103
EL65,Peloponnisos,Πελοπόννησος,2,2021,111.43090601058512,1402.3127309994354,7.94622365948056,4.984628797310916
EL65,Peloponnisos,Πελοπόννησος,2,2022,122.7887140261116,1701.974603480728,7.214485678869413,10.192691078404746
EL64,Sterea Ellada,Στερεά Ελλάδα,2,2000,59.51208520987507,2654.2971704220545,2.2421033286341547,NA
EL64,Sterea Ellada,Στερεά Ελλάδα,2,2001,60.25922614877557,2941.164113680844,2.0488222968748797,1.2554440602537054
EL64,Sterea Ellada,Στερεά Ελλάδα,2,2002,102.277996278775,2648.009058286229,3.8624488824433456,69.73001947661626
EL64,Sterea Ellada,Στερεά Ελλάδα,2,2003,96.3789609631486,3354.192094468826,2.873388233252374,-5.767648497480967
EL64,Sterea Ellada,Στερεά Ελλάδα,2,2004,104.32687418880576,3433.2610267004384,3.038710816843131,8.246523044273241
EL64,Sterea Ellada,Στερεά Ελλάδα,2,2005,72.76817822411724,2822.3662136804537,2.578268471022591,-30.24982413215517
EL64,Sterea Ellada,Στερεά Ελλάδα,2,2006,120.36984079407556,4052.492776849248,2.970266633952184,65.4154930515794
EL64,Sterea Ellada,Στερεά Ελλάδα,2,2007,164.96147516455494,4028.533396110965,4.094827048568201,37.045520768582854
EL64,Sterea Ellada,Στερεά Ελλάδα,2,2008,143.90896555639844,3410.3931408004837,4.219717774902054,-12.762076470979586
EL64,Sterea Ellada,Στερεά Ελλάδα,2,2009,68.3282752735444,2519.5179279803833,2.7119582883188915,-52.51979262767592
EL64,Sterea Ellada,Στερεά Ελλάδα,2,2010,131.40619763288782,2706.4555205175966,4.85528753887509,92.31598793737761
EL64,Sterea Ellada,Στερεά Ελλάδα,2,2011,77.57497798907451,2251.878096550852,3.4449013073973345,-40.96551046564995
EL64,Sterea Ellada,Στερεά Ελλάδα,2,2012,67.50219795433846,1613.8900699420306,4.182577191069964,-12.984573500175125
EL64,Sterea Ellada,Στερεά Ελλάδα,2,2013,27.15873168249149,1474.514552564892,1.841876137149637,-59.76615205794796
EL64,Sterea Ellada,Στερεά Ελλάδα,2,2014,86.93195842464247,1478.8440893886552,5.878372104836257,220.08843211439503
EL64,Sterea Ellada,Στερεά Ελλάδα,2,2015,102.04166656194052,1347.980362849002,7.569966846273043,17.381074130977954
EL64,Sterea Ellada,Στερεά Ελλάδα,2,2016,106.88377461314558,1408.8860698460385,7.586402967617227,4.7452263514981325
EL64,Sterea Ellada,Στερεά Ελλάδα,2,2017,96.9176680072078,1537.7807661725185,6.302437261485095,-9.324246492986463
EL64,Sterea Ellada,Στερεά Ελλάδα,2,2018,81.14572293180277,1371.220384992071,5.917773963976766,-16.273549910664446
EL64,Sterea Ellada,Στερεά Ελλάδα,2,2019,74.00098425231769,1265.6534916400226,5.846859724333227,-8.804824729320263
EL64,Sterea Ellada,Στερεά Ελλάδα,2,2020,54.4408369575104,1577.8097933501926,3.4504055677025027,-26.432279911458984
EL64,Sterea Ellada,Στερεά Ελλάδα,2,2021,69.59439124517596,1779.1498662636145,3.91166548500666,27.834903235401203
EL64,Sterea Ellada,Στερεά Ελλάδα,2,2022,94.59641065065092,2229.3071180943157,4.24330994517772,35.925336737833774
EL61,Thessalia,Θεσσαλία,2,2000,115.3740547662095,2343.4944740400965,4.923163081639743,NA
EL61,Thessalia,Θεσσαλία,2,2001,124.77896031315912,2204.4383031115444,5.66035167040215,8.151664224688504
EL61,Thessalia,Θεσσαλία,2,2002,187.28292667989464,2205.713435925332,8.490809532623011,50.09175121340059
EL61,Thessalia,Θεσσαλία,2,2003,186.3680272485913,2708.7001624908817,6.88034909988745,-0.48851192552490746
EL61,Thessalia,Θεσσαλία,2,2004,181.16564357489827,2940.5989958964537,6.16084150976421,-2.7914571777667105
EL61,Thessalia,Θεσσαλία,2,2005,96.03548882235982,2475.954007505198,3.878726686006836,-46.99023118991299
EL61,Thessalia,Θεσσαλία,2,2006,260.56058953802443,3031.6460322528983,8.594690368400126,171.31698160040858
EL61,Thessalia,Θεσσαλία,2,2007,244.35194318276524,3493.803886840695,6.993865457162874,-6.220682254364416
EL61,Thessalia,Θεσσαλία,2,2008,158.41215568932182,3220.180075398064,4.919357053960395,-35.17049480926942
EL61,Thessalia,Θεσσαλία,2,2009,87.9399136083971,2975.085915490088,2.955878119368889,-44.48663789358122
EL61,Thessalia,Θεσσαλία,2,2010,118.65799535731192,2008.2923495352109,5.908402498509419,34.93076179913558
EL61,Thessalia,Θεσσαλία,2,2011,130.72510997221062,1615.492677183487,8.091965492540757,10.169659936156256
EL61,Thessalia,Θεσσαλία,2,2012,21.190317471948894,912.3922745039464,2.32250075588044,-83.79017047570011
EL61,Thessalia,Θεσσαλία,2,2013,36.07250713882698,1533.5240364873275,2.3522622587288717,70.2310840155117
EL61,Thessalia,Θεσσαλία,2,2014,123.08556788219173,1226.719054718004,10.033721038961641,241.21711420969527
EL61,Thessalia,Θεσσαλία,2,2015,146.5421263316212,1342.0006904027648,10.919675927114508,19.057115186632064
EL61,Thessalia,Θεσσαλία,2,2016,171.44251542442316,1204.482946778402,14.233702177600426,16.9919665533261
EL61,Thessalia,Θεσσαλία,2,2017,151.77891477145326,1370.3590604382446,11.075850056620485,-11.469500785316109
EL61,Thessalia,Θεσσαλία,2,2018,120.24168144870534,1302.2930904783882,9.23307374721119,-20.77840217149812
EL61,Thessalia,Θεσσαλία,2,2019,123.28465766882336,1233.002990686094,9.998731438617408,2.5307166229342393
EL61,Thessalia,Θεσσαλία,2,2020,84.55971158551333,1247.5315220199222,6.778162322391639,-31.411001835553563
EL61,Thessalia,Θεσσαλία,2,2021,122.99736128259752,1615.9772740854462,7.6113298902799995,45.45622138057208
EL61,Thessalia,Θεσσαλία,2,2022,147.39313802688386,1989.7521623105183,7.407612908721738,19.83439033967147
EL41,Voreio Aigaio,Βόρειο Αιγαίο,2,2000,20.235779730440072,453.8037214064563,4.459148036010834,NA
EL41,Voreio Aigaio,Βόρειο Αιγαίο,2,2001,19.198915779525414,494.4723011779345,3.882708037192307,-5.123914001470052
EL41,Voreio Aigaio,Βόρειο Αιγαίο,2,2002,36.56256096332052,492.69330018426706,7.420957611894893,90.44075917199699
EL41,Voreio Aigaio,Βόρειο Αιγαίο,2,2003,35.49476801249749,635.2073947281184,5.587902204395773,-2.9204544831918122
EL41,Voreio Aigaio,Βόρειο Αιγαίο,2,2004,36.5993854629648,657.7620461410974,5.564228838936963,3.112057106778047
EL41,Voreio Aigaio,Βόρειο Αιγαίο,2,2005,28.598104966119323,566.6738526486323,5.046660408355149,-21.861789195728527
EL41,Voreio Aigaio,Βόρειο Αιγαίο,2,2006,38.6519157991795,646.3899458232315,5.97965919008116,35.155514132740976
EL41,Voreio Aigaio,Βόρειο Αιγαίο,2,2007,71.02196486143673,875.6649445306413,8.110632417688558,83.74759282422006
EL41,Voreio Aigaio,Βόρειο Αιγαίο,2,2008,67.45836722306488,924.675841098387,7.295353055069945,-5.017599337506919
EL41,Voreio Aigaio,Βόρειο Αιγαίο,2,2009,56.56231428997628,508.3606863434472,11.126413943772773,-16.15226306480051
EL41,Voreio Aigaio,Βόρειο Αιγαίο,2,2010,50.58003470626143,605.0863786979284,8.35914284091198,-10.576440619182732
EL41,Voreio Aigaio,Βόρειο Αιγαίο,2,2011,33.69943677284548,532.3704542541432,6.330072697227114,-33.37403390774316
EL41,Voreio Aigaio,Βόρειο Αιγαίο,2,2012,11.968199446799549,419.02591493600954,2.8561955287723055,-64.48546150052172
EL41,Voreio Aigaio,Βόρειο Αιγαίο,2,2013,23.177049759222065,400.376644877327,5.788811624195355,93.65527673772104
EL41,Voreio Aigaio,Βόρειο Αιγαίο,2,2014,33.47865704844874,432.8409036357849,7.734633387749195,44.44744864530353
EL41,Voreio Aigaio,Βόρειο Αιγαίο,2,2015,37.72352499595885,491.48647250195654,7.675394361094786,12.679325641309733
EL41,Voreio Aigaio,Βόρειο Αιγαίο,2,2016,36.32715264646851,391.56339830793064,9.277463829216325,-3.701595621405799
EL41,Voreio Aigaio,Βόρειο Αιγαίο,2,2017,30.49883374140433,471.4471104415507,6.469195179251296,-16.043973943635724
EL41,Voreio Aigaio,Βόρειο Αιγαίο,2,2018,19.784628691607264,391.61747908410734,5.052029020226172,-35.12988444293125
EL41,Voreio Aigaio,Βόρειο Αιγαίο,2,2019,59.83433434828997,391.1026388414113,15.29888280108288,202.42839166181565
EL41,Voreio Aigaio,Βόρειο Αιγαίο,2,2020,18.50367851306128,377.07841575875693,4.907116859454337,-69.07514938604794
EL41,Voreio Aigaio,Βόρειο Αιγαίο,2,2021,32.097786130275196,495.9418726069864,6.472086327687715,73.46705471357046
EL41,Voreio Aigaio,Βόρειο Αιγαίο,2,2022,38.97026146772347,594.2113242981007,6.558316860378964,21.41105716623251
