geo,year,involuntary_part_time_employment,geo_label,NUTS_level,Country_code,involuntary_part_time_employment_diff
BE,1983,26.4,Belgium,0,BE,NA
BE,1984,30.7,Belgium,0,BE,16.28787878787879
BE,1985,32.1,Belgium,0,BE,4.560260586319225
BE,1986,34.8,Belgium,0,BE,8.411214953271013
BE,1987,33,Belgium,0,BE,-5.17241379310344
BE,1988,34.6,Belgium,0,BE,4.848484848484853
BE,1989,28.6,Belgium,0,BE,-17.341040462427745
BE,1990,31.2,Belgium,0,BE,9.090909090909083
BE,1991,28.6,Belgium,0,BE,-8.333333333333327
BE,1992,31.2,Belgium,0,BE,9.090909090909083
BE,1993,30.6,Belgium,0,BE,-1.9230769230769162
BE,1994,29.9,Belgium,0,BE,-2.2875816993464144
BE,1995,28.9,Belgium,0,BE,-3.3444816053511706
BE,1996,27.4,Belgium,0,BE,-5.190311418685122
BE,1997,26.9,Belgium,0,BE,-1.8248175182481754
BE,1998,27.2,Belgium,0,BE,1.115241635687735
BE,1999,20.3,Belgium,0,BE,-25.367647058823522
BE,2000,22.2,Belgium,0,BE,9.359605911330043
BE,2001,20,Belgium,0,BE,-9.909909909909906
BE,2002,15.9,Belgium,0,BE,-20.5
BE,2003,17.6,Belgium,0,BE,10.691823899371075
BE,2004,17.6,Belgium,0,BE,0
BE,2005,16.2,Belgium,0,BE,-7.954545454545466
BE,2006,14.8,Belgium,0,BE,-8.641975308641966
BE,2007,14.6,Belgium,0,BE,-1.3513513513513586
BE,2008,14.3,Belgium,0,BE,-2.054794520547938
BE,2009,11.7,Belgium,0,BE,-18.18181818181819
BE,2010,11.2,Belgium,0,BE,-4.273504273504273
BE,2011,10.2,Belgium,0,BE,-8.928571428571429
BE,2012,9.3,Belgium,0,BE,-8.823529411764692
BE,2013,9.3,Belgium,0,BE,0
BE,2014,9.9,Belgium,0,BE,6.4516129032258025
BE,2015,9.8,Belgium,0,BE,-1.0101010101010066
BE,2016,8.6,Belgium,0,BE,-12.244897959183684
BE,2017,7.6,Belgium,0,BE,-11.627906976744185
BE,2018,6.7,Belgium,0,BE,-11.842105263157888
BE,2019,5.7,Belgium,0,BE,-14.925373134328357
BE,2020,4.6,Belgium,0,BE,-19.298245614035096
BE,2021,21.1,Belgium,0,BE,358.69565217391306
BE,2022,18.1,Belgium,0,BE,-14.218009478672986
BE,2023,17.4,Belgium,0,BE,-3.867403314917142
BE,2024,17.6,Belgium,0,BE,1.1494252873563382
BG,1983,NA,Bulgaria,0,BG,NA
BG,1984,NA,Bulgaria,0,BG,NA
BG,1985,NA,Bulgaria,0,BG,NA
BG,1986,NA,Bulgaria,0,BG,NA
BG,1987,NA,Bulgaria,0,BG,NA
BG,1988,NA,Bulgaria,0,BG,NA
BG,1989,NA,Bulgaria,0,BG,NA
BG,1990,NA,Bulgaria,0,BG,NA
BG,1991,NA,Bulgaria,0,BG,NA
BG,1992,NA,Bulgaria,0,BG,NA
BG,1993,NA,Bulgaria,0,BG,NA
BG,1994,NA,Bulgaria,0,BG,NA
BG,1995,NA,Bulgaria,0,BG,NA
BG,1996,NA,Bulgaria,0,BG,NA
BG,1997,NA,Bulgaria,0,BG,NA
BG,1998,NA,Bulgaria,0,BG,NA
BG,1999,NA,Bulgaria,0,BG,NA
BG,2000,NA,Bulgaria,0,BG,NA
BG,2001,70.6,Bulgaria,0,BG,NA
BG,2002,66.6,Bulgaria,0,BG,-5.6657223796034
BG,2003,60.4,Bulgaria,0,BG,-9.309309309309304
BG,2004,61.8,Bulgaria,0,BG,2.3178807947019844
BG,2005,68.9,Bulgaria,0,BG,11.48867313915859
BG,2006,62.5,Bulgaria,0,BG,-9.288824383164012
BG,2007,55.4,Bulgaria,0,BG,-11.360000000000001
BG,2008,45.7,Bulgaria,0,BG,-17.509025270758116
BG,2009,49.8,Bulgaria,0,BG,8.97155361050327
BG,2010,51.9,Bulgaria,0,BG,4.216867469879522
BG,2011,54.9,Bulgaria,0,BG,5.780346820809249
BG,2012,62.3,Bulgaria,0,BG,13.479052823315115
BG,2013,59.1,Bulgaria,0,BG,-5.136436597110748
BG,2014,61.8,Bulgaria,0,BG,4.568527918781719
BG,2015,57.9,Bulgaria,0,BG,-6.310679611650484
BG,2016,55.2,Bulgaria,0,BG,-4.663212435233153
BG,2017,55.8,Bulgaria,0,BG,1.08695652173912
BG,2018,53.3,Bulgaria,0,BG,-4.480286738351254
BG,2019,50.6,Bulgaria,0,BG,-5.065666041275789
BG,2020,51.4,Bulgaria,0,BG,1.5810276679841841
BG,2021,44.7,Bulgaria,0,BG,-13.035019455252911
BG,2022,43.6,Bulgaria,0,BG,-2.4608501118568262
BG,2023,40,Bulgaria,0,BG,-8.256880733944957
BG,2024,36.6,Bulgaria,0,BG,-8.499999999999996
CZ,1983,NA,Czechia,0,CZ,NA
CZ,1984,NA,Czechia,0,CZ,NA
CZ,1985,NA,Czechia,0,CZ,NA
CZ,1986,NA,Czechia,0,CZ,NA
CZ,1987,NA,Czechia,0,CZ,NA
CZ,1988,NA,Czechia,0,CZ,NA
CZ,1989,NA,Czechia,0,CZ,NA
CZ,1990,NA,Czechia,0,CZ,NA
CZ,1991,NA,Czechia,0,CZ,NA
CZ,1992,NA,Czechia,0,CZ,NA
CZ,1993,NA,Czechia,0,CZ,NA
CZ,1994,NA,Czechia,0,CZ,NA
CZ,1995,NA,Czechia,0,CZ,NA
CZ,1996,NA,Czechia,0,CZ,NA
CZ,1997,4.2,Czechia,0,CZ,NA
CZ,1998,5.1,Czechia,0,CZ,21.428571428571416
CZ,1999,6.1,Czechia,0,CZ,19.607843137254903
CZ,2000,8.7,Czechia,0,CZ,42.62295081967213
CZ,2001,10.1,Czechia,0,CZ,16.09195402298851
CZ,2002,10.3,Czechia,0,CZ,1.980198019801991
CZ,2003,14.3,Czechia,0,CZ,38.83495145631068
CZ,2004,13.7,Czechia,0,CZ,-4.195804195804206
CZ,2005,16.4,Czechia,0,CZ,19.708029197080286
CZ,2006,16.3,Czechia,0,CZ,-0.6097560975609627
CZ,2007,13.2,Czechia,0,CZ,-19.018404907975466
CZ,2008,12.8,Czechia,0,CZ,-3.0303030303030196
CZ,2009,13.1,Czechia,0,CZ,2.3437499999999916
CZ,2010,14.4,Czechia,0,CZ,9.92366412213741
CZ,2011,16,Czechia,0,CZ,11.111111111111107
CZ,2012,17.5,Czechia,0,CZ,9.375
CZ,2013,14.6,Czechia,0,CZ,-16.571428571428573
CZ,2014,18.1,Czechia,0,CZ,23.97260273972604
CZ,2015,13.4,Czechia,0,CZ,-25.96685082872929
CZ,2016,12.1,Czechia,0,CZ,-9.701492537313436
CZ,2017,7.4,Czechia,0,CZ,-38.84297520661156
CZ,2018,5.6,Czechia,0,CZ,-24.324324324324333
CZ,2019,5.7,Czechia,0,CZ,1.7857142857142954
CZ,2020,3.7,Czechia,0,CZ,-35.08771929824561
CZ,2021,17.2,Czechia,0,CZ,364.86486486486484
CZ,2022,17.5,Czechia,0,CZ,1.7441860465116321
CZ,2023,16.9,Czechia,0,CZ,-3.4285714285714364
CZ,2024,16.8,Czechia,0,CZ,-0.5917159763313483
DK,1983,11.5,Denmark,0,DK,NA
DK,1984,13.1,Denmark,0,DK,13.913043478260867
DK,1985,13.1,Denmark,0,DK,0
DK,1986,11.1,Denmark,0,DK,-15.267175572519085
DK,1987,9,Denmark,0,DK,-18.918918918918916
DK,1988,10.8,Denmark,0,DK,20.000000000000007
DK,1989,12,Denmark,0,DK,11.111111111111104
DK,1990,11.7,Denmark,0,DK,-2.500000000000006
DK,1991,14.1,Denmark,0,DK,20.512820512820518
DK,1992,16,Denmark,0,DK,13.475177304964541
DK,1993,17.1,Denmark,0,DK,6.875000000000009
DK,1994,18.2,Denmark,0,DK,6.432748538011683
DK,1995,17.1,Denmark,0,DK,-6.043956043956032
DK,1996,14.5,Denmark,0,DK,-15.204678362573107
DK,1997,13.7,Denmark,0,DK,-5.51724137931035
DK,1998,13.6,Denmark,0,DK,-0.7299270072992675
DK,1999,15.4,Denmark,0,DK,13.235294117647065
DK,2000,13.7,Denmark,0,DK,-11.038961038961045
DK,2001,13.7,Denmark,0,DK,0
DK,2002,16.1,Denmark,0,DK,17.5182481751825
DK,2003,14.9,Denmark,0,DK,-7.453416149068329
DK,2004,15,Denmark,0,DK,0.671140939597313
DK,2005,16.4,Denmark,0,DK,9.333333333333323
DK,2006,14.8,Denmark,0,DK,-9.756097560975597
DK,2007,13.2,Denmark,0,DK,-10.81081081081082
DK,2008,12.2,Denmark,0,DK,-7.575757575757576
DK,2009,13.7,Denmark,0,DK,12.295081967213116
DK,2010,15.1,Denmark,0,DK,10.218978102189784
DK,2011,15.4,Denmark,0,DK,1.9867549668874218
DK,2012,16.6,Denmark,0,DK,7.792207792207799
DK,2013,17.2,Denmark,0,DK,3.614457831325288
DK,2014,15.8,Denmark,0,DK,-8.139534883720923
DK,2015,14.9,Denmark,0,DK,-5.6962025316455716
DK,2016,12.7,Denmark,0,DK,-14.765100671140946
DK,2017,12.8,Denmark,0,DK,0.7874015748031609
DK,2018,11.1,Denmark,0,DK,-13.281250000000009
DK,2019,10.3,Denmark,0,DK,-7.2072072072071975
DK,2020,10.9,Denmark,0,DK,5.825242718446598
DK,2021,8.9,Denmark,0,DK,-18.348623853211006
DK,2022,6.1,Denmark,0,DK,-31.460674157303377
DK,2023,6.6,Denmark,0,DK,8.196721311475411
DK,2024,6.4,Denmark,0,DK,-3.0303030303030196
DE,1983,NA,Germany,0,DE,NA
DE,1984,6.4,Germany,0,DE,NA
DE,1985,6.6,Germany,0,DE,3.124999999999989
DE,1986,7.3,Germany,0,DE,10.606060606060609
DE,1987,6.8,Germany,0,DE,-6.8493150684931505
DE,1988,6.5,Germany,0,DE,-4.411764705882351
DE,1989,5.9,Germany,0,DE,-9.230769230769226
DE,1990,4.5,Germany,0,DE,-23.728813559322038
DE,1991,5.5,Germany,0,DE,22.22222222222222
DE,1992,5.5,Germany,0,DE,0
DE,1993,6.8,Germany,0,DE,23.636363636363633
DE,1994,9.4,Germany,0,DE,38.235294117647065
DE,1995,9.9,Germany,0,DE,5.319148936170213
DE,1996,12.4,Germany,0,DE,25.252525252525253
DE,1997,14,Germany,0,DE,12.90322580645161
DE,1998,14.2,Germany,0,DE,1.4285714285714235
DE,1999,13.6,Germany,0,DE,-4.225352112676054
DE,2000,12.5,Germany,0,DE,-8.088235294117645
DE,2001,12.4,Germany,0,DE,-0.7999999999999973
DE,2002,12.7,Germany,0,DE,2.4193548387096686
DE,2003,15,Germany,0,DE,18.110236220472448
DE,2004,17.4,Germany,0,DE,15.99999999999999
DE,2005,20.7,Germany,0,DE,18.965517241379317
DE,2006,22.4,Germany,0,DE,8.212560386473426
DE,2007,21.9,Germany,0,DE,-2.232142857142857
DE,2008,22.2,Germany,0,DE,1.3698630136986336
DE,2009,21.3,Germany,0,DE,-4.054054054054048
DE,2010,20.9,Germany,0,DE,-1.8779342723004795
DE,2011,16.1,Germany,0,DE,-22.966507177033478
DE,2012,15.5,Germany,0,DE,-3.72670807453417
DE,2013,14.9,Germany,0,DE,-3.8709677419354813
DE,2014,13.7,Germany,0,DE,-8.053691275167791
DE,2015,13.1,Germany,0,DE,-4.379562043795618
DE,2016,11.3,Germany,0,DE,-13.740458015267167
DE,2017,10.7,Germany,0,DE,-5.309734513274349
DE,2018,9.6,Germany,0,DE,-10.280373831775698
DE,2019,8.7,Germany,0,DE,-9.375000000000004
DE,2020,7,Germany,0,DE,-19.540229885057464
DE,2021,6.7,Germany,0,DE,-4.285714285714283
DE,2022,5.8,Germany,0,DE,-13.432835820895528
DE,2023,5.1,Germany,0,DE,-12.068965517241383
DE,2024,4.8,Germany,0,DE,-5.8823529411764675
EE,1983,NA,Estonia,0,EE,NA
EE,1984,NA,Estonia,0,EE,NA
EE,1985,NA,Estonia,0,EE,NA
EE,1986,NA,Estonia,0,EE,NA
EE,1987,NA,Estonia,0,EE,NA
EE,1988,NA,Estonia,0,EE,NA
EE,1989,NA,Estonia,0,EE,NA
EE,1990,NA,Estonia,0,EE,NA
EE,1991,NA,Estonia,0,EE,NA
EE,1992,NA,Estonia,0,EE,NA
EE,1993,NA,Estonia,0,EE,NA
EE,1994,NA,Estonia,0,EE,NA
EE,1995,NA,Estonia,0,EE,NA
EE,1996,NA,Estonia,0,EE,NA
EE,1997,23.3,Estonia,0,EE,NA
EE,1998,29.1,Estonia,0,EE,24.892703862660948
EE,1999,21.5,Estonia,0,EE,-26.11683848797251
EE,2000,19.5,Estonia,0,EE,-9.30232558139535
EE,2001,23.6,Estonia,0,EE,21.025641025641033
EE,2002,21.6,Estonia,0,EE,-8.47457627118644
EE,2003,23.2,Estonia,0,EE,7.407407407407398
EE,2004,20.3,Estonia,0,EE,-12.499999999999995
EE,2005,19.2,Estonia,0,EE,-5.418719211822666
EE,2006,19.2,Estonia,0,EE,0
EE,2007,15.1,Estonia,0,EE,-21.354166666666664
EE,2008,12.9,Estonia,0,EE,-14.569536423841056
EE,2009,21.2,Estonia,0,EE,64.34108527131782
EE,2010,20,Estonia,0,EE,-5.660377358490563
EE,2011,19.2,Estonia,0,EE,-4.0000000000000036
EE,2012,18.8,Estonia,0,EE,-2.083333333333326
EE,2013,18.3,Estonia,0,EE,-2.6595744680851063
EE,2014,14.5,Estonia,0,EE,-20.765027322404375
EE,2015,12.5,Estonia,0,EE,-13.793103448275861
EE,2016,9.9,Estonia,0,EE,-20.799999999999997
EE,2017,7.2,Estonia,0,EE,-27.272727272727277
EE,2018,5.1,Estonia,0,EE,-29.166666666666675
EE,2019,6.4,Estonia,0,EE,25.49019607843139
EE,2020,6.9,Estonia,0,EE,7.8125
EE,2021,16.7,Estonia,0,EE,142.02898550724638
EE,2022,15.8,Estonia,0,EE,-5.389221556886219
EE,2023,15,Estonia,0,EE,-5.06329113924051
EE,2024,18.5,Estonia,0,EE,23.333333333333332
IE,1983,27.1,Ireland,0,IE,NA
IE,1984,27.1,Ireland,0,IE,0
IE,1985,26.9,Ireland,0,IE,-0.7380073800738112
IE,1986,33.3,Ireland,0,IE,23.791821561338285
IE,1987,33.7,Ireland,0,IE,1.2012012012012183
IE,1988,35.8,Ireland,0,IE,6.231454005934701
IE,1989,32.7,Ireland,0,IE,-8.659217877094957
IE,1990,30.7,Ireland,0,IE,-6.116207951070347
IE,1991,31.8,Ireland,0,IE,3.5830618892508186
IE,1992,33.6,Ireland,0,IE,5.660377358490568
IE,1993,34.9,Ireland,0,IE,3.86904761904761
IE,1994,33.8,Ireland,0,IE,-3.151862464183385
IE,1995,33.3,Ireland,0,IE,-1.4792899408284024
IE,1996,30.8,Ireland,0,IE,-7.507507507507498
IE,1997,25.9,Ireland,0,IE,-15.909090909090914
IE,1998,NA,Ireland,0,IE,NA
IE,1999,20.5,Ireland,0,IE,NA
IE,2000,16.7,Ireland,0,IE,-18.53658536585366
IE,2001,14.8,Ireland,0,IE,-11.377245508982028
IE,2002,14.3,Ireland,0,IE,-3.378378378378378
IE,2003,14.2,Ireland,0,IE,-0.6993006993007091
IE,2004,NA,Ireland,0,IE,NA
IE,2005,NA,Ireland,0,IE,NA
IE,2006,11.6,Ireland,0,IE,NA
IE,2007,10.7,Ireland,0,IE,-7.758620689655175
IE,2008,13.3,Ireland,0,IE,24.299065420560762
IE,2009,22.7,Ireland,0,IE,70.6766917293233
IE,2010,31.1,Ireland,0,IE,37.00440528634362
IE,2011,36.1,Ireland,0,IE,16.077170418006432
IE,2012,39.3,Ireland,0,IE,8.864265927977828
IE,2013,41.2,Ireland,0,IE,4.834605597964392
IE,2014,39.6,Ireland,0,IE,-3.883495145631071
IE,2015,36,Ireland,0,IE,-9.090909090909093
IE,2016,29.7,Ireland,0,IE,-17.5
IE,2017,22.8,Ireland,0,IE,-23.23232323232323
IE,2018,16.9,Ireland,0,IE,-25.877192982456148
IE,2019,15.4,Ireland,0,IE,-8.875739644970404
IE,2020,13.4,Ireland,0,IE,-12.987012987012985
IE,2021,12.1,Ireland,0,IE,-9.701492537313436
IE,2022,9.3,Ireland,0,IE,-23.14049586776859
IE,2023,8.9,Ireland,0,IE,-4.3010752688172085
IE,2024,7.8,Ireland,0,IE,-12.359550561797757
EL,1983,26.2,Greece,0,EL,NA
EL,1984,31,Greece,0,EL,18.320610687022903
EL,1985,28.1,Greece,0,EL,-9.354838709677415
EL,1986,27.9,Greece,0,EL,-0.711743772242003
EL,1987,25.8,Greece,0,EL,-7.526881720430101
EL,1988,27.9,Greece,0,EL,8.139534883720922
EL,1989,30.6,Greece,0,EL,9.67741935483872
EL,1990,29.9,Greece,0,EL,-2.2875816993464144
EL,1991,30.5,Greece,0,EL,2.0066889632107072
EL,1992,36.2,Greece,0,EL,18.688524590163944
EL,1993,39.5,Greece,0,EL,9.116022099447505
EL,1994,42.1,Greece,0,EL,6.582278481012661
EL,1995,38.5,Greece,0,EL,-8.551068883610455
EL,1996,41.3,Greece,0,EL,7.272727272727265
EL,1997,42.1,Greece,0,EL,1.9370460048426255
EL,1998,47,Greece,0,EL,11.638954869358665
EL,1999,45.9,Greece,0,EL,-2.3404255319148968
EL,2000,46,Greece,0,EL,0.21786492374727978
EL,2001,49.1,Greece,0,EL,6.739130434782611
EL,2002,47.8,Greece,0,EL,-2.6476578411405383
EL,2003,43.5,Greece,0,EL,-8.995815899581585
EL,2004,51.5,Greece,0,EL,18.39080459770115
EL,2005,49.2,Greece,0,EL,-4.466019417475723
EL,2006,43.8,Greece,0,EL,-10.975609756097573
EL,2007,43.1,Greece,0,EL,-1.5981735159817254
EL,2008,42.1,Greece,0,EL,-2.320185614849188
EL,2009,47.8,Greece,0,EL,13.53919239904987
EL,2010,52.7,Greece,0,EL,10.251046025104616
EL,2011,58.3,Greece,0,EL,10.626185958254258
EL,2012,63.3,Greece,0,EL,8.576329331046313
EL,2013,66.8,Greece,0,EL,5.529225908372828
EL,2014,69.8,Greece,0,EL,4.491017964071856
EL,2015,71.6,Greece,0,EL,2.5787965616045803
EL,2016,71,Greece,0,EL,-0.8379888268156346
EL,2017,69.1,Greece,0,EL,-2.676056338028177
EL,2018,68.7,Greece,0,EL,-0.5788712011577302
EL,2019,65.4,Greece,0,EL,-4.803493449781655
EL,2020,64.2,Greece,0,EL,-1.8348623853211052
EL,2021,54.3,Greece,0,EL,-15.420560747663558
EL,2022,47.9,Greece,0,EL,-11.78637200736648
EL,2023,41.5,Greece,0,EL,-13.361169102296449
EL,2024,39.4,Greece,0,EL,-5.060240963855425
ES,1983,NA,Spain,0,ES,NA
ES,1984,NA,Spain,0,ES,NA
ES,1985,NA,Spain,0,ES,NA
ES,1986,NA,Spain,0,ES,NA
ES,1987,32.3,Spain,0,ES,NA
ES,1988,30,Spain,0,ES,-7.120743034055719
ES,1989,26,Spain,0,ES,-13.333333333333334
ES,1990,26,Spain,0,ES,0
ES,1991,22.2,Spain,0,ES,-14.615384615384619
ES,1992,16,Spain,0,ES,-27.927927927927925
ES,1993,15,Spain,0,ES,-6.25
ES,1994,19.2,Spain,0,ES,27.999999999999996
ES,1995,21.6,Spain,0,ES,12.50000000000001
ES,1996,23.1,Spain,0,ES,6.944444444444444
ES,1997,24.9,Spain,0,ES,7.79220779220778
ES,1998,25.4,Spain,0,ES,2.0080321285140563
ES,1999,25.6,Spain,0,ES,0.7874015748031609
ES,2000,23.2,Spain,0,ES,-9.375000000000009
ES,2001,22.1,Spain,0,ES,-4.7413793103448185
ES,2002,20.9,Spain,0,ES,-5.429864253393678
ES,2003,19.7,Spain,0,ES,-5.741626794258369
ES,2004,20.4,Spain,0,ES,3.5532994923857837
ES,2005,32.4,Spain,0,ES,58.82352941176471
ES,2006,33.5,Spain,0,ES,3.3950617283950666
ES,2007,32.9,Spain,0,ES,-1.7910447761194073
ES,2008,35.6,Spain,0,ES,8.206686930091195
ES,2009,43.8,Spain,0,ES,23.033707865168527
ES,2010,49.7,Spain,0,ES,13.470319634703209
ES,2011,55.5,Spain,0,ES,11.67002012072434
ES,2012,60.8,Spain,0,ES,9.549549549549544
ES,2013,62.8,Spain,0,ES,3.289473684210526
ES,2014,63.4,Spain,0,ES,0.9554140127388558
ES,2015,62.7,Spain,0,ES,-1.104100946372233
ES,2016,61.3,Spain,0,ES,-2.2328548644338206
ES,2017,60.3,Spain,0,ES,-1.6313213703099512
ES,2018,55.4,Spain,0,ES,-8.126036484245438
ES,2019,53.7,Spain,0,ES,-3.068592057761725
ES,2020,51.4,Spain,0,ES,-4.283054003724403
ES,2021,53.2,Spain,0,ES,3.5019455252918372
ES,2022,50.3,Spain,0,ES,-5.451127819548883
ES,2023,48.7,Spain,0,ES,-3.180914512922454
ES,2024,46,Spain,0,ES,-5.544147843942511
FR,1983,NA,France,0,FR,NA
FR,1984,NA,France,0,FR,NA
FR,1985,NA,France,0,FR,NA
FR,1986,NA,France,0,FR,NA
FR,1987,NA,France,0,FR,NA
FR,1988,NA,France,0,FR,NA
FR,1989,NA,France,0,FR,NA
FR,1990,NA,France,0,FR,NA
FR,1991,NA,France,0,FR,NA
FR,1992,35.4,France,0,FR,NA
FR,1993,37.5,France,0,FR,5.932203389830513
FR,1994,39,France,0,FR,4
FR,1995,39.4,France,0,FR,1.025641025641022
FR,1996,39.6,France,0,FR,0.5076142131979768
FR,1997,41.3,France,0,FR,4.292929292929282
FR,1998,29.6,France,0,FR,-28.329297820823236
FR,1999,27.5,France,0,FR,-7.094594594594598
FR,2000,26.7,France,0,FR,-2.9090909090909114
FR,2001,25.1,France,0,FR,-5.992509363295873
FR,2002,24.2,France,0,FR,-3.585657370517937
FR,2003,29.3,France,0,FR,21.074380165289263
FR,2004,29,France,0,FR,-1.0238907849829375
FR,2005,29.7,France,0,FR,2.4137931034482736
FR,2006,30.6,France,0,FR,3.030303030303038
FR,2007,31.3,France,0,FR,2.2875816993464024
FR,2008,34.5,France,0,FR,10.22364217252396
FR,2009,33.3,France,0,FR,-3.4782608695652257
FR,2010,34.5,France,0,FR,3.6036036036036125
FR,2011,33.1,France,0,FR,-4.057971014492749
FR,2012,33.6,France,0,FR,1.510574018126888
FR,2013,38.8,France,0,FR,15.476190476190462
FR,2014,41.5,France,0,FR,6.958762886597945
FR,2015,42.4,France,0,FR,2.168674698795177
FR,2016,42.8,France,0,FR,0.943396226415091
FR,2017,42,France,0,FR,-1.8691588785046664
FR,2018,40.7,France,0,FR,-3.0952380952380882
FR,2019,36.9,France,0,FR,-9.336609336609346
FR,2020,37,France,0,FR,0.27100271002710413
FR,2021,27.3,France,0,FR,-26.216216216216214
FR,2022,24.9,France,0,FR,-8.791208791208799
FR,2023,23.2,France,0,FR,-6.827309236947789
FR,2024,21.7,France,0,FR,-6.4655172413793105
HR,1983,NA,Croatia,0,HR,NA
HR,1984,NA,Croatia,0,HR,NA
HR,1985,NA,Croatia,0,HR,NA
HR,1986,NA,Croatia,0,HR,NA
HR,1987,NA,Croatia,0,HR,NA
HR,1988,NA,Croatia,0,HR,NA
HR,1989,NA,Croatia,0,HR,NA
HR,1990,NA,Croatia,0,HR,NA
HR,1991,NA,Croatia,0,HR,NA
HR,1992,NA,Croatia,0,HR,NA
HR,1993,NA,Croatia,0,HR,NA
HR,1994,NA,Croatia,0,HR,NA
HR,1995,NA,Croatia,0,HR,NA
HR,1996,NA,Croatia,0,HR,NA
HR,1997,NA,Croatia,0,HR,NA
HR,1998,NA,Croatia,0,HR,NA
HR,1999,NA,Croatia,0,HR,NA
HR,2000,NA,Croatia,0,HR,NA
HR,2001,NA,Croatia,0,HR,NA
HR,2002,23.1,Croatia,0,HR,NA
HR,2003,20.9,Croatia,0,HR,-9.523809523809536
HR,2004,13.9,Croatia,0,HR,-33.49282296650717
HR,2005,17.6,Croatia,0,HR,26.618705035971228
HR,2006,19.2,Croatia,0,HR,9.09090909090908
HR,2007,19.5,Croatia,0,HR,1.5625000000000038
HR,2008,17.8,Croatia,0,HR,-8.717948717948715
HR,2009,17.7,Croatia,0,HR,-0.5617977528089967
HR,2010,19.3,Croatia,0,HR,9.03954802259888
HR,2011,20.8,Croatia,0,HR,7.772020725388601
HR,2012,18.1,Croatia,0,HR,-12.980769230769226
HR,2013,21.1,Croatia,0,HR,16.574585635359114
HR,2014,21.4,Croatia,0,HR,1.421800947867285
HR,2015,22.6,Croatia,0,HR,5.607476635514033
HR,2016,26.8,Croatia,0,HR,18.58407079646017
HR,2017,31,Croatia,0,HR,15.671641791044774
HR,2018,30.2,Croatia,0,HR,-2.580645161290325
HR,2019,25.5,Croatia,0,HR,-15.562913907284766
HR,2020,25.7,Croatia,0,HR,0.7843137254901933
HR,2021,30.5,Croatia,0,HR,18.677042801556425
HR,2022,28.9,Croatia,0,HR,-5.245901639344267
HR,2023,23.3,Croatia,0,HR,-19.37716262975778
HR,2024,14.9,Croatia,0,HR,-36.05150214592275
IT,1983,29.1,Italy,0,IT,NA
IT,1984,33.9,Italy,0,IT,16.49484536082473
IT,1985,34.9,Italy,0,IT,2.949852507374631
IT,1986,38.3,Italy,0,IT,9.742120343839538
IT,1987,38.8,Italy,0,IT,1.3054830287206267
IT,1988,39,Italy,0,IT,0.5154639175257806
IT,1989,36.4,Italy,0,IT,-6.6666666666666705
IT,1990,37.5,Italy,0,IT,3.0219780219780263
IT,1991,35.7,Italy,0,IT,-4.799999999999993
IT,1992,34.6,Italy,0,IT,-3.0812324929972026
IT,1993,34.3,Italy,0,IT,-0.8670520231213995
IT,1994,37.2,Italy,0,IT,8.45481049562684
IT,1995,36.7,Italy,0,IT,-1.3440860215053763
IT,1996,37.8,Italy,0,IT,2.9972752043596573
IT,1997,38.4,Italy,0,IT,1.587301587301591
IT,1998,38,Italy,0,IT,-1.041666666666663
IT,1999,37.7,Italy,0,IT,-0.7894736842105189
IT,2000,37.2,Italy,0,IT,-1.326259946949602
IT,2001,37,Italy,0,IT,-0.5376344086021582
IT,2002,33.7,Italy,0,IT,-8.91891891891891
IT,2003,32.7,Italy,0,IT,-2.9673590504451037
IT,2004,35.5,Italy,0,IT,8.562691131498463
IT,2005,39.1,Italy,0,IT,10.14084507042254
IT,2006,37.1,Italy,0,IT,-5.115089514066496
IT,2007,38.6,Italy,0,IT,4.0431266846361185
IT,2008,40.4,Italy,0,IT,4.663212435233153
IT,2009,45.5,Italy,0,IT,12.623762376237627
IT,2010,49.3,Italy,0,IT,8.351648351648345
IT,2011,53.2,Italy,0,IT,7.9107505070994035
IT,2012,57.4,Italy,0,IT,7.894736842105255
IT,2013,61.7,Italy,0,IT,7.49128919860628
IT,2014,64.1,Italy,0,IT,3.8897893030794024
IT,2015,64.3,Italy,0,IT,0.3120124804992244
IT,2016,63.1,Italy,0,IT,-1.8662519440124352
IT,2017,61.4,Italy,0,IT,-2.6941362916006386
IT,2018,64.3,Italy,0,IT,4.7231270358306165
IT,2019,64.5,Italy,0,IT,0.3110419906687447
IT,2020,65,Italy,0,IT,0.7751937984496124
IT,2021,61.5,Italy,0,IT,-5.384615384615385
IT,2022,56.9,Italy,0,IT,-7.47967479674797
IT,2023,53.7,Italy,0,IT,-5.623901581722313
IT,2024,50.3,Italy,0,IT,-6.331471135940419
CY,1983,NA,Cyprus,0,CY,NA
CY,1984,NA,Cyprus,0,CY,NA
CY,1985,NA,Cyprus,0,CY,NA
CY,1986,NA,Cyprus,0,CY,NA
CY,1987,NA,Cyprus,0,CY,NA
CY,1988,NA,Cyprus,0,CY,NA
CY,1989,NA,Cyprus,0,CY,NA
CY,1990,NA,Cyprus,0,CY,NA
CY,1991,NA,Cyprus,0,CY,NA
CY,1992,NA,Cyprus,0,CY,NA
CY,1993,NA,Cyprus,0,CY,NA
CY,1994,NA,Cyprus,0,CY,NA
CY,1995,NA,Cyprus,0,CY,NA
CY,1996,NA,Cyprus,0,CY,NA
CY,1997,NA,Cyprus,0,CY,NA
CY,1998,NA,Cyprus,0,CY,NA
CY,1999,20.9,Cyprus,0,CY,NA
CY,2000,21.4,Cyprus,0,CY,2.3923444976076556
CY,2001,18,Cyprus,0,CY,-15.887850467289713
CY,2002,18,Cyprus,0,CY,0
CY,2003,22.1,Cyprus,0,CY,22.777777777777786
CY,2004,23.6,Cyprus,0,CY,6.787330316742081
CY,2005,29,Cyprus,0,CY,22.88135593220338
CY,2006,33.9,Cyprus,0,CY,16.896551724137925
CY,2007,27.4,Cyprus,0,CY,-19.174041297935105
CY,2008,27.3,Cyprus,0,CY,-0.36496350364962726
CY,2009,30.1,Cyprus,0,CY,10.256410256410259
CY,2010,31.8,Cyprus,0,CY,5.647840531561459
CY,2011,45.1,Cyprus,0,CY,41.82389937106918
CY,2012,49.4,Cyprus,0,CY,9.53436807095343
CY,2013,53.6,Cyprus,0,CY,8.502024291497982
CY,2014,61.9,Cyprus,0,CY,15.485074626865666
CY,2015,65.2,Cyprus,0,CY,5.331179321486275
CY,2016,65.5,Cyprus,0,CY,0.4601226993864987
CY,2017,64.3,Cyprus,0,CY,-1.8320610687022942
CY,2018,60.5,Cyprus,0,CY,-5.909797822706061
CY,2019,52.6,Cyprus,0,CY,-13.057851239669418
CY,2020,51.1,Cyprus,0,CY,-2.8517110266159698
CY,2021,42.1,Cyprus,0,CY,-17.61252446183953
CY,2022,45.2,Cyprus,0,CY,7.363420427553448
CY,2023,43.4,Cyprus,0,CY,-3.982300884955761
CY,2024,38.7,Cyprus,0,CY,-10.829493087557594
LV,1983,NA,Latvia,0,LV,NA
LV,1984,NA,Latvia,0,LV,NA
LV,1985,NA,Latvia,0,LV,NA
LV,1986,NA,Latvia,0,LV,NA
LV,1987,NA,Latvia,0,LV,NA
LV,1988,NA,Latvia,0,LV,NA
LV,1989,NA,Latvia,0,LV,NA
LV,1990,NA,Latvia,0,LV,NA
LV,1991,NA,Latvia,0,LV,NA
LV,1992,NA,Latvia,0,LV,NA
LV,1993,NA,Latvia,0,LV,NA
LV,1994,NA,Latvia,0,LV,NA
LV,1995,NA,Latvia,0,LV,NA
LV,1996,NA,Latvia,0,LV,NA
LV,1997,NA,Latvia,0,LV,NA
LV,1998,41.6,Latvia,0,LV,NA
LV,1999,41.5,Latvia,0,LV,-0.24038461538461878
LV,2000,43,Latvia,0,LV,3.614457831325301
LV,2001,34.5,Latvia,0,LV,-19.767441860465116
LV,2002,44.2,Latvia,0,LV,28.115942028985515
LV,2003,39.5,Latvia,0,LV,-10.633484162895932
LV,2004,40.4,Latvia,0,LV,2.2784810126582244
LV,2005,35.9,Latvia,0,LV,-11.138613861386139
LV,2006,35.2,Latvia,0,LV,-1.9498607242339716
LV,2007,22.6,Latvia,0,LV,-35.79545454545455
LV,2008,27.1,Latvia,0,LV,19.91150442477876
LV,2009,45.2,Latvia,0,LV,66.78966789667898
LV,2010,40.4,Latvia,0,LV,-10.61946902654868
LV,2011,40,Latvia,0,LV,-0.9900990099009866
LV,2012,41.1,Latvia,0,LV,2.7500000000000036
LV,2013,38,Latvia,0,LV,-7.542579075425794
LV,2014,35,Latvia,0,LV,-7.894736842105263
LV,2015,30,Latvia,0,LV,-14.285714285714285
LV,2016,33.1,Latvia,0,LV,10.333333333333337
LV,2017,31.1,Latvia,0,LV,-6.042296072507552
LV,2018,29.3,Latvia,0,LV,-5.787781350482317
LV,2019,20.2,Latvia,0,LV,-31.058020477815706
LV,2020,21.4,Latvia,0,LV,5.940594059405938
LV,2021,32.1,Latvia,0,LV,50.000000000000014
LV,2022,29.1,Latvia,0,LV,-9.345794392523365
LV,2023,24,Latvia,0,LV,-17.525773195876294
LV,2024,24.7,Latvia,0,LV,2.9166666666666634
LT,1983,NA,Lithuania,0,LT,NA
LT,1984,NA,Lithuania,0,LT,NA
LT,1985,NA,Lithuania,0,LT,NA
LT,1986,NA,Lithuania,0,LT,NA
LT,1987,NA,Lithuania,0,LT,NA
LT,1988,NA,Lithuania,0,LT,NA
LT,1989,NA,Lithuania,0,LT,NA
LT,1990,NA,Lithuania,0,LT,NA
LT,1991,NA,Lithuania,0,LT,NA
LT,1992,NA,Lithuania,0,LT,NA
LT,1993,NA,Lithuania,0,LT,NA
LT,1994,NA,Lithuania,0,LT,NA
LT,1995,NA,Lithuania,0,LT,NA
LT,1996,NA,Lithuania,0,LT,NA
LT,1997,NA,Lithuania,0,LT,NA
LT,1998,34,Lithuania,0,LT,NA
LT,1999,NA,Lithuania,0,LT,NA
LT,2000,49.6,Lithuania,0,LT,NA
LT,2001,61.1,Lithuania,0,LT,23.18548387096774
LT,2002,56.8,Lithuania,0,LT,-7.03764320785598
LT,2003,54.9,Lithuania,0,LT,-3.345070422535209
LT,2004,51.3,Lithuania,0,LT,-6.557377049180331
LT,2005,48,Lithuania,0,LT,-6.432748538011691
LT,2006,35.1,Lithuania,0,LT,-26.875
LT,2007,26.8,Lithuania,0,LT,-23.646723646723647
LT,2008,21.5,Lithuania,0,LT,-19.776119402985078
LT,2009,30.5,Lithuania,0,LT,41.86046511627907
LT,2010,37.7,Lithuania,0,LT,23.60655737704919
LT,2011,35.4,Lithuania,0,LT,-6.100795755968181
LT,2012,31.3,Lithuania,0,LT,-11.581920903954797
LT,2013,30.8,Lithuania,0,LT,-1.5974440894568689
LT,2014,29.8,Lithuania,0,LT,-3.2467532467532463
LT,2015,29.8,Lithuania,0,LT,0
LT,2016,29.8,Lithuania,0,LT,0
LT,2017,28.8,Lithuania,0,LT,-3.3557046979865772
LT,2018,22.9,Lithuania,0,LT,-20.486111111111118
LT,2019,20.9,Lithuania,0,LT,-8.733624454148472
LT,2020,26.7,Lithuania,0,LT,27.75119617224881
LT,2021,22.5,Lithuania,0,LT,-15.730337078651683
LT,2022,17.6,Lithuania,0,LT,-21.77777777777777
LT,2023,14.7,Lithuania,0,LT,-16.477272727272737
LT,2024,18,Lithuania,0,LT,22.44897959183674
LU,1983,NA,Luxembourg,0,LU,NA
LU,1984,8.9,Luxembourg,0,LU,NA
LU,1985,7.7,Luxembourg,0,LU,-13.483146067415733
LU,1986,11.4,Luxembourg,0,LU,48.05194805194805
LU,1987,9,Luxembourg,0,LU,-21.05263157894737
LU,1988,7.3,Luxembourg,0,LU,-18.888888888888893
LU,1989,8,Luxembourg,0,LU,9.589041095890414
LU,1990,7.9,Luxembourg,0,LU,-1.2499999999999956
LU,1991,5.2,Luxembourg,0,LU,-34.177215189873415
LU,1992,7.2,Luxembourg,0,LU,38.46153846153846
LU,1993,5.9,Luxembourg,0,LU,-18.055555555555554
LU,1994,10.6,Luxembourg,0,LU,79.66101694915253
LU,1995,8.9,Luxembourg,0,LU,-16.0377358490566
LU,1996,7.1,Luxembourg,0,LU,-20.224719101123604
LU,1997,9.3,Luxembourg,0,LU,30.985915492957762
LU,1998,8,Luxembourg,0,LU,-13.978494623655921
LU,1999,10.6,Luxembourg,0,LU,32.49999999999999
LU,2000,7.8,Luxembourg,0,LU,-26.41509433962264
LU,2001,8.8,Luxembourg,0,LU,12.820512820512834
LU,2002,7.9,Luxembourg,0,LU,-10.22727272727273
LU,2003,8.7,Luxembourg,0,LU,10.126582278481
LU,2004,6.6,Luxembourg,0,LU,-24.137931034482758
LU,2005,11.2,Luxembourg,0,LU,69.69696969696969
LU,2006,9.7,Luxembourg,0,LU,-13.392857142857142
LU,2007,5.2,Luxembourg,0,LU,-46.391752577319586
LU,2008,9.4,Luxembourg,0,LU,80.76923076923077
LU,2009,8.6,Luxembourg,0,LU,-8.510638297872347
LU,2010,7.7,Luxembourg,0,LU,-10.465116279069761
LU,2011,9.6,Luxembourg,0,LU,24.675324675324667
LU,2012,13.5,Luxembourg,0,LU,40.62500000000001
LU,2013,10.5,Luxembourg,0,LU,-22.22222222222222
LU,2014,12.6,Luxembourg,0,LU,19.999999999999996
LU,2015,14.5,Luxembourg,0,LU,15.07936507936508
LU,2016,11.3,Luxembourg,0,LU,-22.068965517241374
LU,2017,13.1,Luxembourg,0,LU,15.929203539822998
LU,2018,12.4,Luxembourg,0,LU,-5.3435114503816745
LU,2019,12.6,Luxembourg,0,LU,1.6129032258064457
LU,2020,11.5,Luxembourg,0,LU,-8.730158730158728
LU,2021,9.1,Luxembourg,0,LU,-20.869565217391308
LU,2022,10.1,Luxembourg,0,LU,10.989010989010989
LU,2023,10,Luxembourg,0,LU,-0.9900990099009866
LU,2024,10.5,Luxembourg,0,LU,5
HU,1983,NA,Hungary,0,HU,NA
HU,1984,NA,Hungary,0,HU,NA
HU,1985,NA,Hungary,0,HU,NA
HU,1986,NA,Hungary,0,HU,NA
HU,1987,NA,Hungary,0,HU,NA
HU,1988,NA,Hungary,0,HU,NA
HU,1989,NA,Hungary,0,HU,NA
HU,1990,NA,Hungary,0,HU,NA
HU,1991,NA,Hungary,0,HU,NA
HU,1992,NA,Hungary,0,HU,NA
HU,1993,NA,Hungary,0,HU,NA
HU,1994,NA,Hungary,0,HU,NA
HU,1995,NA,Hungary,0,HU,NA
HU,1996,31.8,Hungary,0,HU,NA
HU,1997,33.8,Hungary,0,HU,6.289308176100618
HU,1998,31.2,Hungary,0,HU,-7.692307692307687
HU,1999,26.7,Hungary,0,HU,-14.423076923076925
HU,2000,23.6,Hungary,0,HU,-11.61048689138576
HU,2001,24.4,Hungary,0,HU,3.3898305084745637
HU,2002,25.6,Hungary,0,HU,4.918032786885258
HU,2003,26,Hungary,0,HU,1.5624999999999944
HU,2004,21.8,Hungary,0,HU,-16.153846153846153
HU,2005,21.6,Hungary,0,HU,-0.9174311926605472
HU,2006,24.9,Hungary,0,HU,15.277777777777763
HU,2007,26.2,Hungary,0,HU,5.220883534136549
HU,2008,26.1,Hungary,0,HU,-0.38167938931296896
HU,2009,30.1,Hungary,0,HU,15.32567049808429
HU,2010,33.6,Hungary,0,HU,11.627906976744185
HU,2011,37.4,Hungary,0,HU,11.309523809523801
HU,2012,38.6,Hungary,0,HU,3.2085561497326283
HU,2013,40.7,Hungary,0,HU,5.440414507772024
HU,2014,38.6,Hungary,0,HU,-5.159705159705163
HU,2015,34.6,Hungary,0,HU,-10.362694300518134
HU,2016,27.3,Hungary,0,HU,-21.09826589595376
HU,2017,24,Hungary,0,HU,-12.087912087912091
HU,2018,20.2,Hungary,0,HU,-15.833333333333336
HU,2019,17.4,Hungary,0,HU,-13.861386138613865
HU,2020,16.6,Hungary,0,HU,-4.597701149425271
HU,2021,19.9,Hungary,0,HU,19.879518072289137
HU,2022,15.4,Hungary,0,HU,-22.61306532663316
HU,2023,18.1,Hungary,0,HU,17.53246753246754
HU,2024,18.7,Hungary,0,HU,3.314917127071811
MT,1983,NA,Malta,0,MT,NA
MT,1984,NA,Malta,0,MT,NA
MT,1985,NA,Malta,0,MT,NA
MT,1986,NA,Malta,0,MT,NA
MT,1987,NA,Malta,0,MT,NA
MT,1988,NA,Malta,0,MT,NA
MT,1989,NA,Malta,0,MT,NA
MT,1990,NA,Malta,0,MT,NA
MT,1991,NA,Malta,0,MT,NA
MT,1992,NA,Malta,0,MT,NA
MT,1993,NA,Malta,0,MT,NA
MT,1994,NA,Malta,0,MT,NA
MT,1995,NA,Malta,0,MT,NA
MT,1996,NA,Malta,0,MT,NA
MT,1997,NA,Malta,0,MT,NA
MT,1998,NA,Malta,0,MT,NA
MT,1999,NA,Malta,0,MT,NA
MT,2000,19,Malta,0,MT,NA
MT,2001,22.6,Malta,0,MT,18.947368421052637
MT,2002,21.5,Malta,0,MT,-4.867256637168148
MT,2003,16.9,Malta,0,MT,-21.39534883720931
MT,2004,19.4,Malta,0,MT,14.792899408284024
MT,2005,21,Malta,0,MT,8.24742268041238
MT,2006,21.4,Malta,0,MT,1.904761904761898
MT,2007,16.2,Malta,0,MT,-24.299065420560744
MT,2008,15.3,Malta,0,MT,-5.5555555555555465
MT,2009,14.4,Malta,0,MT,-5.882352941176473
MT,2010,18.6,Malta,0,MT,29.166666666666675
MT,2011,15.4,Malta,0,MT,-17.20430107526882
MT,2012,16.4,Malta,0,MT,6.493506493506482
MT,2013,15.5,Malta,0,MT,-5.487804878048772
MT,2014,14.4,Malta,0,MT,-7.096774193548384
MT,2015,15.2,Malta,0,MT,5.555555555555548
MT,2016,11.1,Malta,0,MT,-26.973684210526315
MT,2017,10.4,Malta,0,MT,-6.3063063063063005
MT,2018,9.4,Malta,0,MT,-9.615384615384615
MT,2019,7.7,Malta,0,MT,-18.085106382978726
MT,2020,6.9,Malta,0,MT,-10.389610389610388
MT,2021,9.1,Malta,0,MT,31.884057971014478
MT,2022,6.2,Malta,0,MT,-31.868131868131865
MT,2023,4.5,Malta,0,MT,-27.41935483870968
MT,2024,4.9,Malta,0,MT,8.888888888888896
NL,1983,NA,Netherlands,0,NL,NA
NL,1984,NA,Netherlands,0,NL,NA
NL,1985,NA,Netherlands,0,NL,NA
NL,1986,NA,Netherlands,0,NL,NA
NL,1987,NA,Netherlands,0,NL,NA
NL,1988,NA,Netherlands,0,NL,NA
NL,1989,NA,Netherlands,0,NL,NA
NL,1990,26.1,Netherlands,0,NL,NA
NL,1991,24.3,Netherlands,0,NL,-6.896551724137934
NL,1992,4.7,Netherlands,0,NL,-80.65843621399176
NL,1993,5.1,Netherlands,0,NL,8.51063829787233
NL,1994,6,Netherlands,0,NL,17.64705882352942
NL,1995,7.3,Netherlands,0,NL,21.666666666666664
NL,1996,6.2,Netherlands,0,NL,-15.068493150684928
NL,1997,5.6,Netherlands,0,NL,-9.677419354838717
NL,1998,5.5,Netherlands,0,NL,-1.7857142857142794
NL,1999,4.3,Netherlands,0,NL,-21.818181818181824
NL,2000,3.8,Netherlands,0,NL,-11.627906976744185
NL,2001,2.7,Netherlands,0,NL,-28.947368421052623
NL,2002,2.5,Netherlands,0,NL,-7.407407407407414
NL,2003,3.3,Netherlands,0,NL,31.999999999999996
NL,2004,3.8,Netherlands,0,NL,15.151515151515152
NL,2005,4.4,Netherlands,0,NL,15.789473684210542
NL,2006,6.2,Netherlands,0,NL,40.9090909090909
NL,2007,5,Netherlands,0,NL,-19.35483870967742
NL,2008,4.4,Netherlands,0,NL,-11.999999999999993
NL,2009,6.2,Netherlands,0,NL,40.9090909090909
NL,2010,5.5,Netherlands,0,NL,-11.290322580645164
NL,2011,7,Netherlands,0,NL,27.27272727272727
NL,2012,8.8,Netherlands,0,NL,25.714285714285722
NL,2013,9.5,Netherlands,0,NL,7.954545454545446
NL,2014,10.6,Netherlands,0,NL,11.578947368421048
NL,2015,9.6,Netherlands,0,NL,-9.433962264150944
NL,2016,9.6,Netherlands,0,NL,0
NL,2017,7.9,Netherlands,0,NL,-17.708333333333325
NL,2018,6.7,Netherlands,0,NL,-15.18987341772152
NL,2019,5.3,Netherlands,0,NL,-20.895522388059707
NL,2020,5.8,Netherlands,0,NL,9.433962264150944
NL,2021,3.6,Netherlands,0,NL,-37.93103448275862
NL,2022,2.7,Netherlands,0,NL,-24.999999999999996
NL,2023,2.1,Netherlands,0,NL,-22.222222222222225
NL,2024,2.2,Netherlands,0,NL,4.761904761904765
AT,1983,NA,Austria,0,AT,NA
AT,1984,NA,Austria,0,AT,NA
AT,1985,NA,Austria,0,AT,NA
AT,1986,NA,Austria,0,AT,NA
AT,1987,NA,Austria,0,AT,NA
AT,1988,NA,Austria,0,AT,NA
AT,1989,NA,Austria,0,AT,NA
AT,1990,NA,Austria,0,AT,NA
AT,1991,NA,Austria,0,AT,NA
AT,1992,NA,Austria,0,AT,NA
AT,1993,NA,Austria,0,AT,NA
AT,1994,NA,Austria,0,AT,NA
AT,1995,7.4,Austria,0,AT,NA
AT,1996,9.4,Austria,0,AT,27.027027027027025
AT,1997,8.5,Austria,0,AT,-9.574468085106387
AT,1998,15.2,Austria,0,AT,78.8235294117647
AT,1999,11.6,Austria,0,AT,-23.684210526315788
AT,2000,10.8,Austria,0,AT,-6.896551724137923
AT,2001,10.9,Austria,0,AT,0.9259259259259226
AT,2002,9.2,Austria,0,AT,-15.596330275229366
AT,2003,9.6,Austria,0,AT,4.347826086956526
AT,2004,9.1,Austria,0,AT,-5.208333333333334
AT,2005,11.5,Austria,0,AT,26.37362637362638
AT,2006,11.7,Austria,0,AT,1.7391304347826024
AT,2007,11.9,Austria,0,AT,1.7094017094017186
AT,2008,10.8,Austria,0,AT,-9.243697478991592
AT,2009,10.7,Austria,0,AT,-0.925925925925939
AT,2010,11.1,Austria,0,AT,3.7383177570093498
AT,2011,9.8,Austria,0,AT,-11.711711711711704
AT,2012,9.8,Austria,0,AT,0
AT,2013,11.4,Austria,0,AT,16.326530612244895
AT,2014,11,Austria,0,AT,-3.5087719298245648
AT,2015,12,Austria,0,AT,9.090909090909092
AT,2016,12.6,Austria,0,AT,4.9999999999999964
AT,2017,12,Austria,0,AT,-4.761904761904759
AT,2018,10.1,Austria,0,AT,-15.833333333333336
AT,2019,8.7,Austria,0,AT,-13.861386138613865
AT,2020,9.1,Austria,0,AT,4.597701149425292
AT,2021,9,Austria,0,AT,-1.098901098901095
AT,2022,7.7,Austria,0,AT,-14.444444444444443
AT,2023,6.6,Austria,0,AT,-14.285714285714294
AT,2024,6.5,Austria,0,AT,-1.5151515151515098
PL,1983,NA,Poland,0,PL,NA
PL,1984,NA,Poland,0,PL,NA
PL,1985,NA,Poland,0,PL,NA
PL,1986,NA,Poland,0,PL,NA
PL,1987,NA,Poland,0,PL,NA
PL,1988,NA,Poland,0,PL,NA
PL,1989,NA,Poland,0,PL,NA
PL,1990,NA,Poland,0,PL,NA
PL,1991,NA,Poland,0,PL,NA
PL,1992,NA,Poland,0,PL,NA
PL,1993,NA,Poland,0,PL,NA
PL,1994,NA,Poland,0,PL,NA
PL,1995,NA,Poland,0,PL,NA
PL,1996,NA,Poland,0,PL,NA
PL,1997,12,Poland,0,PL,NA
PL,1998,11.8,Poland,0,PL,-1.6666666666666607
PL,1999,11.1,Poland,0,PL,-5.932203389830517
PL,2000,13,Poland,0,PL,17.117117117117118
PL,2001,26.7,Poland,0,PL,105.38461538461539
PL,2002,28,Poland,0,PL,4.868913857677906
PL,2003,30.2,Poland,0,PL,7.857142857142854
PL,2004,29.6,Poland,0,PL,-1.9867549668874103
PL,2005,29.1,Poland,0,PL,-1.689189189189189
PL,2006,27.2,Poland,0,PL,-6.529209621993134
PL,2007,21.7,Poland,0,PL,-20.22058823529412
PL,2008,17,Poland,0,PL,-21.658986175115206
PL,2009,17.9,Poland,0,PL,5.294117647058815
PL,2010,19.9,Poland,0,PL,11.173184357541901
PL,2011,22.5,Poland,0,PL,13.065326633165839
PL,2012,25.2,Poland,0,PL,11.999999999999996
PL,2013,28.4,Poland,0,PL,12.698412698412694
PL,2014,29.5,Poland,0,PL,3.8732394366197234
PL,2015,28,Poland,0,PL,-5.084745762711865
PL,2016,23.2,Poland,0,PL,-17.142857142857146
PL,2017,18.9,Poland,0,PL,-18.534482758620694
PL,2018,14.3,Poland,0,PL,-24.338624338624328
PL,2019,12.5,Poland,0,PL,-12.587412587412592
PL,2020,11.5,Poland,0,PL,-8
PL,2021,12.3,Poland,0,PL,6.956521739130441
PL,2022,10.2,Poland,0,PL,-17.073170731707325
PL,2023,10.2,Poland,0,PL,0
PL,2024,8.9,Poland,0,PL,-12.745098039215677
PT,1983,NA,Portugal,0,PT,NA
PT,1984,NA,Portugal,0,PT,NA
PT,1985,NA,Portugal,0,PT,NA
PT,1986,32.3,Portugal,0,PT,NA
PT,1987,32.9,Portugal,0,PT,1.8575851393188898
PT,1988,30.3,Portugal,0,PT,-7.902735562310024
PT,1989,27,Portugal,0,PT,-10.891089108910894
PT,1990,25.4,Portugal,0,PT,-5.925925925925931
PT,1991,22,Portugal,0,PT,-13.385826771653539
PT,1992,20.2,Portugal,0,PT,-8.181818181818185
PT,1993,21.4,Portugal,0,PT,5.940594059405938
PT,1994,20,Portugal,0,PT,-6.542056074766349
PT,1995,24.2,Portugal,0,PT,20.999999999999996
PT,1996,22.6,Portugal,0,PT,-6.6115702479338765
PT,1997,23,Portugal,0,PT,1.7699115044247724
PT,1998,25,Portugal,0,PT,8.695652173913043
PT,1999,25.2,Portugal,0,PT,0.7999999999999973
PT,2000,25.2,Portugal,0,PT,0
PT,2001,17.2,Portugal,0,PT,-31.746031746031743
PT,2002,19.7,Portugal,0,PT,14.534883720930234
PT,2003,20.6,Portugal,0,PT,4.5685279187817365
PT,2004,22.9,Portugal,0,PT,11.165048543689306
PT,2005,25.4,Portugal,0,PT,10.91703056768559
PT,2006,26.5,Portugal,0,PT,4.3307086614173285
PT,2007,30,Portugal,0,PT,13.20754716981132
PT,2008,31.6,Portugal,0,PT,5.3333333333333375
PT,2009,29.5,Portugal,0,PT,-6.64556962025317
PT,2010,32.9,Portugal,0,PT,11.525423728813553
PT,2011,36.5,Portugal,0,PT,10.942249240121585
PT,2012,38.7,Portugal,0,PT,6.027397260273981
PT,2013,40.1,Portugal,0,PT,3.617571059431521
PT,2014,40.2,Portugal,0,PT,0.24937655860349484
PT,2015,41.9,Portugal,0,PT,4.228855721393024
PT,2016,40.6,Portugal,0,PT,-3.102625298329349
PT,2017,39.7,Portugal,0,PT,-2.2167487684729026
PT,2018,37.4,Portugal,0,PT,-5.793450881612101
PT,2019,36.2,Portugal,0,PT,-3.2085561497326087
PT,2020,37,Portugal,0,PT,2.2099447513812076
PT,2021,37.9,Portugal,0,PT,2.432432432432429
PT,2022,37,Portugal,0,PT,-2.374670184696566
PT,2023,36.3,Portugal,0,PT,-1.8918918918918997
PT,2024,32.9,Portugal,0,PT,-9.366391184573
RO,1983,NA,Romania,0,RO,NA
RO,1984,NA,Romania,0,RO,NA
RO,1985,NA,Romania,0,RO,NA
RO,1986,NA,Romania,0,RO,NA
RO,1987,NA,Romania,0,RO,NA
RO,1988,NA,Romania,0,RO,NA
RO,1989,NA,Romania,0,RO,NA
RO,1990,NA,Romania,0,RO,NA
RO,1991,NA,Romania,0,RO,NA
RO,1992,NA,Romania,0,RO,NA
RO,1993,NA,Romania,0,RO,NA
RO,1994,NA,Romania,0,RO,NA
RO,1995,NA,Romania,0,RO,NA
RO,1996,NA,Romania,0,RO,NA
RO,1997,29,Romania,0,RO,NA
RO,1998,31.8,Romania,0,RO,9.655172413793107
RO,1999,33.4,Romania,0,RO,5.031446540880497
RO,2000,37.8,Romania,0,RO,13.173652694610775
RO,2001,37.7,Romania,0,RO,-0.26455026455024955
RO,2002,44.3,Romania,0,RO,17.50663129973473
RO,2003,45.4,Romania,0,RO,2.48306997742664
RO,2004,50.2,Romania,0,RO,10.572687224669613
RO,2005,47.5,Romania,0,RO,-5.378486055776898
RO,2006,48,Romania,0,RO,1.0526315789473684
RO,2007,45,Romania,0,RO,-6.25
RO,2008,43.3,Romania,0,RO,-3.777777777777784
RO,2009,43.2,Romania,0,RO,-0.23094688221707696
RO,2010,45.3,Romania,0,RO,4.861111111111097
RO,2011,44,Romania,0,RO,-2.8697571743929298
RO,2012,45.2,Romania,0,RO,2.7272727272727337
RO,2013,47.7,Romania,0,RO,5.530973451327434
RO,2014,48.5,Romania,0,RO,1.6771488469601616
RO,2015,51.1,Romania,0,RO,5.360824742268044
RO,2016,49.2,Romania,0,RO,-3.7181996086105644
RO,2017,47.2,Romania,0,RO,-4.0650406504065035
RO,2018,46,Romania,0,RO,-2.542372881355938
RO,2019,47,Romania,0,RO,2.1739130434782608
RO,2020,48.4,Romania,0,RO,2.9787234042553163
RO,2021,63.2,Romania,0,RO,30.578512396694222
RO,2022,56.5,Romania,0,RO,-10.601265822784814
RO,2023,54.6,Romania,0,RO,-3.362831858407077
RO,2024,54,Romania,0,RO,-1.0989010989011014
SI,1983,NA,Slovenia,0,SI,NA
SI,1984,NA,Slovenia,0,SI,NA
SI,1985,NA,Slovenia,0,SI,NA
SI,1986,NA,Slovenia,0,SI,NA
SI,1987,NA,Slovenia,0,SI,NA
SI,1988,NA,Slovenia,0,SI,NA
SI,1989,NA,Slovenia,0,SI,NA
SI,1990,NA,Slovenia,0,SI,NA
SI,1991,NA,Slovenia,0,SI,NA
SI,1992,NA,Slovenia,0,SI,NA
SI,1993,NA,Slovenia,0,SI,NA
SI,1994,NA,Slovenia,0,SI,NA
SI,1995,NA,Slovenia,0,SI,NA
SI,1996,10.5,Slovenia,0,SI,NA
SI,1997,6.3,Slovenia,0,SI,-40
SI,1998,5.7,Slovenia,0,SI,-9.523809523809518
SI,1999,5.1,Slovenia,0,SI,-10.526315789473694
SI,2000,10.6,Slovenia,0,SI,107.84313725490198
SI,2001,7.3,Slovenia,0,SI,-31.132075471698112
SI,2002,9.1,Slovenia,0,SI,24.65753424657534
SI,2003,9.6,Slovenia,0,SI,5.4945054945054945
SI,2004,6.5,Slovenia,0,SI,-32.291666666666664
SI,2005,6.4,Slovenia,0,SI,-1.538461538461533
SI,2006,5.4,Slovenia,0,SI,-15.625
SI,2007,5.2,Slovenia,0,SI,-3.703703703703707
SI,2008,6.3,Slovenia,0,SI,21.153846153846146
SI,2009,6.3,Slovenia,0,SI,0
SI,2010,6.8,Slovenia,0,SI,7.936507936507936
SI,2011,7.4,Slovenia,0,SI,8.823529411764714
SI,2012,8.1,Slovenia,0,SI,9.459459459459449
SI,2013,9.9,Slovenia,0,SI,22.222222222222232
SI,2014,8.9,Slovenia,0,SI,-10.1010101010101
SI,2015,12.2,Slovenia,0,SI,37.07865168539325
SI,2016,13.5,Slovenia,0,SI,10.655737704918039
SI,2017,10.1,Slovenia,0,SI,-25.185185185185187
SI,2018,6.1,Slovenia,0,SI,-39.603960396039604
SI,2019,4.6,Slovenia,0,SI,-24.590163934426233
SI,2020,5.7,Slovenia,0,SI,23.913043478260885
SI,2021,8.9,Slovenia,0,SI,56.14035087719298
SI,2022,7.5,Slovenia,0,SI,-15.730337078651688
SI,2023,7,Slovenia,0,SI,-6.666666666666667
SI,2024,4.8,Slovenia,0,SI,-31.428571428571434
SK,1983,NA,Slovakia,0,SK,NA
SK,1984,NA,Slovakia,0,SK,NA
SK,1985,NA,Slovakia,0,SK,NA
SK,1986,NA,Slovakia,0,SK,NA
SK,1987,NA,Slovakia,0,SK,NA
SK,1988,NA,Slovakia,0,SK,NA
SK,1989,NA,Slovakia,0,SK,NA
SK,1990,NA,Slovakia,0,SK,NA
SK,1991,NA,Slovakia,0,SK,NA
SK,1992,NA,Slovakia,0,SK,NA
SK,1993,NA,Slovakia,0,SK,NA
SK,1994,NA,Slovakia,0,SK,NA
SK,1995,NA,Slovakia,0,SK,NA
SK,1996,NA,Slovakia,0,SK,NA
SK,1997,NA,Slovakia,0,SK,NA
SK,1998,6.7,Slovakia,0,SK,NA
SK,1999,11.8,Slovakia,0,SK,76.11940298507463
SK,2000,10.1,Slovakia,0,SK,-14.406779661016959
SK,2001,17.7,Slovakia,0,SK,75.24752475247524
SK,2002,14.8,Slovakia,0,SK,-16.384180790960446
SK,2003,11.5,Slovakia,0,SK,-22.2972972972973
SK,2004,9.8,Slovakia,0,SK,-14.782608695652169
SK,2005,19.5,Slovakia,0,SK,98.97959183673468
SK,2006,16.3,Slovakia,0,SK,-16.41025641025641
SK,2007,12.8,Slovakia,0,SK,-21.47239263803681
SK,2008,21.9,Slovakia,0,SK,71.09374999999997
SK,2009,21.4,Slovakia,0,SK,-2.2831050228310503
SK,2010,26.5,Slovakia,0,SK,23.83177570093459
SK,2011,23.2,Slovakia,0,SK,-12.452830188679249
SK,2012,30.7,Slovakia,0,SK,32.327586206896555
SK,2013,31,Slovakia,0,SK,0.9771986970684062
SK,2014,32.2,Slovakia,0,SK,3.870967741935493
SK,2015,28.6,Slovakia,0,SK,-11.180124223602487
SK,2016,33.1,Slovakia,0,SK,15.734265734265735
SK,2017,29.5,Slovakia,0,SK,-10.876132930513599
SK,2018,24.5,Slovakia,0,SK,-16.94915254237288
SK,2019,24.3,Slovakia,0,SK,-0.816326530612242
SK,2020,18.1,Slovakia,0,SK,-25.514403292181065
SK,2021,18.1,Slovakia,0,SK,0
SK,2022,18.3,Slovakia,0,SK,1.1049723756906038
SK,2023,14,Slovakia,0,SK,-23.497267759562845
SK,2024,12.9,Slovakia,0,SK,-7.857142857142854
FI,1983,NA,Finland,0,FI,NA
FI,1984,NA,Finland,0,FI,NA
FI,1985,NA,Finland,0,FI,NA
FI,1986,NA,Finland,0,FI,NA
FI,1987,NA,Finland,0,FI,NA
FI,1988,NA,Finland,0,FI,NA
FI,1989,NA,Finland,0,FI,NA
FI,1990,NA,Finland,0,FI,NA
FI,1991,NA,Finland,0,FI,NA
FI,1992,NA,Finland,0,FI,NA
FI,1993,NA,Finland,0,FI,NA
FI,1994,NA,Finland,0,FI,NA
FI,1995,44.1,Finland,0,FI,NA
FI,1996,41,Finland,0,FI,-7.02947845804989
FI,1997,37.6,Finland,0,FI,-8.292682926829265
FI,1998,33.4,Finland,0,FI,-11.170212765957455
FI,1999,38,Finland,0,FI,13.772455089820365
FI,2000,34.8,Finland,0,FI,-8.421052631578956
FI,2001,32.9,Finland,0,FI,-5.459770114942525
FI,2002,31.5,Finland,0,FI,-4.255319148936166
FI,2003,30.3,Finland,0,FI,-3.809523809523807
FI,2004,29.2,Finland,0,FI,-3.6303630363036348
FI,2005,28.1,Finland,0,FI,-3.7671232876712257
FI,2006,28.9,Finland,0,FI,2.8469750889679615
FI,2007,23.9,Finland,0,FI,-17.301038062283737
FI,2008,25.9,Finland,0,FI,8.368200836820085
FI,2009,26.5,Finland,0,FI,2.316602316602322
FI,2010,26.1,Finland,0,FI,-1.5094339622641455
FI,2011,26.9,Finland,0,FI,3.0651340996168472
FI,2012,23.6,Finland,0,FI,-12.267657992565045
FI,2013,24,Finland,0,FI,1.6949152542372818
FI,2014,26.6,Finland,0,FI,10.83333333333334
FI,2015,28.3,Finland,0,FI,6.390977443609019
FI,2016,30.9,Finland,0,FI,9.187279151943455
FI,2017,28.8,Finland,0,FI,-6.7961165048543615
FI,2018,28.8,Finland,0,FI,0
FI,2019,27.9,Finland,0,FI,-3.1250000000000075
FI,2020,29,Finland,0,FI,3.942652329749109
FI,2021,28.5,Finland,0,FI,-1.7241379310344827
FI,2022,23.2,Finland,0,FI,-18.596491228070178
FI,2023,22.3,Finland,0,FI,-3.87931034482758
FI,2024,24.6,Finland,0,FI,10.313901345291484
SE,1983,NA,Sweden,0,SE,NA
SE,1984,NA,Sweden,0,SE,NA
SE,1985,NA,Sweden,0,SE,NA
SE,1986,NA,Sweden,0,SE,NA
SE,1987,NA,Sweden,0,SE,NA
SE,1988,NA,Sweden,0,SE,NA
SE,1989,NA,Sweden,0,SE,NA
SE,1990,NA,Sweden,0,SE,NA
SE,1991,NA,Sweden,0,SE,NA
SE,1992,NA,Sweden,0,SE,NA
SE,1993,NA,Sweden,0,SE,NA
SE,1994,NA,Sweden,0,SE,NA
SE,1995,27.9,Sweden,0,SE,NA
SE,1996,29.7,Sweden,0,SE,6.451612903225809
SE,1997,32.2,Sweden,0,SE,8.41750841750843
SE,1998,30.3,Sweden,0,SE,-5.900621118012428
SE,1999,29.7,Sweden,0,SE,-1.9801980198019846
SE,2000,23.3,Sweden,0,SE,-21.548821548821547
SE,2001,23.7,Sweden,0,SE,1.7167381974248865
SE,2002,22.6,Sweden,0,SE,-4.641350210970455
SE,2003,20.5,Sweden,0,SE,-9.2920353982300945
SE,2004,22.2,Sweden,0,SE,8.292682926829265
SE,2005,24.8,Sweden,0,SE,11.711711711711718
SE,2006,23.9,Sweden,0,SE,-3.629032258064525
SE,2007,24.6,Sweden,0,SE,2.9288702928870416
SE,2008,24.9,Sweden,0,SE,1.2195121951219396
SE,2009,26,Sweden,0,SE,4.41767068273093
SE,2010,26.5,Sweden,0,SE,1.9230769230769231
SE,2011,26.1,Sweden,0,SE,-1.5094339622641455
SE,2012,26.8,Sweden,0,SE,2.6819923371647483
SE,2013,27.5,Sweden,0,SE,2.61194029850746
SE,2014,27.4,Sweden,0,SE,-0.3636363636363688
SE,2015,27.2,Sweden,0,SE,-0.7299270072992675
SE,2016,26.1,Sweden,0,SE,-4.044117647058816
SE,2017,24.7,Sweden,0,SE,-5.36398467432951
SE,2018,22.3,Sweden,0,SE,-9.716599190283395
SE,2019,21.1,Sweden,0,SE,-5.381165919282508
SE,2020,20.9,Sweden,0,SE,-0.9478672985782125
SE,2021,22.7,Sweden,0,SE,8.612440191387563
SE,2022,19.4,Sweden,0,SE,-14.53744493392071
SE,2023,18.3,Sweden,0,SE,-5.670103092783495
SE,2024,19.4,Sweden,0,SE,6.010928961748622
IS,1983,NA,Iceland,0,IS,NA
IS,1984,NA,Iceland,0,IS,NA
IS,1985,NA,Iceland,0,IS,NA
IS,1986,NA,Iceland,0,IS,NA
IS,1987,NA,Iceland,0,IS,NA
IS,1988,NA,Iceland,0,IS,NA
IS,1989,NA,Iceland,0,IS,NA
IS,1990,NA,Iceland,0,IS,NA
IS,1991,NA,Iceland,0,IS,NA
IS,1992,NA,Iceland,0,IS,NA
IS,1993,NA,Iceland,0,IS,NA
IS,1994,NA,Iceland,0,IS,NA
IS,1995,16.5,Iceland,0,IS,NA
IS,1996,16,Iceland,0,IS,-3.0303030303030303
IS,1997,12.6,Iceland,0,IS,-21.250000000000004
IS,1998,10.3,Iceland,0,IS,-18.253968253968246
IS,1999,10.4,Iceland,0,IS,0.9708737864077635
IS,2000,7.5,Iceland,0,IS,-27.884615384615387
IS,2001,8,Iceland,0,IS,6.666666666666667
IS,2002,10.2,Iceland,0,IS,27.499999999999993
IS,2003,NA,Iceland,0,IS,NA
IS,2004,NA,Iceland,0,IS,NA
IS,2005,NA,Iceland,0,IS,NA
IS,2006,6.9,Iceland,0,IS,NA
IS,2007,5.6,Iceland,0,IS,-18.840579710144937
IS,2008,8.5,Iceland,0,IS,51.78571428571429
IS,2009,17.5,Iceland,0,IS,105.88235294117648
IS,2010,21.1,Iceland,0,IS,20.57142857142858
IS,2011,24,Iceland,0,IS,13.744075829383878
IS,2012,21.8,Iceland,0,IS,-9.166666666666663
IS,2013,17.5,Iceland,0,IS,-19.72477064220184
IS,2014,19.4,Iceland,0,IS,10.857142857142849
IS,2015,14.8,Iceland,0,IS,-23.711340206185557
IS,2016,12.4,Iceland,0,IS,-16.216216216216218
IS,2017,12.3,Iceland,0,IS,-0.8064516129032229
IS,2018,16.9,Iceland,0,IS,37.398373983739816
IS,2019,15.2,Iceland,0,IS,-10.059171597633133
IS,2020,18.1,Iceland,0,IS,19.07894736842107
IS,2021,14.8,Iceland,0,IS,-18.232044198895032
IS,2022,11,Iceland,0,IS,-25.67567567567568
IS,2023,10.8,Iceland,0,IS,-1.818181818181812
IS,2024,11.2,Iceland,0,IS,3.7037037037036904
NO,1983,NA,Norway,0,NO,NA
NO,1984,NA,Norway,0,NO,NA
NO,1985,NA,Norway,0,NO,NA
NO,1986,NA,Norway,0,NO,NA
NO,1987,NA,Norway,0,NO,NA
NO,1988,NA,Norway,0,NO,NA
NO,1989,NA,Norway,0,NO,NA
NO,1990,NA,Norway,0,NO,NA
NO,1991,NA,Norway,0,NO,NA
NO,1992,NA,Norway,0,NO,NA
NO,1993,NA,Norway,0,NO,NA
NO,1994,NA,Norway,0,NO,NA
NO,1995,15.2,Norway,0,NO,NA
NO,1996,15.9,Norway,0,NO,4.605263157894744
NO,1997,14.2,Norway,0,NO,-10.691823899371075
NO,1998,11.4,Norway,0,NO,-19.71830985915492
NO,1999,11,Norway,0,NO,-3.5087719298245648
NO,2000,11.1,Norway,0,NO,0.909090909090906
NO,2001,10.1,Norway,0,NO,-9.00900900900901
NO,2002,10.5,Norway,0,NO,3.960396039603964
NO,2003,13.2,Norway,0,NO,25.714285714285705
NO,2004,13.8,Norway,0,NO,4.5454545454545565
NO,2005,14.3,Norway,0,NO,3.6231884057971016
NO,2006,17.8,Norway,0,NO,24.475524475524473
NO,2007,16.4,Norway,0,NO,-7.865168539325855
NO,2008,15.6,Norway,0,NO,-4.8780487804877986
NO,2009,15.5,Norway,0,NO,-0.6410256410256387
NO,2010,16.9,Norway,0,NO,9.032258064516121
NO,2011,17.9,Norway,0,NO,5.9171597633136095
NO,2012,16.2,Norway,0,NO,-9.497206703910612
NO,2013,17.8,Norway,0,NO,9.876543209876552
NO,2014,19,Norway,0,NO,6.741573033707861
NO,2015,19.4,Norway,0,NO,2.1052631578947296
NO,2016,NA,Norway,0,NO,NA
NO,2017,16.7,Norway,0,NO,NA
NO,2018,19.1,Norway,0,NO,14.371257485029954
NO,2019,18.3,Norway,0,NO,-4.188481675392674
NO,2020,19.4,Norway,0,NO,6.010928961748622
NO,2021,14.1,Norway,0,NO,-27.31958762886598
NO,2022,12.4,Norway,0,NO,-12.056737588652478
NO,2023,11.2,Norway,0,NO,-9.677419354838717
NO,2024,10.6,Norway,0,NO,-5.357142857142854
CH,1983,NA,Switzerland,0,CH,NA
CH,1984,NA,Switzerland,0,CH,NA
CH,1985,NA,Switzerland,0,CH,NA
CH,1986,NA,Switzerland,0,CH,NA
CH,1987,NA,Switzerland,0,CH,NA
CH,1988,NA,Switzerland,0,CH,NA
CH,1989,NA,Switzerland,0,CH,NA
CH,1990,NA,Switzerland,0,CH,NA
CH,1991,NA,Switzerland,0,CH,NA
CH,1992,NA,Switzerland,0,CH,NA
CH,1993,NA,Switzerland,0,CH,NA
CH,1994,NA,Switzerland,0,CH,NA
CH,1995,NA,Switzerland,0,CH,NA
CH,1996,5.7,Switzerland,0,CH,NA
CH,1997,7.1,Switzerland,0,CH,24.56140350877192
CH,1998,6.9,Switzerland,0,CH,-2.8169014084506943
CH,1999,5.6,Switzerland,0,CH,-18.840579710144937
CH,2000,4.7,Switzerland,0,CH,-16.071428571428566
CH,2001,3.9,Switzerland,0,CH,-17.021276595744688
CH,2002,3.7,Switzerland,0,CH,-5.1282051282051215
CH,2003,5.6,Switzerland,0,CH,51.35135135135134
CH,2004,6.1,Switzerland,0,CH,8.928571428571429
CH,2005,6.7,Switzerland,0,CH,9.836065573770501
CH,2006,7,Switzerland,0,CH,4.477611940298504
CH,2007,6,Switzerland,0,CH,-14.285714285714285
CH,2008,5.6,Switzerland,0,CH,-6.666666666666672
CH,2009,6.4,Switzerland,0,CH,14.285714285714299
CH,2010,6.9,Switzerland,0,CH,7.8125
CH,2011,7.2,Switzerland,0,CH,4.347826086956519
CH,2012,7.4,Switzerland,0,CH,2.77777777777778
CH,2013,7.4,Switzerland,0,CH,0
CH,2014,7.7,Switzerland,0,CH,4.054054054054052
CH,2015,7.9,Switzerland,0,CH,2.5974025974025996
CH,2016,8.1,Switzerland,0,CH,2.531645569620244
CH,2017,8.2,Switzerland,0,CH,1.2345679012345634
CH,2018,7.8,Switzerland,0,CH,-4.8780487804877986
CH,2019,8,Switzerland,0,CH,2.5641025641025665
CH,2020,7.5,Switzerland,0,CH,-6.25
CH,2021,7.6,Switzerland,0,CH,1.3333333333333286
CH,2022,6.5,Switzerland,0,CH,-14.473684210526311
CH,2023,6.3,Switzerland,0,CH,-3.0769230769230793
CH,2024,6.2,Switzerland,0,CH,-1.5873015873015817
ME,1983,NA,Montenegro,0,ME,NA
ME,1984,NA,Montenegro,0,ME,NA
ME,1985,NA,Montenegro,0,ME,NA
ME,1986,NA,Montenegro,0,ME,NA
ME,1987,NA,Montenegro,0,ME,NA
ME,1988,NA,Montenegro,0,ME,NA
ME,1989,NA,Montenegro,0,ME,NA
ME,1990,NA,Montenegro,0,ME,NA
ME,1991,NA,Montenegro,0,ME,NA
ME,1992,NA,Montenegro,0,ME,NA
ME,1993,NA,Montenegro,0,ME,NA
ME,1994,NA,Montenegro,0,ME,NA
ME,1995,NA,Montenegro,0,ME,NA
ME,1996,NA,Montenegro,0,ME,NA
ME,1997,NA,Montenegro,0,ME,NA
ME,1998,NA,Montenegro,0,ME,NA
ME,1999,NA,Montenegro,0,ME,NA
ME,2000,NA,Montenegro,0,ME,NA
ME,2001,NA,Montenegro,0,ME,NA
ME,2002,NA,Montenegro,0,ME,NA
ME,2003,NA,Montenegro,0,ME,NA
ME,2004,NA,Montenegro,0,ME,NA
ME,2005,NA,Montenegro,0,ME,NA
ME,2006,NA,Montenegro,0,ME,NA
ME,2007,NA,Montenegro,0,ME,NA
ME,2008,NA,Montenegro,0,ME,NA
ME,2009,NA,Montenegro,0,ME,NA
ME,2010,NA,Montenegro,0,ME,NA
ME,2011,31.5,Montenegro,0,ME,NA
ME,2012,31,Montenegro,0,ME,-1.5873015873015872
ME,2013,44.3,Montenegro,0,ME,42.90322580645161
ME,2014,28,Montenegro,0,ME,-36.79458239277652
ME,2015,38.8,Montenegro,0,ME,38.57142857142856
ME,2016,32,Montenegro,0,ME,-17.525773195876283
ME,2017,30.2,Montenegro,0,ME,-5.625000000000002
ME,2018,32.8,Montenegro,0,ME,8.609271523178801
ME,2019,28.7,Montenegro,0,ME,-12.499999999999995
ME,2020,19.5,Montenegro,0,ME,-32.05574912891986
ME,2021,NA,Montenegro,0,ME,NA
ME,2022,NA,Montenegro,0,ME,NA
ME,2023,NA,Montenegro,0,ME,NA
ME,2024,NA,Montenegro,0,ME,NA
MK,1983,NA,North Macedonia,0,MK,NA
MK,1984,NA,North Macedonia,0,MK,NA
MK,1985,NA,North Macedonia,0,MK,NA
MK,1986,NA,North Macedonia,0,MK,NA
MK,1987,NA,North Macedonia,0,MK,NA
MK,1988,NA,North Macedonia,0,MK,NA
MK,1989,NA,North Macedonia,0,MK,NA
MK,1990,NA,North Macedonia,0,MK,NA
MK,1991,NA,North Macedonia,0,MK,NA
MK,1992,NA,North Macedonia,0,MK,NA
MK,1993,NA,North Macedonia,0,MK,NA
MK,1994,NA,North Macedonia,0,MK,NA
MK,1995,NA,North Macedonia,0,MK,NA
MK,1996,NA,North Macedonia,0,MK,NA
MK,1997,NA,North Macedonia,0,MK,NA
MK,1998,NA,North Macedonia,0,MK,NA
MK,1999,NA,North Macedonia,0,MK,NA
MK,2000,NA,North Macedonia,0,MK,NA
MK,2001,NA,North Macedonia,0,MK,NA
MK,2002,NA,North Macedonia,0,MK,NA
MK,2003,NA,North Macedonia,0,MK,NA
MK,2004,NA,North Macedonia,0,MK,NA
MK,2005,NA,North Macedonia,0,MK,NA
MK,2006,45,North Macedonia,0,MK,NA
MK,2007,46.4,North Macedonia,0,MK,3.111111111111108
MK,2008,36.6,North Macedonia,0,MK,-21.12068965517241
MK,2009,42.3,North Macedonia,0,MK,15.573770491803266
MK,2010,45.3,North Macedonia,0,MK,7.092198581560284
MK,2011,39.1,North Macedonia,0,MK,-13.686534216335533
MK,2012,38,North Macedonia,0,MK,-2.8132992327365764
MK,2013,33.7,North Macedonia,0,MK,-11.315789473684204
MK,2014,37.7,North Macedonia,0,MK,11.869436201780415
MK,2015,41.4,North Macedonia,0,MK,9.814323607427044
MK,2016,38,North Macedonia,0,MK,-8.212560386473426
MK,2017,40.5,North Macedonia,0,MK,6.578947368421052
MK,2018,34.5,North Macedonia,0,MK,-14.814814814814813
MK,2019,34.3,North Macedonia,0,MK,-0.5797101449275445
MK,2020,29,North Macedonia,0,MK,-15.451895043731772
MK,2021,NA,North Macedonia,0,MK,NA
MK,2022,NA,North Macedonia,0,MK,NA
MK,2023,NA,North Macedonia,0,MK,NA
MK,2024,NA,North Macedonia,0,MK,NA
RS,1983,NA,Serbia,0,RS,NA
RS,1984,NA,Serbia,0,RS,NA
RS,1985,NA,Serbia,0,RS,NA
RS,1986,NA,Serbia,0,RS,NA
RS,1987,NA,Serbia,0,RS,NA
RS,1988,NA,Serbia,0,RS,NA
RS,1989,NA,Serbia,0,RS,NA
RS,1990,NA,Serbia,0,RS,NA
RS,1991,NA,Serbia,0,RS,NA
RS,1992,NA,Serbia,0,RS,NA
RS,1993,NA,Serbia,0,RS,NA
RS,1994,NA,Serbia,0,RS,NA
RS,1995,NA,Serbia,0,RS,NA
RS,1996,NA,Serbia,0,RS,NA
RS,1997,NA,Serbia,0,RS,NA
RS,1998,NA,Serbia,0,RS,NA
RS,1999,NA,Serbia,0,RS,NA
RS,2000,NA,Serbia,0,RS,NA
RS,2001,NA,Serbia,0,RS,NA
RS,2002,NA,Serbia,0,RS,NA
RS,2003,NA,Serbia,0,RS,NA
RS,2004,NA,Serbia,0,RS,NA
RS,2005,NA,Serbia,0,RS,NA
RS,2006,NA,Serbia,0,RS,NA
RS,2007,NA,Serbia,0,RS,NA
RS,2008,NA,Serbia,0,RS,NA
RS,2009,NA,Serbia,0,RS,NA
RS,2010,35.7,Serbia,0,RS,NA
RS,2011,38.3,Serbia,0,RS,7.28291316526609
RS,2012,38,Serbia,0,RS,-0.7832898172323686
RS,2013,37.6,Serbia,0,RS,-1.0526315789473648
RS,2014,41.8,Serbia,0,RS,11.170212765957436
RS,2015,47.5,Serbia,0,RS,13.636363636363644
RS,2016,46.9,Serbia,0,RS,-1.263157894736845
RS,2017,41.6,Serbia,0,RS,-11.300639658848608
RS,2018,36.4,Serbia,0,RS,-12.500000000000005
RS,2019,30.1,Serbia,0,RS,-17.307692307692303
RS,2020,24.6,Serbia,0,RS,-18.272425249169437
RS,2021,25.4,Serbia,0,RS,3.2520325203251916
RS,2022,24.9,Serbia,0,RS,-1.968503937007874
RS,2023,19.1,Serbia,0,RS,-23.293172690763043
RS,2024,17.4,Serbia,0,RS,-8.900523560209438
TR,1983,NA,Türkiye,0,TR,NA
TR,1984,NA,Türkiye,0,TR,NA
TR,1985,NA,Türkiye,0,TR,NA
TR,1986,NA,Türkiye,0,TR,NA
TR,1987,NA,Türkiye,0,TR,NA
TR,1988,NA,Türkiye,0,TR,NA
TR,1989,NA,Türkiye,0,TR,NA
TR,1990,NA,Türkiye,0,TR,NA
TR,1991,NA,Türkiye,0,TR,NA
TR,1992,NA,Türkiye,0,TR,NA
TR,1993,NA,Türkiye,0,TR,NA
TR,1994,NA,Türkiye,0,TR,NA
TR,1995,NA,Türkiye,0,TR,NA
TR,1996,NA,Türkiye,0,TR,NA
TR,1997,NA,Türkiye,0,TR,NA
TR,1998,NA,Türkiye,0,TR,NA
TR,1999,NA,Türkiye,0,TR,NA
TR,2000,NA,Türkiye,0,TR,NA
TR,2001,NA,Türkiye,0,TR,NA
TR,2002,NA,Türkiye,0,TR,NA
TR,2003,NA,Türkiye,0,TR,NA
TR,2004,NA,Türkiye,0,TR,NA
TR,2005,NA,Türkiye,0,TR,NA
TR,2006,8.9,Türkiye,0,TR,NA
TR,2007,7.1,Türkiye,0,TR,-20.224719101123604
TR,2008,7.4,Türkiye,0,TR,4.225352112676067
TR,2009,8.5,Türkiye,0,TR,14.86486486486486
TR,2010,8.2,Türkiye,0,TR,-3.5294117647058907
TR,2011,6.8,Türkiye,0,TR,-17.073170731707314
TR,2012,6.6,Türkiye,0,TR,-2.941176470588238
TR,2013,6.7,Türkiye,0,TR,1.5151515151515234
TR,2014,8,Türkiye,0,TR,19.402985074626862
TR,2015,8.7,Türkiye,0,TR,8.749999999999991
TR,2016,10.7,Türkiye,0,TR,22.98850574712644
TR,2017,12,Türkiye,0,TR,12.149532710280381
TR,2018,12.1,Türkiye,0,TR,0.8333333333333304
TR,2019,13.4,Türkiye,0,TR,10.743801652892568
TR,2020,14.5,Türkiye,0,TR,8.208955223880594
TR,2021,13.7,Türkiye,0,TR,-5.51724137931035
TR,2022,13.3,Türkiye,0,TR,-2.91970802919707
TR,2023,11.8,Türkiye,0,TR,-11.278195488721805
TR,2024,11.5,Türkiye,0,TR,-2.542372881355938
