geo,year,part_time
AT10,2008,362709.0
AT10,2009,381872.0
AT10,2010,388845.0
AT10,2011,406259.0
AT10,2012,419595.0
AT10,2013,432651.0
AT10,2014,449710.0
AT10,2015,458780.0
AT10,2016,488204.0
AT10,2017,485480.0
AT10,2018,483396.0
AT10,2019,482258.0
AT10,2020,473403.0
AT10,2021,501492.0
AT10,2022,540282.0
AT10,2023,559530.0
AT20,2008,181386.0
AT20,2009,190634.0
AT20,2010,196745.0
AT20,2011,196790.0
AT20,2012,203598.0
AT20,2013,215135.0
AT20,2014,218142.0
AT20,2015,224005.0
AT20,2016,222651.0
AT20,2017,236065.0
AT20,2018,228399.0
AT20,2019,228335.0
AT20,2020,225675.0
AT20,2021,237870.0
AT20,2022,253351.0
AT20,2023,258893.0
AT30,2008,348363.0
AT30,2009,361213.0
AT30,2010,377676.0
AT30,2011,371696.0
AT30,2012,387092.0
AT30,2013,399742.0
AT30,2014,419101.0
AT30,2015,427678.0
AT30,2016,440450.0
AT30,2017,445111.0
AT30,2018,446719.0
AT30,2019,453659.0
AT30,2020,451510.0
AT30,2021,475270.0
AT30,2022,501587.0
AT30,2023,504876.0
BE10,2008,74360.0
BE10,2009,77282.0
BE10,2010,80666.0
BE10,2011,87201.0
BE10,2012,84172.0
BE10,2013,86597.0
BE10,2014,88070.0
BE10,2015,86881.0
BE10,2016,91504.0
BE10,2017,86622.0
BE10,2018,98285.0
BE10,2019,103924.0
BE10,2020,95118.0
BE10,2021,89746.0
BE10,2022,108023.0
BE10,2023,107311.0
BE21,2008,176973.0
BE21,2009,179156.0
BE21,2010,187855.0
BE21,2011,195014.0
BE21,2012,193147.0
BE21,2013,192840.0
BE21,2014,175428.0
BE21,2015,200759.0
BE21,2016,200618.0
BE21,2017,194927.0
BE21,2018,216574.0
BE21,2019,217085.0
BE21,2020,210947.0
BE21,2021,219802.0
BE21,2022,243469.0
BE21,2023,244149.0
BE22,2008,91574.0
BE22,2009,94716.0
BE22,2010,98786.0
BE22,2011,106443.0
BE22,2012,102457.0
BE22,2013,104915.0
BE22,2014,101498.0
BE22,2015,104874.0
BE22,2016,105281.0
BE22,2017,105873.0
BE22,2018,113656.0
BE22,2019,109446.0
BE22,2020,111181.0
BE22,2021,111025.0
BE22,2022,112431.0
BE22,2023,118095.0
BE23,2008,145233.0
BE23,2009,147136.0
BE23,2010,151745.0
BE23,2011,155486.0
BE23,2012,150634.0
BE23,2013,147551.0
BE23,2014,148762.0
BE23,2015,148018.0
BE23,2016,147169.0
BE23,2017,152940.0
BE23,2018,164870.0
BE23,2019,177585.0
BE23,2020,167416.0
BE23,2021,161252.0
BE23,2022,162789.0
BE23,2023,166747.0
BE24,2008,107023.0
BE24,2009,110042.0
BE24,2010,109896.0
BE24,2011,112887.0
BE24,2012,122069.0
BE24,2013,116006.0
BE24,2014,116297.0
BE24,2015,111443.0
BE24,2016,121566.0
BE24,2017,133692.0
BE24,2018,115806.0
BE24,2019,118831.0
BE24,2020,116478.0
BE24,2021,106055.0
BE24,2022,90014.0
BE24,2023,95756.0
BE25,2008,107401.0
BE25,2009,114346.0
BE25,2010,116067.0
BE25,2011,121266.0
BE25,2012,125730.0
BE25,2013,115716.0
BE25,2014,122874.0
BE25,2015,125375.0
BE25,2016,128388.0
BE25,2017,128220.0
BE25,2018,139182.0
BE25,2019,147780.0
BE25,2020,134635.0
BE25,2021,127100.0
BE25,2022,124701.0
BE25,2023,132401.0
BE31,2008,31430.0
BE31,2009,34821.0
BE31,2010,38109.0
BE31,2011,33571.0
BE31,2012,37568.0
BE31,2013,35846.0
BE31,2014,34266.0
BE31,2015,34499.0
BE31,2016,38110.0
BE31,2017,36620.0
BE31,2018,35658.0
BE31,2019,35540.0
BE31,2020,36828.0
BE31,2021,37894.0
BE31,2022,40634.0
BE31,2023,39226.0
BE32,2008,90326.0
BE32,2009,92057.0
BE32,2010,95296.0
BE32,2011,99669.0
BE32,2012,106022.0
BE32,2013,103628.0
BE32,2014,99465.0
BE32,2015,102588.0
BE32,2016,108233.0
BE32,2017,102197.0
BE32,2018,92971.0
BE32,2019,105053.0
BE32,2020,90576.0
BE32,2021,96533.0
BE32,2022,77365.0
BE32,2023,95171.0
BE33,2008,97617.0
BE33,2009,94219.0
BE33,2010,101947.0
BE33,2011,104863.0
BE33,2012,110080.0
BE33,2013,108796.0
BE33,2014,99978.0
BE33,2015,104307.0
BE33,2016,103493.0
BE33,2017,103804.0
BE33,2018,102592.0
BE33,2019,105274.0
BE33,2020,114111.0
BE33,2021,107681.0
BE33,2022,89309.0
BE33,2023,105194.0
BE34,2008,24536.0
BE34,2009,26170.0
BE34,2010,28208.0
BE34,2011,29204.0
BE34,2012,30126.0
BE34,2013,30688.0
BE34,2014,30125.0
BE34,2015,29950.0
BE34,2016,30481.0
BE34,2017,34236.0
BE34,2018,30933.0
BE34,2019,34421.0
BE34,2020,30916.0
BE34,2021,29600.0
BE34,2022,34693.0
BE34,2023,31749.0
BE35,2008,42860.0
BE35,2009,44841.0
BE35,2010,44701.0
BE35,2011,47026.0
BE35,2012,44995.0
BE35,2013,46190.0
BE35,2014,47755.0
BE35,2015,44145.0
BE35,2016,45218.0
BE35,2017,51345.0
BE35,2018,46983.0
BE35,2019,49899.0
BE35,2020,46522.0
BE35,2021,43157.0
BE35,2022,50189.0
BE35,2023,54482.0
BG31,2008,5445.0
BG31,2009,11124.0
BG31,2010,7361.0
BG31,2011,7166.0
BG31,2012,5731.0
BG31,2013,6562.0
BG31,2014,6148.0
BG31,2015,5969.0
BG31,2016,3758.0
BG31,2017,9636.0
BG31,2018,5455.0
BG31,2019,6477.0
BG31,2020,4842.0
BG31,2021,4364.0
BG31,2022,6431.0
BG31,2023,4141.0
BG32,2008,8408.0
BG32,2009,8604.0
BG32,2010,9186.0
BG32,2011,5923.0
BG32,2012,7272.0
BG32,2013,6899.0
BG32,2014,7224.0
BG32,2015,11675.0
BG32,2016,7159.0
BG32,2017,13083.0
BG32,2018,8847.0
BG32,2019,11898.0
BG32,2020,10931.0
BG32,2021,5439.0
BG32,2022,7974.0
BG32,2023,5970.0
BG33,2008,7039.0
BG33,2009,8120.0
BG33,2010,8638.0
BG33,2011,8656.0
BG33,2012,7476.0
BG33,2013,10830.0
BG33,2014,12266.0
BG33,2015,10750.0
BG33,2016,8329.0
BG33,2017,10945.0
BG33,2018,11366.0
BG33,2019,10123.0
BG33,2020,6473.0
BG33,2021,6409.0
BG33,2022,3788.0
BG33,2023,5282.0
BG34,2008,5132.0
BG34,2009,3926.0
BG34,2010,7646.0
BG34,2011,5744.0
BG34,2012,9180.0
BG34,2013,7060.0
BG34,2014,5497.0
BG34,2015,6872.0
BG34,2016,9399.0
BG34,2017,10760.0
BG34,2018,5906.0
BG34,2019,4609.0
BG34,2020,5273.0
BG34,2021,5213.0
BG34,2022,5548.0
BG34,2023,7836.0
BG41,2008,18967.0
BG41,2009,16398.0
BG41,2010,17024.0
BG41,2011,15965.0
BG41,2012,20212.0
BG41,2013,22797.0
BG41,2014,17846.0
BG41,2015,16917.0
BG41,2016,20050.0
BG41,2017,21422.0
BG41,2018,14063.0
BG41,2019,18560.0
BG41,2020,17829.0
BG41,2021,13051.0
BG41,2022,18331.0
BG41,2023,11987.0
BG42,2008,16249.0
BG42,2009,16150.0
BG42,2010,11977.0
BG42,2011,11585.0
BG42,2012,13428.0
BG42,2013,13546.0
BG42,2014,17632.0
BG42,2015,9848.0
BG42,2016,11275.0
BG42,2017,9410.0
BG42,2018,5262.0
BG42,2019,7747.0
BG42,2020,5649.0
BG42,2021,4913.0
BG42,2022,7840.0
BG42,2023,5205.0
CY00,2008,25101.0
CY00,2009,27972.0
CY00,2010,31774.0
CY00,2011,34557.0
CY00,2012,36159.0
CY00,2013,42383.0
CY00,2014,47856.0
CY00,2015,45511.0
CY00,2016,47516.0
CY00,2017,45229.0
CY00,2018,42202.0
CY00,2019,41737.0
CY00,2020,41297.0
CY00,2021,43990.0
CY00,2022,42833.0
CY00,2023,38249.0
CZ01,2008,36500.0
CZ01,2009,45876.0
CZ01,2010,49577.0
CZ01,2011,33033.0
CZ01,2012,52082.0
CZ01,2013,52347.0
CZ01,2014,55238.0
CZ01,2015,42311.0
CZ01,2016,49986.0
CZ01,2017,65615.0
CZ01,2018,61902.0
CZ01,2019,64379.0
CZ01,2020,55701.0
CZ01,2021,67231.0
CZ01,2022,73852.0
CZ01,2023,55719.0
CZ02,2008,18605.0
CZ02,2009,17996.0
CZ02,2010,27725.0
CZ02,2011,22126.0
CZ02,2012,28192.0
CZ02,2013,26356.0
CZ02,2014,25412.0
CZ02,2015,29472.0
CZ02,2016,28012.0
CZ02,2017,28735.0
CZ02,2018,28799.0
CZ02,2019,22918.0
CZ02,2020,26517.0
CZ02,2021,28589.0
CZ02,2022,23551.0
CZ02,2023,24108.0
CZ03,2008,25733.0
CZ03,2009,28404.0
CZ03,2010,26719.0
CZ03,2011,24291.0
CZ03,2012,26681.0
CZ03,2013,24184.0
CZ03,2014,26330.0
CZ03,2015,23673.0
CZ03,2016,28872.0
CZ03,2017,32180.0
CZ03,2018,33789.0
CZ03,2019,36012.0
CZ03,2020,29766.0
CZ03,2021,27078.0
CZ03,2022,38550.0
CZ03,2023,50886.0
CZ04,2008,12622.0
CZ04,2009,15921.0
CZ04,2010,18643.0
CZ04,2011,16614.0
CZ04,2012,18003.0
CZ04,2013,15965.0
CZ04,2014,18032.0
CZ04,2015,16123.0
CZ04,2016,18513.0
CZ04,2017,20420.0
CZ04,2018,19880.0
CZ04,2019,20302.0
CZ04,2020,16202.0
CZ04,2021,27974.0
CZ04,2022,21728.0
CZ04,2023,22237.0
CZ05,2008,29023.0
CZ05,2009,34707.0
CZ05,2010,36426.0
CZ05,2011,34124.0
CZ05,2012,39045.0
CZ05,2013,34477.0
CZ05,2014,36593.0
CZ05,2015,40420.0
CZ05,2016,37019.0
CZ05,2017,49722.0
CZ05,2018,39982.0
CZ05,2019,43215.0
CZ05,2020,32701.0
CZ05,2021,45848.0
CZ05,2022,48678.0
CZ05,2023,51307.0
CZ06,2008,37320.0
CZ06,2009,41704.0
CZ06,2010,39687.0
CZ06,2011,39569.0
CZ06,2012,42785.0
CZ06,2013,45392.0
CZ06,2014,47877.0
CZ06,2015,43983.0
CZ06,2016,58485.0
CZ06,2017,47461.0
CZ06,2018,55956.0
CZ06,2019,53626.0
CZ06,2020,48883.0
CZ06,2021,63716.0
CZ06,2022,62877.0
CZ06,2023,70690.0
CZ07,2008,22730.0
CZ07,2009,20343.0
CZ07,2010,22452.0
CZ07,2011,18993.0
CZ07,2012,25324.0
CZ07,2013,28822.0
CZ07,2014,26530.0
CZ07,2015,23721.0
CZ07,2016,30078.0
CZ07,2017,33629.0
CZ07,2018,36141.0
CZ07,2019,30484.0
CZ07,2020,22282.0
CZ07,2021,33093.0
CZ07,2022,33172.0
CZ07,2023,35464.0
CZ08,2008,27276.0
CZ08,2009,27140.0
CZ08,2010,25631.0
CZ08,2011,23146.0
CZ08,2012,26556.0
CZ08,2013,27192.0
CZ08,2014,24630.0
CZ08,2015,30618.0
CZ08,2016,32044.0
CZ08,2017,39460.0
CZ08,2018,49571.0
CZ08,2019,34379.0
CZ08,2020,31561.0
CZ08,2021,33243.0
CZ08,2022,40242.0
CZ08,2023,42059.0
DE10,2008,1310102.0
DE10,2009,1278742.0
DE10,2010,1257799.0
DE10,2011,1299968.0
DE10,2012,1304647.0
DE10,2013,1442995.0
DE10,2014,1469391.0
DE10,2015,1511949.0
DE10,2016,1519840.0
DE10,2017,1550400.0
DE10,2018,1543305.0
DE10,2019,1552484.0
DE10,2020,1573885.0
DE10,2021,1543952.0
DE10,2022,1587994.0
DE10,2023,1655944.0
DE20,2008,1450083.0
DE20,2009,1531380.0
DE20,2010,1449483.0
DE20,2011,1466507.0
DE20,2012,1498900.0
DE20,2013,1604223.0
DE20,2014,1650394.0
DE20,2015,1669587.0
DE20,2016,1699231.0
DE20,2017,1724363.0
DE20,2018,1739291.0
DE20,2019,1762368.0
DE20,2020,1857448.0
DE20,2021,1878218.0
DE20,2022,1901699.0
DE20,2023,1991046.0
DE30,2008,348687.0
DE30,2009,411565.0
DE30,2010,364214.0
DE30,2011,368012.0
DE30,2012,382027.0
DE30,2013,419980.0
DE30,2014,421886.0
DE30,2015,430506.0
DE30,2016,444162.0
DE30,2017,458737.0
DE30,2018,461805.0
DE30,2019,486855.0
DE30,2020,456557.0
DE30,2021,509971.0
DE30,2022,510895.0
DE30,2023,550589.0
DE40,2008,239969.0
DE40,2009,240010.0
DE40,2010,191811.0
DE40,2011,207149.0
DE40,2012,216570.0
DE40,2013,253580.0
DE40,2014,254933.0
DE40,2015,262606.0
DE40,2016,262266.0
DE40,2017,268179.0
DE40,2018,267682.0
DE40,2019,280165.0
DE40,2020,271935.0
DE40,2021,302697.0
DE40,2022,275565.0
DE40,2023,287194.0
DE50,2008,90404.0
DE50,2009,94426.0
DE50,2010,84809.0
DE50,2011,83251.0
DE50,2012,82090.0
DE50,2013,89723.0
DE50,2014,86866.0
DE50,2015,95186.0
DE50,2016,93682.0
DE50,2017,96965.0
DE50,2018,93408.0
DE50,2019,97917.0
DE50,2020,97027.0
DE50,2021,98207.0
DE50,2022,95297.0
DE50,2023,98047.0
DE60,2008,236359.0
DE60,2009,186625.0
DE60,2010,183383.0
DE60,2011,181564.0
DE60,2012,192841.0
DE60,2013,215582.0
DE60,2014,215462.0
DE60,2015,223224.0
DE60,2016,215423.0
DE60,2017,223332.0
DE60,2018,218306.0
DE60,2019,248581.0
DE60,2020,250588.0
DE60,2021,259055.0
DE60,2022,235077.0
DE60,2023,243200.0
DE70,2008,785368.0
DE70,2009,736320.0
DE70,2010,733274.0
DE70,2011,762711.0
DE70,2012,757714.0
DE70,2013,803017.0
DE70,2014,787690.0
DE70,2015,819124.0
DE70,2016,855698.0
DE70,2017,862068.0
DE70,2018,843662.0
DE70,2019,872619.0
DE70,2020,856908.0
DE70,2021,874106.0
DE70,2022,875487.0
DE70,2023,898274.0
DE80,2008,179604.0
DE80,2009,151633.0
DE80,2010,154782.0
DE80,2011,142127.0
DE80,2012,157687.0
DE80,2013,168810.0
DE80,2014,178255.0
DE80,2015,200181.0
DE80,2016,206932.0
DE80,2017,211337.0
DE80,2018,210066.0
DE80,2019,216980.0
DE80,2020,195865.0
DE80,2021,213025.0
DE80,2022,208086.0
DE80,2023,214598.0
DE90,2008,922471.0
DE90,2009,887855.0
DE90,2010,884357.0
DE90,2011,905790.0
DE90,2012,938152.0
DE90,2013,988141.0
DE90,2014,973411.0
DE90,2015,1019310.0
DE90,2016,1052583.0
DE90,2017,1041431.0
DE90,2018,1067648.0
DE90,2019,1101997.0
DE90,2020,1092489.0
DE90,2021,1135724.0
DE90,2022,1170271.0
DE90,2023,1210613.0
DEA0,2008,2086510.0
DEA0,2009,2086775.0
DEA0,2010,1972685.0
DEA0,2011,2071196.0
DEA0,2012,2056231.0
DEA0,2013,2134897.0
DEA0,2014,2156392.0
DEA0,2015,2235309.0
DEA0,2016,2286576.0
DEA0,2017,2322467.0
DEA0,2018,2333091.0
DEA0,2019,2403955.0
DEA0,2020,2462589.0
DEA0,2021,2393402.0
DEA0,2022,2501130.0
DEA0,2023,2538495.0
DEB0,2008,475387.0
DEB0,2009,453932.0
DEB0,2010,511984.0
DEB0,2011,455313.0
DEB0,2012,477487.0
DEB0,2013,508942.0
DEB0,2014,513980.0
DEB0,2015,544726.0
DEB0,2016,561914.0
DEB0,2017,570889.0
DEB0,2018,561976.0
DEB0,2019,572416.0
DEB0,2020,584300.0
DEB0,2021,585515.0
DEB0,2022,598645.0
DEB0,2023,636703.0
DEC0,2008,105847.0
DEC0,2009,107503.0
DEC0,2010,113417.0
DEC0,2011,109932.0
DEC0,2012,110726.0
DEC0,2013,113666.0
DEC0,2014,111242.0
DEC0,2015,121451.0
DEC0,2016,125589.0
DEC0,2017,129757.0
DEC0,2018,126993.0
DEC0,2019,121122.0
DEC0,2020,122844.0
DEC0,2021,124421.0
DEC0,2022,140900.0
DEC0,2023,136021.0
DED0,2008,383080.0
DED0,2009,378012.0
DED0,2010,394451.0
DED0,2011,397269.0
DED0,2012,379619.0
DED0,2013,453007.0
DED0,2014,458645.0
DED0,2015,467961.0
DED0,2016,463552.0
DED0,2017,468973.0
DED0,2018,469176.0
DED0,2019,491476.0
DED0,2020,472167.0
DED0,2021,457923.0
DED0,2022,482703.0
DED0,2023,534852.0
DEE0,2008,238766.0
DEE0,2009,199699.0
DEE0,2010,209141.0
DEE0,2011,214391.0
DEE0,2012,194913.0
DEE0,2013,220432.0
DEE0,2014,214464.0
DEE0,2015,213686.0
DEE0,2016,216666.0
DEE0,2017,212773.0
DEE0,2018,206687.0
DEE0,2019,213029.0
DEE0,2020,211969.0
DEE0,2021,209863.0
DEE0,2022,202873.0
DEE0,2023,223228.0
DEF0,2008,351301.0
DEF0,2009,346434.0
DEF0,2010,321875.0
DEF0,2011,344716.0
DEF0,2012,344865.0
DEF0,2013,362242.0
DEF0,2014,362795.0
DEF0,2015,370364.0
DEF0,2016,378436.0
DEF0,2017,393020.0
DEF0,2018,391810.0
DEF0,2019,407689.0
DEF0,2020,406051.0
DEF0,2021,415360.0
DEF0,2022,417293.0
DEF0,2023,448107.0
DEG0,2008,203532.0
DEG0,2009,191064.0
DEG0,2010,194932.0
DEG0,2011,173375.0
DEG0,2012,194809.0
DEG0,2013,232028.0
DEG0,2014,228772.0
DEG0,2015,236916.0
DEG0,2016,240911.0
DEG0,2017,237725.0
DEG0,2018,232488.0
DEG0,2019,231622.0
DEG0,2020,221518.0
DEG0,2021,219472.0
DEG0,2022,226829.0
DEG0,2023,228332.0
DK01,2008,204610.0
DK01,2009,199405.0
DK01,2010,204830.0
DK01,2011,205652.0
DK01,2012,205490.0
DK01,2013,207163.0
DK01,2014,212690.0
DK01,2015,217245.0
DK01,2016,223981.0
DK01,2017,231856.0
DK01,2018,225210.0
DK01,2019,226496.0
DK01,2020,215480.0
DK01,2021,214899.0
DK01,2022,232862.0
DK01,2023,240076.0
DK02,2008,87625.0
DK02,2009,91100.0
DK02,2010,84582.0
DK02,2011,79288.0
DK02,2012,75374.0
DK02,2013,76220.0
DK02,2014,74515.0
DK02,2015,74825.0
DK02,2016,80889.0
DK02,2017,79608.0
DK02,2018,77314.0
DK02,2019,81842.0
DK02,2020,80333.0
DK02,2021,83910.0
DK02,2022,88130.0
DK02,2023,87090.0
DK03,2008,134946.0
DK03,2009,141262.0
DK03,2010,138786.0
DK03,2011,137536.0
DK03,2012,128850.0
DK03,2013,124139.0
DK03,2014,125599.0
DK03,2015,125577.0
DK03,2016,139136.0
DK03,2017,133280.0
DK03,2018,131778.0
DK03,2019,138805.0
DK03,2020,126428.0
DK03,2021,141416.0
DK03,2022,135408.0
DK03,2023,150098.0
DK04,2008,148371.0
DK04,2009,157882.0
DK04,2010,157070.0
DK04,2011,149316.0
DK04,2012,149653.0
DK04,2013,147879.0
DK04,2014,143734.0
DK04,2015,148129.0
DK04,2016,160516.0
DK04,2017,157522.0
DK04,2018,158320.0
DK04,2019,163345.0
DK04,2020,162944.0
DK04,2021,163693.0
DK04,2022,170025.0
DK04,2023,182872.0
DK05,2008,60092.0
DK05,2009,64255.0
DK05,2010,58506.0
DK05,2011,55849.0
DK05,2012,58923.0
DK05,2013,57558.0
DK05,2014,59589.0
DK05,2015,58579.0
DK05,2016,61979.0
DK05,2017,62990.0
DK05,2018,62073.0
DK05,2019,60533.0
DK05,2020,57860.0
DK05,2021,64138.0
DK05,2022,65957.0
DK05,2023,66799.0
EE00,2008,40422.0
EE00,2009,54113.0
EE00,2010,53879.0
EE00,2011,54301.0
EE00,2012,54189.0
EE00,2013,52913.0
EE00,2014,49812.0
EE00,2015,56860.0
EE00,2016,59017.0
EE00,2017,59127.0
EE00,2018,68338.0
EE00,2019,70993.0
EE00,2020,74989.0
EE00,2021,74887.0
EE00,2022,83857.0
EE00,2023,87788.0
EL30,2008,71581.0
EL30,2009,87223.0
EL30,2010,89876.0
EL30,2011,86645.0
EL30,2012,104506.0
EL30,2013,120110.0
EL30,2014,134320.0
EL30,2015,139753.0
EL30,2016,144339.0
EL30,2017,142459.0
EL30,2018,134363.0
EL30,2019,144335.0
EL30,2020,131026.0
EL30,2021,133960.0
EL30,2022,121953.0
EL30,2023,109806.0
EL41,2008,2096.0
EL41,2009,3023.0
EL41,2010,3864.0
EL41,2011,3106.0
EL41,2012,4026.0
EL41,2013,3298.0
EL41,2014,2585.0
EL41,2015,2469.0
EL41,2016,2785.0
EL41,2017,4323.0
EL41,2018,3760.0
EL41,2019,4464.0
EL41,2020,4124.0
EL41,2021,4024.0
EL41,2022,4385.0
EL41,2023,4803.0
EL42,2008,6999.0
EL42,2009,6835.0
EL42,2010,8597.0
EL42,2011,7477.0
EL42,2012,6278.0
EL42,2013,5609.0
EL42,2014,6041.0
EL42,2015,6093.0
EL42,2016,7084.0
EL42,2017,6987.0
EL42,2018,10929.0
EL42,2019,9784.0
EL42,2020,9196.0
EL42,2021,10729.0
EL42,2022,10961.0
EL42,2023,9978.0
EL43,2008,14251.0
EL43,2009,15544.0
EL43,2010,18907.0
EL43,2011,18252.0
EL43,2012,20716.0
EL43,2013,18756.0
EL43,2014,17462.0
EL43,2015,19011.0
EL43,2016,18858.0
EL43,2017,16904.0
EL43,2018,17105.0
EL43,2019,13516.0
EL43,2020,10880.0
EL43,2021,11380.0
EL43,2022,25989.0
EL43,2023,15741.0
EL51,2008,14369.0
EL51,2009,14126.0
EL51,2010,14183.0
EL51,2011,11562.0
EL51,2012,12995.0
EL51,2013,11257.0
EL51,2014,12546.0
EL51,2015,10727.0
EL51,2016,14551.0
EL51,2017,13089.0
EL51,2018,12254.0
EL51,2019,13727.0
EL51,2020,14618.0
EL51,2021,15622.0
EL51,2022,18037.0
EL51,2023,27285.0
EL52,2008,51060.0
EL52,2009,48481.0
EL52,2010,48756.0
EL52,2011,44769.0
EL52,2012,39736.0
EL52,2013,39235.0
EL52,2014,47719.0
EL52,2015,53026.0
EL52,2016,54107.0
EL52,2017,57352.0
EL52,2018,60298.0
EL52,2019,65512.0
EL52,2020,58791.0
EL52,2021,49477.0
EL52,2022,53207.0
EL52,2023,47408.0
EL53,2008,9745.0
EL53,2009,9507.0
EL53,2010,9595.0
EL53,2011,9146.0
EL53,2012,7497.0
EL53,2013,6192.0
EL53,2014,6778.0
EL53,2015,6042.0
EL53,2016,6911.0
EL53,2017,7726.0
EL53,2018,6590.0
EL53,2019,6606.0
EL53,2020,7437.0
EL53,2021,7406.0
EL53,2022,13059.0
EL53,2023,7314.0
EL54,2008,8609.0
EL54,2009,10233.0
EL54,2010,10859.0
EL54,2011,9305.0
EL54,2012,8563.0
EL54,2013,7435.0
EL54,2014,6802.0
EL54,2015,6711.0
EL54,2016,8067.0
EL54,2017,6292.0
EL54,2018,4812.0
EL54,2019,6924.0
EL54,2020,7636.0
EL54,2021,4100.0
EL54,2022,12533.0
EL54,2023,12190.0
EL61,2008,19587.0
EL61,2009,21062.0
EL61,2010,19875.0
EL61,2011,21010.0
EL61,2012,20954.0
EL61,2013,26358.0
EL61,2014,29599.0
EL61,2015,27745.0
EL61,2016,27839.0
EL61,2017,33163.0
EL61,2018,28470.0
EL61,2019,28350.0
EL61,2020,27263.0
EL61,2021,33041.0
EL61,2022,33998.0
EL61,2023,19700.0
EL62,2008,4023.0
EL62,2009,3951.0
EL62,2010,3959.0
EL62,2011,5708.0
EL62,2012,10037.0
EL62,2013,5687.0
EL62,2014,3181.0
EL62,2015,2449.0
EL62,2016,3594.0
EL62,2017,4022.0
EL62,2018,2588.0
EL62,2019,2352.0
EL62,2020,2310.0
EL62,2021,2300.0
EL62,2022,4560.0
EL62,2023,3349.0
EL63,2008,14667.0
EL63,2009,15566.0
EL63,2010,13406.0
EL63,2011,13788.0
EL63,2012,12551.0
EL63,2013,12304.0
EL63,2014,14357.0
EL63,2015,17705.0
EL63,2016,22420.0
EL63,2017,21222.0
EL63,2018,20160.0
EL63,2019,17320.0
EL63,2020,20350.0
EL63,2021,26175.0
EL63,2022,14403.0
EL63,2023,18942.0
EL64,2008,14996.0
EL64,2009,13836.0
EL64,2010,13436.0
EL64,2011,13184.0
EL64,2012,12122.0
EL64,2013,10484.0
EL64,2014,11526.0
EL64,2015,14365.0
EL64,2016,18725.0
EL64,2017,22074.0
EL64,2018,20350.0
EL64,2019,15208.0
EL64,2020,10844.0
EL64,2021,14377.0
EL64,2022,17252.0
EL64,2023,13274.0
EL65,2008,13609.0
EL65,2009,12743.0
EL65,2010,14541.0
EL65,2011,14189.0
EL65,2012,12866.0
EL65,2013,14617.0
EL65,2014,17863.0
EL65,2015,16231.0
EL65,2016,13992.0
EL65,2017,15121.0
EL65,2018,12926.0
EL65,2019,11257.0
EL65,2020,10453.0
EL65,2021,12639.0
EL65,2022,16640.0
EL65,2023,19009.0
ES11,2008,130866.0
ES11,2009,125600.0
ES11,2010,127334.0
ES11,2011,123091.0
ES11,2012,133243.0
ES11,2013,136049.0
ES11,2014,136836.0
ES11,2015,144142.0
ES11,2016,139756.0
ES11,2017,133925.0
ES11,2018,149370.0
ES11,2019,151821.0
ES11,2020,136333.0
ES11,2021,141021.0
ES11,2022,142250.0
ES11,2023,160250.0
ES12,2008,52249.0
ES12,2009,39742.0
ES12,2010,47881.0
ES12,2011,54579.0
ES12,2012,43309.0
ES12,2013,62663.0
ES12,2014,46290.0
ES12,2015,49645.0
ES12,2016,52915.0
ES12,2017,63396.0
ES12,2018,57669.0
ES12,2019,55451.0
ES12,2020,44086.0
ES12,2021,54826.0
ES12,2022,53228.0
ES12,2023,53504.0
ES13,2008,25728.0
ES13,2009,25928.0
ES13,2010,21548.0
ES13,2011,28679.0
ES13,2012,34178.0
ES13,2013,31657.0
ES13,2014,35528.0
ES13,2015,33001.0
ES13,2016,31411.0
ES13,2017,33634.0
ES13,2018,36151.0
ES13,2019,34510.0
ES13,2020,36905.0
ES13,2021,31081.0
ES13,2022,32795.0
ES13,2023,30429.0
ES21,2008,146974.0
ES21,2009,126155.0
ES21,2010,134477.0
ES21,2011,147941.0
ES21,2012,148597.0
ES21,2013,144266.0
ES21,2014,140946.0
ES21,2015,154208.0
ES21,2016,152212.0
ES21,2017,161384.0
ES21,2018,151707.0
ES21,2019,143741.0
ES21,2020,139819.0
ES21,2021,147990.0
ES21,2022,139957.0
ES21,2023,158601.0
ES22,2008,36504.0
ES22,2009,35966.0
ES22,2010,38340.0
ES22,2011,38938.0
ES22,2012,36525.0
ES22,2013,36666.0
ES22,2014,41737.0
ES22,2015,51603.0
ES22,2016,46964.0
ES22,2017,41542.0
ES22,2018,48628.0
ES22,2019,46773.0
ES22,2020,44265.0
ES22,2021,42558.0
ES22,2022,52185.0
ES22,2023,38144.0
ES23,2008,17315.0
ES23,2009,17581.0
ES23,2010,20167.0
ES23,2011,17999.0
ES23,2012,20797.0
ES23,2013,21020.0
ES23,2014,19057.0
ES23,2015,20013.0
ES23,2016,17249.0
ES23,2017,17893.0
ES23,2018,20157.0
ES23,2019,19850.0
ES23,2020,18978.0
ES23,2021,15876.0
ES23,2022,20863.0
ES23,2023,20176.0
ES24,2008,68378.0
ES24,2009,79231.0
ES24,2010,78141.0
ES24,2011,81094.0
ES24,2012,75178.0
ES24,2013,90897.0
ES24,2014,82109.0
ES24,2015,73310.0
ES24,2016,77634.0
ES24,2017,86753.0
ES24,2018,93113.0
ES24,2019,81806.0
ES24,2020,71096.0
ES24,2021,89291.0
ES24,2022,88813.0
ES24,2023,73390.0
ES30,2008,318936.0
ES30,2009,388858.0
ES30,2010,332528.0
ES30,2011,357838.0
ES30,2012,410246.0
ES30,2013,405789.0
ES30,2014,400304.0
ES30,2015,389085.0
ES30,2016,397673.0
ES30,2017,381351.0
ES30,2018,397515.0
ES30,2019,456800.0
ES30,2020,375276.0
ES30,2021,420354.0
ES30,2022,440154.0
ES30,2023,449461.0
ES41,2008,127734.0
ES41,2009,125081.0
ES41,2010,132699.0
ES41,2011,131644.0
ES41,2012,129809.0
ES41,2013,128630.0
ES41,2014,150909.0
ES41,2015,133173.0
ES41,2016,145434.0
ES41,2017,137221.0
ES41,2018,133360.0
ES41,2019,154294.0
ES41,2020,136485.0
ES41,2021,131062.0
ES41,2022,145731.0
ES41,2023,136513.0
ES42,2008,93376.0
ES42,2009,101688.0
ES42,2010,91951.0
ES42,2011,96158.0
ES42,2012,101572.0
ES42,2013,110323.0
ES42,2014,108560.0
ES42,2015,97505.0
ES42,2016,97011.0
ES42,2017,105885.0
ES42,2018,105921.0
ES42,2019,119255.0
ES42,2020,107746.0
ES42,2021,113387.0
ES42,2022,106355.0
ES42,2023,124500.0
ES43,2008,42989.0
ES43,2009,51513.0
ES43,2010,47843.0
ES43,2011,56695.0
ES43,2012,48277.0
ES43,2013,49928.0
ES43,2014,52830.0
ES43,2015,60977.0
ES43,2016,61911.0
ES43,2017,55226.0
ES43,2018,55268.0
ES43,2019,64026.0
ES43,2020,55951.0
ES43,2021,55739.0
ES43,2022,59411.0
ES43,2023,59523.0
ES51,2008,450986.0
ES51,2009,450231.0
ES51,2010,410850.0
ES51,2011,451661.0
ES51,2012,441899.0
ES51,2013,477054.0
ES51,2014,471107.0
ES51,2015,459462.0
ES51,2016,464856.0
ES51,2017,484016.0
ES51,2018,494384.0
ES51,2019,484395.0
ES51,2020,473431.0
ES51,2021,499562.0
ES51,2022,441525.0
ES51,2023,455016.0
ES52,2008,293062.0
ES52,2009,291030.0
ES52,2010,306678.0
ES52,2011,321818.0
ES52,2012,292547.0
ES52,2013,335141.0
ES52,2014,324630.0
ES52,2015,351329.0
ES52,2016,338731.0
ES52,2017,353721.0
ES52,2018,349351.0
ES52,2019,316911.0
ES52,2020,323884.0
ES52,2021,345629.0
ES52,2022,348232.0
ES52,2023,330300.0
ES53,2008,50009.0
ES53,2009,52017.0
ES53,2010,61758.0
ES53,2011,58824.0
ES53,2012,70434.0
ES53,2013,70633.0
ES53,2014,67888.0
ES53,2015,65747.0
ES53,2016,81390.0
ES53,2017,55149.0
ES53,2018,69911.0
ES53,2019,77127.0
ES53,2020,68936.0
ES53,2021,73636.0
ES53,2022,44986.0
ES53,2023,55110.0
ES61,2008,393295.0
ES61,2009,426562.0
ES61,2010,427581.0
ES61,2011,446832.0
ES61,2012,426465.0
ES61,2013,451007.0
ES61,2014,471332.0
ES61,2015,487077.0
ES61,2016,464084.0
ES61,2017,522416.0
ES61,2018,489466.0
ES61,2019,465667.0
ES61,2020,430928.0
ES61,2021,444274.0
ES61,2022,439580.0
ES61,2023,457539.0
ES62,2008,84168.0
ES62,2009,74641.0
ES62,2010,79664.0
ES62,2011,83048.0
ES62,2012,87468.0
ES62,2013,96838.0
ES62,2014,96743.0
ES62,2015,94938.0
ES62,2016,91183.0
ES62,2017,81637.0
ES62,2018,84182.0
ES62,2019,96374.0
ES62,2020,85235.0
ES62,2021,85225.0
ES62,2022,91660.0
ES62,2023,90144.0
ES63,2008,1933.0
ES63,2009,1615.0
ES63,2010,2320.0
ES63,2011,4449.0
ES63,2012,2514.0
ES63,2013,4172.0
ES63,2014,2718.0
ES63,2015,3135.0
ES63,2016,4565.0
ES63,2017,4390.0
ES63,2018,4025.0
ES63,2019,3938.0
ES63,2020,2479.0
ES63,2021,2515.0
ES63,2022,1704.0
ES63,2023,1992.0
ES64,2008,1298.0
ES64,2009,2310.0
ES64,2010,1968.0
ES64,2011,2605.0
ES64,2012,4278.0
ES64,2013,1827.0
ES64,2014,3030.0
ES64,2015,3826.0
ES64,2016,2691.0
ES64,2017,3249.0
ES64,2018,4586.0
ES64,2019,4736.0
ES64,2020,3031.0
ES64,2021,3866.0
ES64,2022,4156.0
ES64,2023,2143.0
ES70,2008,83167.0
ES70,2009,100740.0
ES70,2010,95029.0
ES70,2011,100476.0
ES70,2012,108325.0
ES70,2013,123430.0
ES70,2014,118190.0
ES70,2015,132202.0
ES70,2016,113411.0
ES70,2017,128852.0
ES70,2018,110318.0
ES70,2019,110961.0
ES70,2020,114667.0
ES70,2021,93771.0
ES70,2022,112951.0
ES70,2023,117991.0
FI18,2008,170239.0
FI18,2009,166248.0
FI18,2010,173510.0
FI18,2011,177824.0
FI18,2012,176922.0
FI18,2013,183567.0
FI18,2014,170595.0
FI18,2015,175003.0
FI18,2016,185001.0
FI18,2017,188099.0
FI18,2018,192140.0
FI18,2019,203700.0
FI18,2020,191016.0
FI18,2021,208710.0
FI18,2022,228934.0
FI18,2023,222840.0
FI19,2008,77648.0
FI19,2009,74175.0
FI19,2010,86504.0
FI19,2011,85262.0
FI19,2012,92583.0
FI19,2013,82155.0
FI19,2014,92094.0
FI19,2015,82212.0
FI19,2016,91528.0
FI19,2017,97448.0
FI19,2018,97773.0
FI19,2019,101198.0
FI19,2020,97506.0
FI19,2021,99510.0
FI19,2022,109837.0
FI19,2023,119509.0
FI1D,2008,70468.0
FI1D,2009,70771.0
FI1D,2010,74705.0
FI1D,2011,75058.0
FI1D,2012,77179.0
FI1D,2013,76570.0
FI1D,2014,76682.0
FI1D,2015,74666.0
FI1D,2016,77284.0
FI1D,2017,88306.0
FI1D,2018,80700.0
FI1D,2019,85786.0
FI1D,2020,84505.0
FI1D,2021,94177.0
FI1D,2022,102566.0
FI1D,2023,86395.0
FI20,2008,2302.0
FI20,2009,3128.0
FI20,2010,2443.0
FI20,2011,3890.0
FI20,2012,3253.0
FI20,2013,3536.0
FI20,2014,2424.0
FI20,2015,1689.0
FI20,2016,2233.0
FI20,2017,2196.0
FI20,2018,3058.0
FI20,2019,2225.0
FI20,2020,2361.0
FI20,2021,2513.0
FI20,2022,2448.0
FI20,2023,3061.0
FR10,2008,657808.0
FR10,2009,648725.0
FR10,2010,645867.0
FR10,2011,627737.0
FR10,2012,675747.0
FR10,2013,719546.0
FR10,2014,710193.0
FR10,2015,680655.0
FR10,2016,647965.0
FR10,2017,737957.0
FR10,2018,686336.0
FR10,2019,713816.0
FR10,2020,647344.0
FR10,2021,680232.0
FR10,2022,642484.0
FR10,2023,668965.0
FR21,2008,92384.0
FR21,2009,93267.0
FR21,2010,96313.0
FR21,2011,89158.0
FR21,2012,94264.0
FR22,2008,115679.0
FR22,2009,103261.0
FR22,2010,119628.0
FR22,2011,115393.0
FR22,2012,111072.0
FR23,2008,111765.0
FR23,2009,129213.0
FR23,2010,128836.0
FR23,2011,137435.0
FR23,2012,132158.0
FR24,2008,168883.0
FR24,2009,156359.0
FR24,2010,161521.0
FR24,2011,151241.0
FR24,2012,155618.0
FR25,2008,88715.0
FR25,2009,102505.0
FR25,2010,100016.0
FR25,2011,101520.0
FR25,2012,96311.0
FR26,2008,114643.0
FR26,2009,127701.0
FR26,2010,120908.0
FR26,2011,110469.0
FR26,2012,114397.0
FR30,2008,267984.0
FR30,2009,288209.0
FR30,2010,276023.0
FR30,2011,291621.0
FR30,2012,264805.0
FR41,2008,147347.0
FR41,2009,167524.0
FR41,2010,151353.0
FR41,2011,173281.0
FR41,2012,172602.0
FR42,2008,140473.0
FR42,2009,152536.0
FR42,2010,137171.0
FR42,2011,145165.0
FR42,2012,158547.0
FR43,2008,82794.0
FR43,2009,99863.0
FR43,2010,81761.0
FR43,2011,92244.0
FR43,2012,81185.0
FR51,2008,278300.0
FR51,2009,266427.0
FR51,2010,290489.0
FR51,2011,293543.0
FR51,2012,282541.0
FR52,2008,222468.0
FR52,2009,241382.0
FR52,2010,246550.0
FR52,2011,223463.0
FR52,2012,234269.0
FR53,2008,126260.0
FR53,2009,114508.0
FR53,2010,125580.0
FR53,2011,130889.0
FR53,2012,118668.0
FR61,2008,212846.0
FR61,2009,193735.0
FR61,2010,210980.0
FR61,2011,222604.0
FR61,2012,220383.0
FR62,2008,215600.0
FR62,2009,220028.0
FR62,2010,194568.0
FR62,2011,211717.0
FR62,2012,192620.0
FR63,2008,40148.0
FR63,2009,41441.0
FR63,2010,45184.0
FR63,2011,41036.0
FR63,2012,45108.0
FR71,2008,486718.0
FR71,2009,494164.0
FR71,2010,503490.0
FR71,2011,488499.0
FR71,2012,500095.0
FR72,2008,102847.0
FR72,2009,101373.0
FR72,2010,114531.0
FR72,2011,109605.0
FR72,2012,101644.0
FR81,2008,179997.0
FR81,2009,185748.0
FR81,2010,190097.0
FR81,2011,197155.0
FR81,2012,187830.0
FR82,2008,361491.0
FR82,2009,345131.0
FR82,2010,356547.0
FR82,2011,337087.0
FR82,2012,344553.0
FR83,2008,10848.0
FR83,2009,17527.0
FR83,2010,12331.0
FR83,2011,12336.0
FR83,2012,13120.0
FRB0,2013,165528.0
FRB0,2014,160766.0
FRB0,2015,155651.0
FRB0,2016,171268.0
FRB0,2017,170150.0
FRB0,2018,145494.0
FRB0,2019,152283.0
FRB0,2020,130360.0
FRB0,2021,158503.0
FRB0,2022,126082.0
FRB0,2023,142838.0
FRC1,2013,105067.0
FRC1,2014,108693.0
FRC1,2015,115449.0
FRC1,2016,131548.0
FRC1,2017,96427.0
FRC1,2018,110476.0
FRC1,2019,106482.0
FRC1,2020,86768.0
FRC1,2021,112103.0
FRC1,2022,117515.0
FRC1,2023,117917.0
FRC2,2013,82393.0
FRC2,2014,75843.0
FRC2,2015,96470.0
FRC2,2016,86425.0
FRC2,2017,96056.0
FRC2,2018,89141.0
FRC2,2019,88045.0
FRC2,2020,82830.0
FRC2,2021,96251.0
FRC2,2022,83858.0
FRC2,2023,82650.0
FRD1,2013,84373.0
FRD1,2014,101897.0
FRD1,2015,104469.0
FRD1,2016,101580.0
FRD1,2017,94341.0
FRD1,2018,118708.0
FRD1,2019,80795.0
FRD1,2020,98530.0
FRD1,2021,91346.0
FRD1,2022,92140.0
FRD1,2023,115190.0
FRD2,2013,112510.0
FRD2,2014,137658.0
FRD2,2015,123150.0
FRD2,2016,129471.0
FRD2,2017,127405.0
FRD2,2018,129411.0
FRD2,2019,108543.0
FRD2,2020,101074.0
FRD2,2021,122839.0
FRD2,2022,123437.0
FRD2,2023,112466.0
FRE1,2013,288583.0
FRE1,2014,267031.0
FRE1,2015,283747.0
FRE1,2016,259606.0
FRE1,2017,298068.0
FRE1,2018,272729.0
FRE1,2019,278461.0
FRE1,2020,223319.0
FRE1,2021,262237.0
FRE1,2022,257632.0
FRE1,2023,264670.0
FRE2,2013,131353.0
FRE2,2014,119396.0
FRE2,2015,99538.0
FRE2,2016,111876.0
FRE2,2017,116457.0
FRE2,2018,100968.0
FRE2,2019,117764.0
FRE2,2020,99525.0
FRE2,2021,115273.0
FRE2,2022,113836.0
FRE2,2023,115386.0
FRF1,2013,124379.0
FRF1,2014,142060.0
FRF1,2015,147539.0
FRF1,2016,143502.0
FRF1,2017,150479.0
FRF1,2018,161809.0
FRF1,2019,148747.0
FRF1,2020,134356.0
FRF1,2021,137329.0
FRF1,2022,145738.0
FRF1,2023,154077.0
FRF2,2013,84299.0
FRF2,2014,96775.0
FRF2,2015,84749.0
FRF2,2016,99635.0
FRF2,2017,83876.0
FRF2,2018,81011.0
FRF2,2019,92251.0
FRF2,2020,75383.0
FRF2,2021,77511.0
FRF2,2022,71891.0
FRF2,2023,84073.0
FRF3,2013,189582.0
FRF3,2014,167004.0
FRF3,2015,171550.0
FRF3,2016,193541.0
FRF3,2017,169126.0
FRF3,2018,165235.0
FRF3,2019,182382.0
FRF3,2020,170535.0
FRF3,2021,152501.0
FRF3,2022,176840.0
FRF3,2023,173209.0
FRG0,2013,280664.0
FRG0,2014,319951.0
FRG0,2015,280750.0
FRG0,2016,303106.0
FRG0,2017,320493.0
FRG0,2018,267862.0
FRG0,2019,265707.0
FRG0,2020,288789.0
FRG0,2021,299703.0
FRG0,2022,264869.0
FRG0,2023,275158.0
FRH0,2013,252330.0
FRH0,2014,238709.0
FRH0,2015,260194.0
FRH0,2016,221217.0
FRH0,2017,266263.0
FRH0,2018,234685.0
FRH0,2019,246541.0
FRH0,2020,230293.0
FRH0,2021,215855.0
FRH0,2022,255408.0
FRH0,2023,273151.0
FRI1,2013,267586.0
FRI1,2014,203823.0
FRI1,2015,228914.0
FRI1,2016,241440.0
FRI1,2017,263817.0
FRI1,2018,237506.0
FRI1,2019,264434.0
FRI1,2020,236093.0
FRI1,2021,218611.0
FRI1,2022,208262.0
FRI1,2023,230319.0
FRI2,2013,49433.0
FRI2,2014,46929.0
FRI2,2015,40974.0
FRI2,2016,51172.0
FRI2,2017,50669.0
FRI2,2018,35242.0
FRI2,2019,46905.0
FRI2,2020,38016.0
FRI2,2021,47748.0
FRI2,2022,41038.0
FRI2,2023,39658.0
FRI3,2013,123570.0
FRI3,2014,116455.0
FRI3,2015,142580.0
FRI3,2016,124665.0
FRI3,2017,129600.0
FRI3,2018,114418.0
FRI3,2019,101026.0
FRI3,2020,100964.0
FRI3,2021,131811.0
FRI3,2022,111956.0
FRI3,2023,127336.0
FRJ1,2013,199144.0
FRJ1,2014,180699.0
FRJ1,2015,186192.0
FRJ1,2016,207830.0
FRJ1,2017,214040.0
FRJ1,2018,221241.0
FRJ1,2019,197554.0
FRJ1,2020,184239.0
FRJ1,2021,197009.0
FRJ1,2022,191015.0
FRJ1,2023,186749.0
FRJ2,2013,201286.0
FRJ2,2014,250714.0
FRJ2,2015,220037.0
FRJ2,2016,241005.0
FRJ2,2017,232235.0
FRJ2,2018,205593.0
FRJ2,2019,236844.0
FRJ2,2020,215532.0
FRJ2,2021,195070.0
FRJ2,2022,216065.0
FRJ2,2023,263051.0
FRK1,2013,108640.0
FRK1,2014,89347.0
FRK1,2015,115436.0
FRK1,2016,111986.0
FRK1,2017,109693.0
FRK1,2018,94465.0
FRK1,2019,108624.0
FRK1,2020,77375.0
FRK1,2021,118875.0
FRK1,2022,97543.0
FRK1,2023,115144.0
FRK2,2013,509571.0
FRK2,2014,500201.0
FRK2,2015,539913.0
FRK2,2016,531897.0
FRK2,2017,551567.0
FRK2,2018,550199.0
FRK2,2019,550408.0
FRK2,2020,495278.0
FRK2,2021,522807.0
FRK2,2022,529730.0
FRK2,2023,509267.0
FRL0,2013,367191.0
FRL0,2014,309294.0
FRL0,2015,315955.0
FRL0,2016,354005.0
FRL0,2017,373311.0
FRL0,2018,342885.0
FRL0,2019,305521.0
FRL0,2020,268659.0
FRL0,2021,325966.0
FRL0,2022,323289.0
FRL0,2023,362456.0
FRM0,2013,18032.0
FRM0,2014,10835.0
FRM0,2015,16014.0
FRM0,2016,11247.0
FRM0,2017,15536.0
FRM0,2018,19349.0
FRM0,2019,16351.0
FRM0,2020,21851.0
FRM0,2021,9771.0
FRM0,2022,13113.0
FRM0,2023,16477.0
FRY1,2014,18921.0
FRY1,2015,18133.0
FRY1,2016,16092.0
FRY1,2017,18421.0
FRY1,2018,18088.0
FRY1,2019,17455.0
FRY1,2020,14932.0
FRY1,2021,16480.0
FRY1,2022,18940.0
FRY1,2023,18551.0
FRY2,2014,20579.0
FRY2,2015,22015.0
FRY2,2016,21310.0
FRY2,2017,17386.0
FRY2,2018,19331.0
FRY2,2019,16391.0
FRY2,2020,17263.0
FRY2,2021,19896.0
FRY2,2022,17705.0
FRY2,2023,16010.0
FRY3,2014,6703.0
FRY3,2015,7647.0
FRY3,2016,7419.0
FRY3,2017,8411.0
FRY3,2018,8490.0
FRY3,2019,8672.0
FRY3,2020,5945.0
FRY3,2021,10263.0
FRY3,2022,6928.0
FRY3,2023,8173.0
FRY4,2014,50635.0
FRY4,2015,55171.0
FRY4,2016,56701.0
FRY4,2017,61988.0
FRY4,2018,48499.0
FRY4,2019,50544.0
FRY4,2020,53245.0
FRY4,2021,56816.0
FRY4,2022,59514.0
FRY4,2023,65238.0
HR03,2008,21536.0
HR03,2009,24375.0
HR03,2010,23542.0
HR03,2011,25400.0
HR03,2012,20428.0
HR03,2013,20381.0
HR03,2014,19496.0
HR03,2015,22487.0
HR03,2016,24582.0
HR03,2017,23546.0
HR03,2018,25686.0
HR03,2019,24193.0
HR03,2020,27053.0
HR03,2021,29765.0
HR03,2022,32517.0
HR03,2023,23429.0
HR04,2008,90129.0
HR04,2009,87446.0
HR04,2010,92486.0
HR04,2011,88492.0
HR04,2012,63922.0
HR04,2013,57791.0
HR04,2014,61869.0
HR04,2015,68041.0
HR04,2016,62358.0
HR04,2017,52305.0
HR04,2018,54617.0
HR04,2019,51425.0
HR04,2020,41785.0
HR04,2021,43543.0
HR04,2022,41662.0
HR04,2023,35645.0
HU10,2008,45081.0
HU10,2009,61034.0
HU10,2010,63732.0
HU10,2011,67868.0
HU10,2012,77105.0
HU10,2013,76306.0
HU10,2014,78047.0
HU10,2015,69674.0
HU10,2016,64590.0
HU10,2017,56663.0
HU10,2018,63406.0
HU10,2019,69665.0
HU10,2020,67896.0
HU10,2021,69820.0
HU10,2022,63703.0
HU10,2023,56892.0
HU21,2008,14960.0
HU21,2009,13371.0
HU21,2010,16649.0
HU21,2011,21199.0
HU21,2012,20776.0
HU21,2013,23301.0
HU21,2014,18503.0
HU21,2015,15707.0
HU21,2016,15318.0
HU21,2017,13491.0
HU21,2018,13066.0
HU21,2019,13693.0
HU21,2020,17073.0
HU21,2021,15988.0
HU21,2022,12428.0
HU21,2023,10158.0
HU22,2008,13657.0
HU22,2009,15090.0
HU22,2010,14934.0
HU22,2011,19225.0
HU22,2012,23779.0
HU22,2013,23060.0
HU22,2014,20742.0
HU22,2015,25953.0
HU22,2016,17681.0
HU22,2017,18822.0
HU22,2018,19169.0
HU22,2019,18833.0
HU22,2020,21475.0
HU22,2021,19894.0
HU22,2022,17743.0
HU22,2023,22212.0
HU23,2008,15226.0
HU23,2009,20891.0
HU23,2010,21467.0
HU23,2011,25204.0
HU23,2012,27419.0
HU23,2013,25703.0
HU23,2014,27770.0
HU23,2015,26892.0
HU23,2016,20827.0
HU23,2017,23369.0
HU23,2018,19281.0
HU23,2019,23168.0
HU23,2020,20977.0
HU23,2021,18803.0
HU23,2022,18854.0
HU23,2023,17644.0
HU31,2008,20785.0
HU31,2009,22369.0
HU31,2010,23045.0
HU31,2011,24606.0
HU31,2012,23704.0
HU31,2013,23930.0
HU31,2014,22135.0
HU31,2015,22087.0
HU31,2016,17637.0
HU31,2017,15843.0
HU31,2018,15726.0
HU31,2019,16976.0
HU31,2020,19825.0
HU31,2021,21536.0
HU31,2022,19265.0
HU31,2023,16763.0
HU32,2008,30057.0
HU32,2009,30175.0
HU32,2010,29186.0
HU32,2011,40182.0
HU32,2012,38686.0
HU32,2013,36186.0
HU32,2014,39147.0
HU32,2015,37384.0
HU32,2016,35206.0
HU32,2017,25930.0
HU32,2018,23594.0
HU32,2019,27220.0
HU32,2020,31133.0
HU32,2021,29500.0
HU32,2022,27950.0
HU32,2023,31099.0
HU33,2008,25814.0
HU33,2009,30062.0
HU33,2010,35740.0
HU33,2011,39585.0
HU33,2012,41623.0
HU33,2013,38471.0
HU33,2014,38541.0
HU33,2015,38895.0
HU33,2016,35493.0
HU33,2017,34136.0
HU33,2018,30511.0
HU33,2019,23495.0
HU33,2020,29000.0
HU33,2021,29880.0
HU33,2022,32054.0
HU33,2023,28468.0
IE01,2008,97824.0
IE01,2009,100071.0
IE01,2010,103139.0
IE01,2011,109993.0
IE01,2012,74918.0
IE01,2013,80762.0
IE01,2014,79010.0
IE01,2015,76757.0
IE01,2016,80030.0
IE01,2017,73065.0
IE01,2018,76539.0
IE01,2019,79147.0
IE01,2020,68998.0
IE01,2021,78476.0
IE01,2022,87505.0
IE01,2023,102638.0
IE02,2008,280862.0
IE02,2009,284315.0
IE02,2010,288359.0
IE02,2011,290656.0
IE02,2012,331338.0
IE02,2013,337405.0
IE02,2014,338389.0
IE02,2015,343372.0
IE02,2016,354349.0
IE02,2017,344125.0
IE02,2018,347326.0
IE02,2019,358973.0
IE02,2020,331729.0
IE02,2021,382699.0
IE02,2022,389141.0
IE02,2023,421594.0
ITC1,2008,243289.0
ITC1,2009,233548.0
ITC1,2010,257705.0
ITC1,2011,275750.0
ITC1,2012,280796.0
ITC1,2013,293817.0
ITC1,2014,305014.0
ITC1,2015,307396.0
ITC1,2016,308862.0
ITC1,2017,311167.0
ITC1,2018,304503.0
ITC1,2019,327301.0
ITC1,2020,302750.0
ITC1,2021,287961.0
ITC1,2022,279454.0
ITC1,2023,280096.0
ITC2,2008,6816.0
ITC2,2009,7205.0
ITC2,2010,6975.0
ITC2,2011,6888.0
ITC2,2012,7935.0
ITC2,2013,8686.0
ITC2,2014,8747.0
ITC2,2015,9412.0
ITC2,2016,9222.0
ITC2,2017,9592.0
ITC2,2018,9717.0
ITC2,2019,8959.0
ITC2,2020,9173.0
ITC2,2021,8555.0
ITC2,2022,8925.0
ITC2,2023,9446.0
ITC3,2008,102204.0
ITC3,2009,103014.0
ITC3,2010,109794.0
ITC3,2011,111291.0
ITC3,2012,110062.0
ITC3,2013,110338.0
ITC3,2014,117100.0
ITC3,2015,119058.0
ITC3,2016,124364.0
ITC3,2017,123926.0
ITC3,2018,123084.0
ITC3,2019,116122.0
ITC3,2020,107168.0
ITC3,2021,109350.0
ITC3,2022,114468.0
ITC3,2023,124136.0
ITC4,2008,609180.0
ITC4,2009,621526.0
ITC4,2010,639417.0
ITC4,2011,627227.0
ITC4,2012,689228.0
ITC4,2013,738707.0
ITC4,2014,748394.0
ITC4,2015,751098.0
ITC4,2016,759041.0
ITC4,2017,781273.0
ITC4,2018,764515.0
ITC4,2019,780844.0
ITC4,2020,741506.0
ITC4,2021,730452.0
ITC4,2022,758100.0
ITC4,2023,734899.0
ITF1,2008,68718.0
ITF1,2009,58322.0
ITF1,2010,63670.0
ITF1,2011,67841.0
ITF1,2012,77284.0
ITF1,2013,70332.0
ITF1,2014,75300.0
ITF1,2015,75271.0
ITF1,2016,79174.0
ITF1,2017,75925.0
ITF1,2018,84746.0
ITF1,2019,86571.0
ITF1,2020,78767.0
ITF1,2021,85010.0
ITF1,2022,84948.0
ITF1,2023,81677.0
ITF2,2008,12328.0
ITF2,2009,12929.0
ITF2,2010,12765.0
ITF2,2011,13487.0
ITF2,2012,14173.0
ITF2,2013,15342.0
ITF2,2014,16659.0
ITF2,2015,16879.0
ITF2,2016,16694.0
ITF2,2017,17810.0
ITF2,2018,15034.0
ITF2,2019,17741.0
ITF2,2020,18624.0
ITF2,2021,15801.0
ITF2,2022,18683.0
ITF2,2023,20699.0
ITF3,2008,185027.0
ITF3,2009,170291.0
ITF3,2010,162757.0
ITF3,2011,175492.0
ITF3,2012,220726.0
ITF3,2013,246994.0
ITF3,2014,241067.0
ITF3,2015,255891.0
ITF3,2016,269408.0
ITF3,2017,265663.0
ITF3,2018,263356.0
ITF3,2019,267886.0
ITF3,2020,254171.0
ITF3,2021,260197.0
ITF3,2022,258320.0
ITF3,2023,274193.0
ITF4,2008,143616.0
ITF4,2009,146497.0
ITF4,2010,154494.0
ITF4,2011,159578.0
ITF4,2012,174514.0
ITF4,2013,177353.0
ITF4,2014,178385.0
ITF4,2015,189136.0
ITF4,2016,211090.0
ITF4,2017,213150.0
ITF4,2018,207242.0
ITF4,2019,203606.0
ITF4,2020,201667.0
ITF4,2021,218690.0
ITF4,2022,211337.0
ITF4,2023,207110.0
ITF5,2008,20776.0
ITF5,2009,18513.0
ITF5,2010,19861.0
ITF5,2011,22615.0
ITF5,2012,25650.0
ITF5,2013,27563.0
ITF5,2014,27686.0
ITF5,2015,25992.0
ITF5,2016,29865.0
ITF5,2017,27771.0
ITF5,2018,29370.0
ITF5,2019,30199.0
ITF5,2020,29676.0
ITF5,2021,30181.0
ITF5,2022,28247.0
ITF5,2023,29774.0
ITF6,2008,75668.0
ITF6,2009,71007.0
ITF6,2010,74565.0
ITF6,2011,75313.0
ITF6,2012,90685.0
ITF6,2013,87600.0
ITF6,2014,93890.0
ITF6,2015,81437.0
ITF6,2016,97653.0
ITF6,2017,99728.0
ITF6,2018,99336.0
ITF6,2019,98436.0
ITF6,2020,90981.0
ITF6,2021,99863.0
ITF6,2022,86176.0
ITF6,2023,82448.0
ITG1,2008,190706.0
ITG1,2009,191405.0
ITG1,2010,199013.0
ITG1,2011,219329.0
ITG1,2012,249576.0
ITG1,2013,255010.0
ITG1,2014,253140.0
ITG1,2015,267545.0
ITG1,2016,255749.0
ITG1,2017,260396.0
ITG1,2018,242931.0
ITG1,2019,259299.0
ITG1,2020,258838.0
ITG1,2021,255737.0
ITG1,2022,254306.0
ITG1,2023,253036.0
ITG2,2008,93847.0
ITG2,2009,95373.0
ITG2,2010,106743.0
ITG2,2011,98425.0
ITG2,2012,107377.0
ITG2,2013,102497.0
ITG2,2014,110622.0
ITG2,2015,111855.0
ITG2,2016,113498.0
ITG2,2017,112951.0
ITG2,2018,121290.0
ITG2,2019,124830.0
ITG2,2020,118759.0
ITG2,2021,131494.0
ITG2,2022,126641.0
ITG2,2023,121935.0
ITH1,2008,41309.0
ITH1,2009,41715.0
ITH1,2010,46256.0
ITH1,2011,46463.0
ITH1,2012,51931.0
ITH1,2013,51876.0
ITH1,2014,53389.0
ITH1,2015,55534.0
ITH1,2016,57056.0
ITH1,2017,58056.0
ITH1,2018,58840.0
ITH1,2019,58859.0
ITH1,2020,53851.0
ITH1,2021,53837.0
ITH1,2022,58296.0
ITH1,2023,60613.0
ITH2,2008,40830.0
ITH2,2009,39497.0
ITH2,2010,39241.0
ITH2,2011,40615.0
ITH2,2012,42637.0
ITH2,2013,44757.0
ITH2,2014,47842.0
ITH2,2015,48887.0
ITH2,2016,50095.0
ITH2,2017,51715.0
ITH2,2018,49562.0
ITH2,2019,51098.0
ITH2,2020,50258.0
ITH2,2021,47900.0
ITH2,2022,47022.0
ITH2,2023,47527.0
ITH3,2008,337820.0
ITH3,2009,305452.0
ITH3,2010,305974.0
ITH3,2011,317940.0
ITH3,2012,342888.0
ITH3,2013,347334.0
ITH3,2014,364060.0
ITH3,2015,353732.0
ITH3,2016,371854.0
ITH3,2017,380105.0
ITH3,2018,377768.0
ITH3,2019,391182.0
ITH3,2020,364843.0
ITH3,2021,344098.0
ITH3,2022,371614.0
ITH3,2023,404615.0
ITH4,2008,80470.0
ITH4,2009,76977.0
ITH4,2010,78716.0
ITH4,2011,73722.0
ITH4,2012,76936.0
ITH4,2013,88193.0
ITH4,2014,87769.0
ITH4,2015,90634.0
ITH4,2016,92776.0
ITH4,2017,93674.0
ITH4,2018,95926.0
ITH4,2019,88704.0
ITH4,2020,90626.0
ITH4,2021,93359.0
ITH4,2022,96777.0
ITH4,2023,96300.0
ITH5,2008,239085.0
ITH5,2009,243627.0
ITH5,2010,254776.0
ITH5,2011,280583.0
ITH5,2012,313218.0
ITH5,2013,313319.0
ITH5,2014,320301.0
ITH5,2015,319715.0
ITH5,2016,334886.0
ITH5,2017,350137.0
ITH5,2018,347275.0
ITH5,2019,360782.0
ITH5,2020,342688.0
ITH5,2021,326272.0
ITH5,2022,311544.0
ITH5,2023,318952.0
ITI1,2008,233026.0
ITI1,2009,242369.0
ITI1,2010,246172.0
ITI1,2011,246497.0
ITI1,2012,254754.0
ITI1,2013,257015.0
ITI1,2014,260705.0
ITI1,2015,278961.0
ITI1,2016,286230.0
ITI1,2017,303018.0
ITI1,2018,286796.0
ITI1,2019,298853.0
ITI1,2020,278520.0
ITI1,2021,279215.0
ITI1,2022,308332.0
ITI1,2023,280396.0
ITI2,2008,53671.0
ITI2,2009,54884.0
ITI2,2010,60713.0
ITI2,2011,57639.0
ITI2,2012,59496.0
ITI2,2013,62009.0
ITI2,2014,64528.0
ITI2,2015,73715.0
ITI2,2016,72229.0
ITI2,2017,69187.0
ITI2,2018,63357.0
ITI2,2019,68996.0
ITI2,2020,65638.0
ITI2,2021,64641.0
ITI2,2022,60221.0
ITI2,2023,61827.0
ITI3,2008,89922.0
ITI3,2009,87280.0
ITI3,2010,88305.0
ITI3,2011,96122.0
ITI3,2012,113266.0
ITI3,2013,114331.0
ITI3,2014,115382.0
ITI3,2015,113829.0
ITI3,2016,114535.0
ITI3,2017,104048.0
ITI3,2018,107721.0
ITI3,2019,106472.0
ITI3,2020,103039.0
ITI3,2021,111108.0
ITI3,2022,109774.0
ITI3,2023,102878.0
ITI4,2008,325556.0
ITI4,2009,317202.0
ITI4,2010,342885.0
ITI4,2011,359012.0
ITI4,2012,406491.0
ITI4,2013,420607.0
ITI4,2014,446558.0
ITI4,2015,463730.0
ITI4,2016,459663.0
ITI4,2017,445462.0
ITI4,2018,435602.0
ITI4,2019,441725.0
ITI4,2020,428316.0
ITI4,2021,415407.0
ITI4,2022,393333.0
ITI4,2023,418498.0
LT00,2008,90795.0
LT00,2009,102058.0
LT00,2010,94916.0
LT00,2011,101904.0
LT00,2012,110238.0
LT00,2013,105602.0
LT00,2014,110280.0
LT00,2015,99334.0
LT00,2016,93987.0
LT00,2017,98641.0
LT00,2018,93729.0
LT00,2019,84453.0
LT00,2020,79546.0
LT00,2021,78300.0
LT00,2022,77027.0
LT00,2023,80264.0
LU00,2008,36076.0
LU00,2009,37848.0
LU00,2010,37562.0
LU00,2011,39719.0
LU00,2012,43224.0
LU00,2013,45193.0
LU00,2014,45245.0
LU00,2015,45556.0
LU00,2016,51200.0
LU00,2017,51130.0
LU00,2018,49398.0
LU00,2019,47059.0
LU00,2020,51872.0
LU00,2021,53668.0
LU00,2022,54606.0
LU00,2023,56772.0
LV00,2008,59472.0
LV00,2009,71785.0
LV00,2010,77292.0
LV00,2011,73578.0
LV00,2012,76075.0
LV00,2013,65187.0
LV00,2014,58131.0
LV00,2015,62848.0
LV00,2016,72957.0
LV00,2017,67651.0
LV00,2018,61022.0
LV00,2019,65944.0
LV00,2020,76208.0
LV00,2021,62918.0
LV00,2022,60515.0
LV00,2023,66713.0
MT00,2009,17277.0
MT00,2010,18660.0
MT00,2011,20736.0
MT00,2012,22531.0
MT00,2013,24925.0
MT00,2014,28508.0
MT00,2015,27709.0
MT00,2016,28449.0
MT00,2017,29635.0
MT00,2018,30340.0
MT00,2019,29813.0
MT00,2020,27992.0
MT00,2021,29439.0
MT00,2022,28646.0
MT00,2023,32106.0
NL00,2008,3382197.0
NL00,2009,3410523.0
NL00,2010,3480817.0
NL00,2011,3486002.0
NL00,2012,3521658.0
NL00,2013,3493322.0
NL00,2014,3454307.0
NL00,2015,3499470.0
NL00,2016,3572452.0
NL00,2017,3634371.0
NL00,2018,3900835.0
NL00,2019,3982030.0
NL00,2020,4022057.0
NL00,2021,3589427.0
NL00,2022,3681068.0
NL00,2023,3738037.0
PL12,2008,160320.0
PL12,2009,160301.0
PL12,2010,149209.0
PL12,2011,154534.0
PL12,2012,157295.0
PL12,2013,160697.0
PL12,2014,173426.0
PL12,2015,172267.0
PL12,2016,142815.0
PL12,2017,140328.0
PL12,2018,152628.0
PL12,2019,163972.0
PL12,2020,142182.0
PL12,2021,125409.0
PL12,2022,133134.0
PL12,2023,147451.0
PL21,2008,124620.0
PL21,2009,109720.0
PL21,2010,112912.0
PL21,2011,108751.0
PL21,2012,100633.0
PL21,2013,107843.0
PL21,2014,103252.0
PL21,2015,81383.0
PL21,2016,90588.0
PL21,2017,110067.0
PL21,2018,89797.0
PL21,2019,73376.0
PL21,2020,82467.0
PL21,2021,56561.0
PL21,2022,70870.0
PL21,2023,68415.0
PL22,2008,139167.0
PL22,2009,145673.0
PL22,2010,135107.0
PL22,2011,131696.0
PL22,2012,143168.0
PL22,2013,150667.0
PL22,2014,146466.0
PL22,2015,136540.0
PL22,2016,130861.0
PL22,2017,129986.0
PL22,2018,123314.0
PL22,2019,136194.0
PL22,2020,121702.0
PL22,2021,112857.0
PL22,2022,121829.0
PL22,2023,132952.0
PL41,2008,105389.0
PL41,2009,102840.0
PL41,2010,108735.0
PL41,2011,98466.0
PL41,2012,93904.0
PL41,2013,83622.0
PL41,2014,79845.0
PL41,2015,80449.0
PL41,2016,93631.0
PL41,2017,109397.0
PL41,2018,106955.0
PL41,2019,99687.0
PL41,2020,100250.0
PL41,2021,83719.0
PL41,2022,80396.0
PL41,2023,80462.0
PL42,2008,33027.0
PL42,2009,35779.0
PL42,2010,40063.0
PL42,2011,35913.0
PL42,2012,34386.0
PL42,2013,33200.0
PL42,2014,38549.0
PL42,2015,31707.0
PL42,2016,32728.0
PL42,2017,39590.0
PL42,2018,34317.0
PL42,2019,37445.0
PL42,2020,43720.0
PL42,2021,38323.0
PL42,2022,30616.0
PL42,2023,33950.0
PL43,2008,23376.0
PL43,2009,25468.0
PL43,2010,28519.0
PL43,2011,26937.0
PL43,2012,23008.0
PL43,2013,22220.0
PL43,2014,24778.0
PL43,2015,25938.0
PL43,2016,25909.0
PL43,2017,25501.0
PL43,2018,27222.0
PL43,2019,27084.0
PL43,2020,24809.0
PL43,2021,19774.0
PL43,2022,17803.0
PL43,2023,23517.0
PL51,2008,71906.0
PL51,2009,77515.0
PL51,2010,68499.0
PL51,2011,65161.0
PL51,2012,70878.0
PL51,2013,68886.0
PL51,2014,67832.0
PL51,2015,67729.0
PL51,2016,70556.0
PL51,2017,65327.0
PL51,2018,82707.0
PL51,2019,77897.0
PL51,2020,70956.0
PL51,2021,76451.0
PL51,2022,76371.0
PL51,2023,95883.0
PL52,2008,31464.0
PL52,2009,34577.0
PL52,2010,30021.0
PL52,2011,28250.0
PL52,2012,25542.0
PL52,2013,22586.0
PL52,2014,26121.0
PL52,2015,27304.0
PL52,2016,29006.0
PL52,2017,31410.0
PL52,2018,30102.0
PL52,2019,25888.0
PL52,2020,28816.0
PL52,2021,26260.0
PL52,2022,27765.0
PL52,2023,27406.0
PL61,2008,52154.0
PL61,2009,55898.0
PL61,2010,57800.0
PL61,2011,51615.0
PL61,2012,56225.0
PL61,2013,54497.0
PL61,2014,53794.0
PL61,2015,54542.0
PL61,2016,53536.0
PL61,2017,54629.0
PL61,2018,49635.0
PL61,2019,44578.0
PL61,2020,46517.0
PL61,2021,44488.0
PL61,2022,45055.0
PL61,2023,46206.0
PL62,2008,26437.0
PL62,2009,29462.0
PL62,2010,29168.0
PL62,2011,27273.0
PL62,2012,26140.0
PL62,2013,22222.0
PL62,2014,23578.0
PL62,2015,25267.0
PL62,2016,26609.0
PL62,2017,28767.0
PL62,2018,28824.0
PL62,2019,22825.0
PL62,2020,19938.0
PL62,2021,19091.0
PL62,2022,20033.0
PL62,2023,22556.0
PL63,2008,54043.0
PL63,2009,59858.0
PL63,2010,60633.0
PL63,2011,57924.0
PL63,2012,64806.0
PL63,2013,63077.0
PL63,2014,58824.0
PL63,2015,68475.0
PL63,2016,71370.0
PL63,2017,64698.0
PL63,2018,70656.0
PL63,2019,76706.0
PL63,2020,64978.0
PL63,2021,64358.0
PL63,2022,65884.0
PL63,2023,70187.0
PL71,2008,84530.0
PL71,2009,68880.0
PL71,2010,80032.0
PL71,2011,74791.0
PL71,2012,72375.0
PL71,2013,78675.0
PL71,2014,77394.0
PL71,2015,68279.0
PL71,2016,63992.0
PL71,2017,73042.0
PL71,2018,65352.0
PL71,2019,66180.0
PL71,2020,64644.0
PL71,2021,61644.0
PL71,2022,69124.0
PL71,2023,66454.0
PL72,2008,39729.0
PL72,2009,35460.0
PL72,2010,31882.0
PL72,2011,33115.0
PL72,2012,31600.0
PL72,2013,29204.0
PL72,2014,36210.0
PL72,2015,38277.0
PL72,2016,30575.0
PL72,2017,31488.0
PL72,2018,25333.0
PL72,2019,24647.0
PL72,2020,24470.0
PL72,2021,19829.0
PL72,2022,22715.0
PL72,2023,20117.0
PL81,2008,102013.0
PL81,2009,114362.0
PL81,2010,103045.0
PL81,2011,97642.0
PL81,2012,90590.0
PL81,2013,84740.0
PL81,2014,89097.0
PL81,2015,94102.0
PL81,2016,76788.0
PL81,2017,72168.0
PL81,2018,72808.0
PL81,2019,63670.0
PL81,2020,72598.0
PL81,2021,76794.0
PL81,2022,75900.0
PL81,2023,75102.0
PL82,2008,111528.0
PL82,2009,105764.0
PL82,2010,93974.0
PL82,2011,90228.0
PL82,2012,83602.0
PL82,2013,80289.0
PL82,2014,73688.0
PL82,2015,71774.0
PL82,2016,57590.0
PL82,2017,56507.0
PL82,2018,58227.0
PL82,2019,53156.0
PL82,2020,53194.0
PL82,2021,31373.0
PL82,2022,32768.0
PL82,2023,35414.0
PL84,2008,42106.0
PL84,2009,35667.0
PL84,2010,35966.0
PL84,2011,36211.0
PL84,2012,29162.0
PL84,2013,26611.0
PL84,2014,27044.0
PL84,2015,24487.0
PL84,2016,24866.0
PL84,2017,21858.0
PL84,2018,21347.0
PL84,2019,22887.0
PL84,2020,20730.0
PL84,2021,23255.0
PL84,2022,24539.0
PL84,2023,18754.0
PT11,2008,149732.0
PT11,2009,131484.0
PT11,2010,134998.0
PT11,2011,172562.0
PT11,2012,176937.0
PT11,2013,171400.0
PT11,2014,148048.0
PT11,2015,146829.0
PT11,2016,139772.0
PT11,2017,137000.0
PT11,2018,124341.0
PT11,2019,127090.0
PT11,2020,115162.0
PT11,2021,106754.0
PT11,2022,108804.0
PT11,2023,124623.0
PT15,2008,10880.0
PT15,2009,10338.0
PT15,2010,11735.0
PT15,2011,16983.0
PT15,2012,18319.0
PT15,2013,17145.0
PT15,2014,18677.0
PT15,2015,18559.0
PT15,2016,17828.0
PT15,2017,17283.0
PT15,2018,14969.0
PT15,2019,17263.0
PT15,2020,16635.0
PT15,2021,12060.0
PT15,2022,13566.0
PT15,2023,15231.0
PT16,2008,128560.0
PT16,2009,128051.0
PT16,2010,123092.0
PT16,2011,114594.0
PT16,2012,125705.0
PT16,2013,119497.0
PT16,2014,107082.0
PT16,2015,93713.0
PT16,2016,92944.0
PT16,2017,87801.0
PT16,2018,80990.0
PT16,2019,78980.0
PT16,2020,74474.0
PT16,2021,66937.0
PT16,2022,54705.0
PT16,2023,69463.0
PT17,2008,99152.0
PT17,2009,93507.0
PT17,2010,82216.0
PT17,2011,108801.0
PT17,2012,106485.0
PT17,2013,104604.0
PT17,2014,108106.0
PT17,2015,120421.0
PT17,2016,122379.0
PT17,2017,116248.0
PT17,2018,110005.0
PT17,2019,112365.0
PT17,2020,100313.0
PT17,2021,92355.0
PT17,2022,117415.0
PT17,2023,108724.0
PT18,2008,16820.0
PT18,2009,16052.0
PT18,2010,17604.0
PT18,2011,23176.0
PT18,2012,22752.0
PT18,2013,22643.0
PT18,2014,21991.0
PT18,2015,20744.0
PT18,2016,20508.0
PT18,2017,20848.0
PT18,2018,20904.0
PT18,2019,20616.0
PT18,2020,18929.0
PT18,2021,21520.0
PT18,2022,13489.0
PT18,2023,17174.0
PT20,2008,6618.0
PT20,2009,6659.0
PT20,2010,7060.0
PT20,2011,9481.0
PT20,2012,10756.0
PT20,2013,10145.0
PT20,2014,11361.0
PT20,2015,10766.0
PT20,2016,9046.0
PT20,2017,9456.0
PT20,2018,8709.0
PT20,2019,7871.0
PT20,2020,6520.0
PT20,2021,7426.0
PT20,2022,8883.0
PT20,2023,7359.0
PT30,2008,8736.0
PT30,2009,10846.0
PT30,2010,12904.0
PT30,2011,13735.0
PT30,2012,14575.0
PT30,2013,14794.0
PT30,2014,15443.0
PT30,2015,13764.0
PT30,2016,14359.0
PT30,2017,13966.0
PT30,2018,14202.0
PT30,2019,15549.0
PT30,2020,12543.0
PT30,2021,6874.0
PT30,2022,9265.0
PT30,2023,10446.0
RO11,2008,87029.0
RO11,2009,92270.0
RO11,2010,127415.0
RO11,2011,99958.0
RO11,2012,112491.0
RO11,2013,105462.0
RO11,2014,95772.0
RO11,2015,77229.0
RO11,2016,68434.0
RO11,2017,65967.0
RO11,2018,60456.0
RO11,2019,46170.0
RO11,2020,44685.0
RO11,2021,25708.0
RO11,2022,26310.0
RO11,2023,32877.0
RO12,2008,51580.0
RO12,2009,55449.0
RO12,2010,52047.0
RO12,2011,36971.0
RO12,2012,37010.0
RO12,2013,43451.0
RO12,2014,50338.0
RO12,2015,46835.0
RO12,2016,39916.0
RO12,2017,36722.0
RO12,2018,24737.0
RO12,2019,28275.0
RO12,2020,26108.0
RO12,2021,25157.0
RO12,2022,22305.0
RO12,2023,19489.0
RO21,2008,255021.0
RO21,2009,252026.0
RO21,2010,261781.0
RO21,2011,258610.0
RO21,2012,231712.0
RO21,2013,221618.0
RO21,2014,211303.0
RO21,2015,267869.0
RO21,2016,232263.0
RO21,2017,206626.0
RO21,2018,208978.0
RO21,2019,189332.0
RO21,2020,168331.0
RO21,2021,102405.0
RO21,2022,103482.0
RO21,2023,103157.0
RO22,2008,125339.0
RO22,2009,116120.0
RO22,2010,125912.0
RO22,2011,119768.0
RO22,2012,135491.0
RO22,2013,117070.0
RO22,2014,111345.0
RO22,2015,118055.0
RO22,2016,89580.0
RO22,2017,74602.0
RO22,2018,75743.0
RO22,2019,89760.0
RO22,2020,93115.0
RO22,2021,61634.0
RO22,2022,46284.0
RO22,2023,49158.0
RO31,2008,185525.0
RO31,2009,180874.0
RO31,2010,198846.0
RO31,2011,176321.0
RO31,2012,174117.0
RO31,2013,179626.0
RO31,2014,188244.0
RO31,2015,173711.0
RO31,2016,142341.0
RO31,2017,149422.0
RO31,2018,144041.0
RO31,2019,132370.0
RO31,2020,113987.0
RO31,2021,37268.0
RO31,2022,29719.0
RO31,2023,28928.0
RO32,2008,13008.0
RO32,2009,13326.0
RO32,2010,13453.0
RO32,2011,22467.0
RO32,2012,23449.0
RO32,2013,24233.0
RO32,2014,23826.0
RO32,2015,13865.0
RO32,2016,9986.0
RO32,2017,6261.0
RO32,2018,5827.0
RO32,2019,4074.0
RO32,2020,5693.0
RO32,2021,6499.0
RO32,2022,3688.0
RO32,2023,6413.0
RO41,2008,18376.0
RO41,2009,19943.0
RO41,2010,20480.0
RO41,2011,29777.0
RO41,2012,25655.0
RO41,2013,18430.0
RO41,2014,18398.0
RO41,2015,14780.0
RO41,2016,14014.0
RO41,2017,19951.0
RO41,2018,16899.0
RO41,2019,16343.0
RO41,2020,22409.0
RO41,2021,14341.0
RO41,2022,15048.0
RO41,2023,12686.0
RO42,2008,28952.0
RO42,2009,19840.0
RO42,2010,23248.0
RO42,2011,26156.0
RO42,2012,23638.0
RO42,2013,29751.0
RO42,2014,22836.0
RO42,2015,12518.0
RO42,2016,11030.0
RO42,2017,7757.0
RO42,2018,8834.0
RO42,2019,7367.0
RO42,2020,9942.0
RO42,2021,7834.0
RO42,2022,11628.0
RO42,2023,6689.0
SE11,2008,208945.0
SE11,2009,209545.0
SE11,2010,213729.0
SE11,2011,212996.0
SE11,2012,209996.0
SE11,2013,223855.0
SE11,2014,221530.0
SE11,2015,228037.0
SE11,2016,226749.0
SE11,2017,222354.0
SE11,2018,228294.0
SE11,2019,226114.0
SE11,2020,218038.0
SE11,2021,220166.0
SE11,2022,221060.0
SE11,2023,215149.0
SE12,2008,162223.0
SE12,2009,167722.0
SE12,2010,169954.0
SE12,2011,161482.0
SE12,2012,165306.0
SE12,2013,162404.0
SE12,2014,163373.0
SE12,2015,163734.0
SE12,2016,169771.0
SE12,2017,167769.0
SE12,2018,168706.0
SE12,2019,171777.0
SE12,2020,162475.0
SE12,2021,161974.0
SE12,2022,164913.0
SE12,2023,166074.0
SE21,2008,104313.0
SE21,2009,104975.0
SE21,2010,108544.0
SE21,2011,105511.0
SE21,2012,96083.0
SE21,2013,94910.0
SE21,2014,98416.0
SE21,2015,99487.0
SE21,2016,98406.0
SE21,2017,102637.0
SE21,2018,100210.0
SE21,2019,93564.0
SE21,2020,87541.0
SE21,2021,82134.0
SE21,2022,86908.0
SE21,2023,85427.0
SE22,2008,164446.0
SE22,2009,161053.0
SE22,2010,158770.0
SE22,2011,160582.0
SE22,2012,159573.0
SE22,2013,155749.0
SE22,2014,160634.0
SE22,2015,162229.0
SE22,2016,161449.0
SE22,2017,161806.0
SE22,2018,155126.0
SE22,2019,154921.0
SE22,2020,155666.0
SE22,2021,152629.0
SE22,2022,160251.0
SE22,2023,155216.0
SE23,2008,224447.0
SE23,2009,215672.0
SE23,2010,211682.0
SE23,2011,214197.0
SE23,2012,220024.0
SE23,2013,215790.0
SE23,2014,218616.0
SE23,2015,219112.0
SE23,2016,219685.0
SE23,2017,214716.0
SE23,2018,215375.0
SE23,2019,216352.0
SE23,2020,208072.0
SE23,2021,199820.0
SE23,2022,207278.0
SE23,2023,219817.0
SE31,2008,87933.0
SE31,2009,82757.0
SE31,2010,86339.0
SE31,2011,86903.0
SE31,2012,82277.0
SE31,2013,79509.0
SE31,2014,78132.0
SE31,2015,80562.0
SE31,2016,83490.0
SE31,2017,84993.0
SE31,2018,80510.0
SE31,2019,81923.0
SE31,2020,87998.0
SE31,2021,81219.0
SE31,2022,80399.0
SE31,2023,80789.0
SE32,2008,38448.0
SE32,2009,39108.0
SE32,2010,35834.0
SE32,2011,36568.0
SE32,2012,37120.0
SE32,2013,37628.0
SE32,2014,37177.0
SE32,2015,36143.0
SE32,2016,34825.0
SE32,2017,34524.0
SE32,2018,35642.0
SE32,2019,34266.0
SE32,2020,33962.0
SE32,2021,39688.0
SE32,2022,38692.0
SE32,2023,33382.0
SE33,2008,53791.0
SE33,2009,52601.0
SE33,2010,50023.0
SE33,2011,52479.0
SE33,2012,52331.0
SE33,2013,51198.0
SE33,2014,52402.0
SE33,2015,51264.0
SE33,2016,53575.0
SE33,2017,52624.0
SE33,2018,49165.0
SE33,2019,43392.0
SE33,2020,46286.0
SE33,2021,45924.0
SE33,2022,50436.0
SE33,2023,49714.0
SI03,2008,39291.0
SI03,2009,44746.0
SI03,2010,48509.0
SI03,2011,43611.0
SI03,2012,43794.0
SI03,2013,39764.0
SI03,2014,43471.0
SI03,2015,42672.0
SI03,2016,38722.0
SI03,2017,46564.0
SI03,2018,44823.0
SI03,2019,38478.0
SI03,2020,40230.0
SI03,2021,42480.0
SI03,2022,40369.0
SI03,2023,40812.0
SI04,2008,37448.0
SI04,2009,42042.0
SI04,2010,45994.0
SI04,2011,40335.0
SI04,2012,36335.0
SI04,2013,40561.0
SI04,2014,43423.0
SI04,2015,45769.0
SI04,2016,42943.0
SI04,2017,47981.0
SI04,2018,45522.0
SI04,2019,41172.0
SI04,2020,38607.0
SI04,2021,45243.0
SI04,2022,43398.0
SI04,2023,41588.0
SK01,2008,8153.0
SK01,2009,9200.0
SK01,2010,11104.0
SK01,2011,9073.0
SK01,2012,9950.0
SK01,2013,14209.0
SK01,2014,14212.0
SK01,2015,11013.0
SK01,2016,10395.0
SK01,2017,12658.0
SK01,2018,13521.0
SK01,2019,12980.0
SK01,2020,13722.0
SK01,2021,10603.0
SK01,2022,11584.0
SK01,2023,14113.0
SK02,2008,21698.0
SK02,2009,24642.0
SK02,2010,22468.0
SK02,2011,19835.0
SK02,2012,19192.0
SK02,2013,22320.0
SK02,2014,29129.0
SK02,2015,35396.0
SK02,2016,33490.0
SK02,2017,41822.0
SK02,2018,36373.0
SK02,2019,33851.0
SK02,2020,35799.0
SK02,2021,30440.0
SK02,2022,30889.0
SK02,2023,32554.0
SK03,2008,13101.0
SK03,2009,18760.0
SK03,2010,29627.0
SK03,2011,34670.0
SK03,2012,30361.0
SK03,2013,34010.0
SK03,2014,35790.0
SK03,2015,47663.0
SK03,2016,45476.0
SK03,2017,43592.0
SK03,2018,34385.0
SK03,2019,33217.0
SK03,2020,32303.0
SK03,2021,21263.0
SK03,2022,17469.0
SK03,2023,17754.0
SK04,2008,18350.0
SK04,2009,28124.0
SK04,2010,23655.0
SK04,2011,28105.0
SK04,2012,32656.0
SK04,2013,34692.0
SK04,2014,39732.0
SK04,2015,45099.0
SK04,2016,53378.0
SK04,2017,47407.0
SK04,2018,40921.0
SK04,2019,34336.0
SK04,2020,30220.0
SK04,2021,16570.0
SK04,2022,20204.0
SK04,2023,20692.0
