geo,year,temporary
AT10,2008,78080.0
AT10,2009,80475.0
AT10,2010,83385.0
AT10,2011,83903.0
AT10,2012,81271.0
AT10,2013,88426.0
AT10,2014,85398.0
AT10,2015,88561.0
AT10,2016,84130.0
AT10,2017,84123.0
AT10,2018,92708.0
AT10,2019,89975.0
AT10,2020,82121.0
AT10,2021,89548.0
AT10,2022,92073.0
AT10,2023,96086.0
AT20,2008,47169.0
AT20,2009,48509.0
AT20,2010,50020.0
AT20,2011,50199.0
AT20,2012,54160.0
AT20,2013,47313.0
AT20,2014,46029.0
AT20,2015,42745.0
AT20,2016,44314.0
AT20,2017,42224.0
AT20,2018,44753.0
AT20,2019,44673.0
AT20,2020,39985.0
AT20,2021,41282.0
AT20,2022,45197.0
AT20,2023,47703.0
AT30,2008,98211.0
AT30,2009,97154.0
AT30,2010,99893.0
AT30,2011,106418.0
AT30,2012,102465.0
AT30,2013,97831.0
AT30,2014,94118.0
AT30,2015,89651.0
AT30,2016,91576.0
AT30,2017,91861.0
AT30,2018,91239.0
AT30,2019,86039.0
AT30,2020,82078.0
AT30,2021,86171.0
AT30,2022,92392.0
AT30,2023,93592.0
BE10,2008,15852.0
BE10,2009,16366.0
BE10,2010,25744.0
BE10,2011,28190.0
BE10,2012,25318.0
BE10,2013,25459.0
BE10,2014,28681.0
BE10,2015,28958.0
BE10,2016,27439.0
BE10,2017,33952.0
BE10,2018,29097.0
BE10,2019,30695.0
BE10,2020,31984.0
BE10,2021,35304.0
BE10,2022,39464.0
BE10,2023,35702.0
BE21,2008,13636.0
BE21,2009,14658.0
BE21,2010,21987.0
BE21,2011,25802.0
BE21,2012,20986.0
BE21,2013,20142.0
BE21,2014,20763.0
BE21,2015,22284.0
BE21,2016,26880.0
BE21,2017,29201.0
BE21,2018,30992.0
BE21,2019,32564.0
BE21,2020,30174.0
BE21,2021,27559.0
BE21,2022,36394.0
BE21,2023,38515.0
BE22,2008,10219.0
BE22,2009,9862.0
BE22,2010,14630.0
BE22,2011,18113.0
BE22,2012,12730.0
BE22,2013,13320.0
BE22,2014,16905.0
BE22,2015,15086.0
BE22,2016,19524.0
BE22,2017,19874.0
BE22,2018,21779.0
BE22,2019,25791.0
BE22,2020,16554.0
BE22,2021,20529.0
BE22,2022,24104.0
BE22,2023,19594.0
BE23,2008,16346.0
BE23,2009,16233.0
BE23,2010,18903.0
BE23,2011,20807.0
BE23,2012,18397.0
BE23,2013,19380.0
BE23,2014,24924.0
BE23,2015,20671.0
BE23,2016,19504.0
BE23,2017,21408.0
BE23,2018,24280.0
BE23,2019,26848.0
BE23,2020,26908.0
BE23,2021,27877.0
BE23,2022,28944.0
BE23,2023,30274.0
BE24,2008,7855.0
BE24,2009,6598.0
BE24,2010,11578.0
BE24,2011,15886.0
BE24,2012,11807.0
BE24,2013,13942.0
BE24,2014,13743.0
BE24,2015,15441.0
BE24,2016,13016.0
BE24,2017,15194.0
BE24,2018,14901.0
BE24,2019,15934.0
BE24,2020,11480.0
BE24,2021,13996.0
BE24,2022,8578.0
BE24,2023,8195.0
BE25,2008,9944.0
BE25,2009,10262.0
BE25,2010,15461.0
BE25,2011,18115.0
BE25,2012,13248.0
BE25,2013,14929.0
BE25,2014,16721.0
BE25,2015,17044.0
BE25,2016,18152.0
BE25,2017,20589.0
BE25,2018,16021.0
BE25,2019,25424.0
BE25,2020,21259.0
BE25,2021,20174.0
BE25,2022,19618.0
BE25,2023,20119.0
BE31,2008,3155.0
BE31,2009,4253.0
BE31,2010,5222.0
BE31,2011,4549.0
BE31,2012,6632.0
BE31,2013,5782.0
BE31,2014,4809.0
BE31,2015,5149.0
BE31,2016,5376.0
BE31,2017,6561.0
BE31,2018,7303.0
BE31,2019,6861.0
BE31,2020,8118.0
BE31,2021,6128.0
BE31,2022,6437.0
BE31,2023,8233.0
BE32,2008,16169.0
BE32,2009,13550.0
BE32,2010,20805.0
BE32,2011,20261.0
BE32,2012,21189.0
BE32,2013,19189.0
BE32,2014,22489.0
BE32,2015,20947.0
BE32,2016,20452.0
BE32,2017,23262.0
BE32,2018,23713.0
BE32,2019,25662.0
BE32,2020,25110.0
BE32,2021,23901.0
BE32,2022,19582.0
BE32,2023,22320.0
BE33,2008,17083.0
BE33,2009,18466.0
BE33,2010,21365.0
BE33,2011,24229.0
BE33,2012,21983.0
BE33,2013,24181.0
BE33,2014,21499.0
BE33,2015,21504.0
BE33,2016,22699.0
BE33,2017,26715.0
BE33,2018,17828.0
BE33,2019,24366.0
BE33,2020,20397.0
BE33,2021,25662.0
BE33,2022,22898.0
BE33,2023,18691.0
BE34,2008,4266.0
BE34,2009,3862.0
BE34,2010,5043.0
BE34,2011,5050.0
BE34,2012,5470.0
BE34,2013,5334.0
BE34,2014,4586.0
BE34,2015,4982.0
BE34,2016,6295.0
BE34,2017,6044.0
BE34,2018,4653.0
BE34,2019,7613.0
BE34,2020,5676.0
BE34,2021,6178.0
BE34,2022,8029.0
BE34,2023,5882.0
BE35,2008,6896.0
BE35,2009,6444.0
BE35,2010,7435.0
BE35,2011,9378.0
BE35,2012,8121.0
BE35,2013,7879.0
BE35,2014,7334.0
BE35,2015,7557.0
BE35,2016,8911.0
BE35,2017,9261.0
BE35,2018,8302.0
BE35,2019,8053.0
BE35,2020,4795.0
BE35,2021,7474.0
BE35,2022,7977.0
BE35,2023,8234.0
BG31,2008,9987.0
BG31,2009,9997.0
BG31,2010,7710.0
BG31,2011,10877.0
BG31,2012,10622.0
BG31,2013,13128.0
BG31,2014,10488.0
BG31,2015,7419.0
BG31,2016,2937.0
BG31,2017,9895.0
BG31,2018,9782.0
BG31,2019,8166.0
BG31,2020,5640.0
BG31,2021,4876.0
BG31,2022,9036.0
BG31,2023,3467.0
BG32,2008,8159.0
BG32,2009,10083.0
BG32,2010,8645.0
BG32,2011,10515.0
BG32,2012,12081.0
BG32,2013,10570.0
BG32,2014,9887.0
BG32,2015,8893.0
BG32,2016,8636.0
BG32,2017,14159.0
BG32,2018,10946.0
BG32,2019,11911.0
BG32,2020,10497.0
BG32,2021,6255.0
BG32,2022,8994.0
BG32,2023,4673.0
BG33,2008,20236.0
BG33,2009,22099.0
BG33,2010,15947.0
BG33,2011,16295.0
BG33,2012,17519.0
BG33,2013,21865.0
BG33,2014,26643.0
BG33,2015,16043.0
BG33,2016,13088.0
BG33,2017,13229.0
BG33,2018,17242.0
BG33,2019,14385.0
BG33,2020,9340.0
BG33,2021,7257.0
BG33,2022,9297.0
BG33,2023,9577.0
BG34,2008,10216.0
BG34,2009,16571.0
BG34,2010,16464.0
BG34,2011,14440.0
BG34,2012,15055.0
BG34,2013,21462.0
BG34,2014,21409.0
BG34,2015,20884.0
BG34,2016,18851.0
BG34,2017,27161.0
BG34,2018,17741.0
BG34,2019,26359.0
BG34,2020,15471.0
BG34,2021,18860.0
BG34,2022,16759.0
BG34,2023,18089.0
BG41,2008,14323.0
BG41,2009,11405.0
BG41,2010,9355.0
BG41,2011,10888.0
BG41,2012,5868.0
BG41,2013,8942.0
BG41,2014,9849.0
BG41,2015,9234.0
BG41,2016,11573.0
BG41,2017,13183.0
BG41,2018,9439.0
BG41,2019,10412.0
BG41,2020,14204.0
BG41,2021,14093.0
BG41,2022,13462.0
BG41,2023,11904.0
BG42,2008,14971.0
BG42,2009,18297.0
BG42,2010,14393.0
BG42,2011,14881.0
BG42,2012,12801.0
BG42,2013,22403.0
BG42,2014,19187.0
BG42,2015,15410.0
BG42,2016,19294.0
BG42,2017,21728.0
BG42,2018,15927.0
BG42,2019,19421.0
BG42,2020,18174.0
BG42,2021,13646.0
BG42,2022,21024.0
BG42,2023,15989.0
CY00,2008,27731.0
CY00,2009,29001.0
CY00,2010,29699.0
CY00,2011,31529.0
CY00,2012,33991.0
CY00,2013,35881.0
CY00,2014,37344.0
CY00,2015,37255.0
CY00,2016,31968.0
CY00,2017,29898.0
CY00,2018,30019.0
CY00,2019,34425.0
CY00,2020,32094.0
CY00,2021,34180.0
CY00,2022,33506.0
CY00,2023,38821.0
CZ01,2008,19521.0
CZ01,2009,21092.0
CZ01,2010,19083.0
CZ01,2011,13027.0
CZ01,2012,19520.0
CZ01,2013,20229.0
CZ01,2014,13265.0
CZ01,2015,11207.0
CZ01,2016,15859.0
CZ01,2017,16547.0
CZ01,2018,15580.0
CZ01,2019,19750.0
CZ01,2020,9309.0
CZ01,2021,21942.0
CZ01,2022,16154.0
CZ01,2023,13329.0
CZ02,2008,15297.0
CZ02,2009,16406.0
CZ02,2010,17344.0
CZ02,2011,14265.0
CZ02,2012,17395.0
CZ02,2013,20996.0
CZ02,2014,17991.0
CZ02,2015,22226.0
CZ02,2016,19355.0
CZ02,2017,17118.0
CZ02,2018,12796.0
CZ02,2019,10567.0
CZ02,2020,9158.0
CZ02,2021,13549.0
CZ02,2022,10706.0
CZ02,2023,14119.0
CZ03,2008,28233.0
CZ03,2009,28644.0
CZ03,2010,26246.0
CZ03,2011,28092.0
CZ03,2012,27235.0
CZ03,2013,24354.0
CZ03,2014,26432.0
CZ03,2015,25383.0
CZ03,2016,23620.0
CZ03,2017,21841.0
CZ03,2018,18383.0
CZ03,2019,27042.0
CZ03,2020,24370.0
CZ03,2021,20038.0
CZ03,2022,29485.0
CZ03,2023,28896.0
CZ04,2008,19974.0
CZ04,2009,24076.0
CZ04,2010,26422.0
CZ04,2011,24334.0
CZ04,2012,21389.0
CZ04,2013,21123.0
CZ04,2014,19287.0
CZ04,2015,16979.0
CZ04,2016,24548.0
CZ04,2017,31504.0
CZ04,2018,21760.0
CZ04,2019,27988.0
CZ04,2020,26987.0
CZ04,2021,23924.0
CZ04,2022,21334.0
CZ04,2023,25595.0
CZ05,2008,30549.0
CZ05,2009,27695.0
CZ05,2010,34948.0
CZ05,2011,32330.0
CZ05,2012,36492.0
CZ05,2013,40542.0
CZ05,2014,40837.0
CZ05,2015,44014.0
CZ05,2016,42594.0
CZ05,2017,49606.0
CZ05,2018,34552.0
CZ05,2019,38662.0
CZ05,2020,28077.0
CZ05,2021,37815.0
CZ05,2022,35728.0
CZ05,2023,33678.0
CZ06,2008,37533.0
CZ06,2009,37554.0
CZ06,2010,36327.0
CZ06,2011,37071.0
CZ06,2012,36166.0
CZ06,2013,38789.0
CZ06,2014,37760.0
CZ06,2015,44291.0
CZ06,2016,48168.0
CZ06,2017,48437.0
CZ06,2018,36761.0
CZ06,2019,37088.0
CZ06,2020,32888.0
CZ06,2021,44775.0
CZ06,2022,34984.0
CZ06,2023,37177.0
CZ07,2008,27572.0
CZ07,2009,25485.0
CZ07,2010,23156.0
CZ07,2011,21549.0
CZ07,2012,24568.0
CZ07,2013,27152.0
CZ07,2014,36142.0
CZ07,2015,38426.0
CZ07,2016,39560.0
CZ07,2017,33341.0
CZ07,2018,36149.0
CZ07,2019,32758.0
CZ07,2020,25193.0
CZ07,2021,25000.0
CZ07,2022,31871.0
CZ07,2023,38014.0
CZ08,2008,37854.0
CZ08,2009,34755.0
CZ08,2010,33523.0
CZ08,2011,31754.0
CZ08,2012,32372.0
CZ08,2013,26496.0
CZ08,2014,29425.0
CZ08,2015,33286.0
CZ08,2016,39901.0
CZ08,2017,40434.0
CZ08,2018,47762.0
CZ08,2019,44912.0
CZ08,2020,35984.0
CZ08,2021,35829.0
CZ08,2022,37643.0
CZ08,2023,47029.0
DE10,2008,235156.0
DE10,2009,247591.0
DE10,2010,214972.0
DE10,2011,275276.0
DE10,2012,215177.0
DE10,2013,227213.0
DE10,2014,229791.0
DE10,2015,224676.0
DE10,2016,261928.0
DE10,2017,265942.0
DE10,2018,260588.0
DE10,2019,251772.0
DE10,2020,163571.0
DE10,2021,336972.0
DE10,2022,375176.0
DE10,2023,366817.0
DE20,2008,333953.0
DE20,2009,308457.0
DE20,2010,273454.0
DE20,2011,272718.0
DE20,2012,283117.0
DE20,2013,276812.0
DE20,2014,274471.0
DE20,2015,272067.0
DE20,2016,304959.0
DE20,2017,302871.0
DE20,2018,285154.0
DE20,2019,287340.0
DE20,2020,191393.0
DE20,2021,307124.0
DE20,2022,393325.0
DE20,2023,380650.0
DE30,2008,86496.0
DE30,2009,91626.0
DE30,2010,83438.0
DE30,2011,74682.0
DE30,2012,70198.0
DE30,2013,71173.0
DE30,2014,76571.0
DE30,2015,67408.0
DE30,2016,84100.0
DE30,2017,87758.0
DE30,2018,83666.0
DE30,2019,81237.0
DE30,2020,48848.0
DE30,2021,119772.0
DE30,2022,139674.0
DE30,2023,143203.0
DE40,2008,81717.0
DE40,2009,96287.0
DE40,2010,48166.0
DE40,2011,56781.0
DE40,2012,53642.0
DE40,2013,49851.0
DE40,2014,51609.0
DE40,2015,49284.0
DE40,2016,57883.0
DE40,2017,51349.0
DE40,2018,47747.0
DE40,2019,47117.0
DE40,2020,22330.0
DE40,2021,61411.0
DE40,2022,55593.0
DE40,2023,55702.0
DE50,2008,8678.0
DE50,2009,5540.0
DE50,2010,12514.0
DE50,2011,11711.0
DE50,2012,10768.0
DE50,2013,14300.0
DE50,2014,10411.0
DE50,2015,13801.0
DE50,2016,17606.0
DE50,2017,15595.0
DE50,2018,18050.0
DE50,2019,17291.0
DE50,2020,10542.0
DE50,2021,22884.0
DE50,2022,25106.0
DE50,2023,22371.0
DE60,2008,36687.0
DE60,2009,35373.0
DE60,2010,31177.0
DE60,2011,37084.0
DE60,2012,27575.0
DE60,2013,31978.0
DE60,2014,34962.0
DE60,2015,30255.0
DE60,2016,41545.0
DE60,2017,37463.0
DE60,2018,34708.0
DE60,2019,39341.0
DE60,2020,20208.0
DE60,2021,51622.0
DE60,2022,52829.0
DE60,2023,57352.0
DE70,2008,122464.0
DE70,2009,117183.0
DE70,2010,97181.0
DE70,2011,151689.0
DE70,2012,124609.0
DE70,2013,116918.0
DE70,2014,111000.0
DE70,2015,114928.0
DE70,2016,133577.0
DE70,2017,132615.0
DE70,2018,125111.0
DE70,2019,131377.0
DE70,2020,86208.0
DE70,2021,172638.0
DE70,2022,181283.0
DE70,2023,169458.0
DE80,2008,49419.0
DE80,2009,62744.0
DE80,2010,39282.0
DE80,2011,45214.0
DE80,2012,41626.0
DE80,2013,36704.0
DE80,2014,36583.0
DE80,2015,35087.0
DE80,2016,36216.0
DE80,2017,36591.0
DE80,2018,40637.0
DE80,2019,39029.0
DE80,2020,22593.0
DE80,2021,64044.0
DE80,2022,58680.0
DE80,2023,51706.0
DE90,2008,171441.0
DE90,2009,149447.0
DE90,2010,156456.0
DE90,2011,146066.0
DE90,2012,155422.0
DE90,2013,152301.0
DE90,2014,149740.0
DE90,2015,144433.0
DE90,2016,168343.0
DE90,2017,165041.0
DE90,2018,165130.0
DE90,2019,162911.0
DE90,2020,94822.0
DE90,2021,211554.0
DE90,2022,227950.0
DE90,2023,222108.0
DEA0,2008,309799.0
DEA0,2009,351922.0
DEA0,2010,341378.0
DEA0,2011,302687.0
DEA0,2012,305653.0
DEA0,2013,309034.0
DEA0,2014,323105.0
DEA0,2015,334252.0
DEA0,2016,362321.0
DEA0,2017,385240.0
DEA0,2018,371443.0
DEA0,2019,353880.0
DEA0,2020,237724.0
DEA0,2021,503138.0
DEA0,2022,567917.0
DEA0,2023,539727.0
DEB0,2008,100581.0
DEB0,2009,85230.0
DEB0,2010,91226.0
DEB0,2011,86972.0
DEB0,2012,82294.0
DEB0,2013,71315.0
DEB0,2014,78715.0
DEB0,2015,72497.0
DEB0,2016,93468.0
DEB0,2017,90166.0
DEB0,2018,87229.0
DEB0,2019,80227.0
DEB0,2020,50567.0
DEB0,2021,107484.0
DEB0,2022,125296.0
DEB0,2023,127044.0
DEC0,2008,11518.0
DEC0,2009,17512.0
DEC0,2010,12139.0
DEC0,2011,20832.0
DEC0,2012,19223.0
DEC0,2013,17666.0
DEC0,2014,18799.0
DEC0,2015,19094.0
DEC0,2016,21576.0
DEC0,2017,18804.0
DEC0,2018,17914.0
DEC0,2019,13695.0
DEC0,2020,11400.0
DEC0,2021,25111.0
DEC0,2022,28556.0
DEC0,2023,29531.0
DED0,2008,108231.0
DED0,2009,131216.0
DED0,2010,105956.0
DED0,2011,77613.0
DED0,2012,84488.0
DED0,2013,81898.0
DED0,2014,82391.0
DED0,2015,84423.0
DED0,2016,90194.0
DED0,2017,88397.0
DED0,2018,85742.0
DED0,2019,83583.0
DED0,2020,60104.0
DED0,2021,111711.0
DED0,2022,112056.0
DED0,2023,119549.0
DEE0,2008,93523.0
DEE0,2009,68695.0
DEE0,2010,71105.0
DEE0,2011,57325.0
DEE0,2012,48254.0
DEE0,2013,48678.0
DEE0,2014,42026.0
DEE0,2015,48201.0
DEE0,2016,55479.0
DEE0,2017,49739.0
DEE0,2018,47037.0
DEE0,2019,45775.0
DEE0,2020,33609.0
DEE0,2021,55562.0
DEE0,2022,61152.0
DEE0,2023,53268.0
DEF0,2008,58719.0
DEF0,2009,68721.0
DEF0,2010,64854.0
DEF0,2011,45322.0
DEF0,2012,54775.0
DEF0,2013,49836.0
DEF0,2014,52921.0
DEF0,2015,57472.0
DEF0,2016,53387.0
DEF0,2017,53158.0
DEF0,2018,51240.0
DEF0,2019,51746.0
DEF0,2020,38052.0
DEF0,2021,78901.0
DEF0,2022,91986.0
DEF0,2023,72069.0
DEG0,2008,59431.0
DEG0,2009,60665.0
DEG0,2010,51079.0
DEG0,2011,44738.0
DEG0,2012,51357.0
DEG0,2013,47094.0
DEG0,2014,41740.0
DEG0,2015,41040.0
DEG0,2016,44129.0
DEG0,2017,50949.0
DEG0,2018,44436.0
DEG0,2019,46877.0
DEG0,2020,32106.0
DEG0,2021,57394.0
DEG0,2022,52377.0
DEG0,2023,50654.0
DK01,2008,35828.0
DK01,2009,35879.0
DK01,2010,36014.0
DK01,2011,37666.0
DK01,2012,42614.0
DK01,2013,39232.0
DK01,2014,35691.0
DK01,2015,34776.0
DK01,2016,54257.0
DK01,2017,58519.0
DK01,2018,51381.0
DK01,2019,49887.0
DK01,2020,48801.0
DK01,2021,49477.0
DK01,2022,52290.0
DK01,2023,51104.0
DK02,2008,17431.0
DK02,2009,17455.0
DK02,2010,15778.0
DK02,2011,15376.0
DK02,2012,13398.0
DK02,2013,13427.0
DK02,2014,13537.0
DK02,2015,13431.0
DK02,2016,21005.0
DK02,2017,22239.0
DK02,2018,17596.0
DK02,2019,20081.0
DK02,2020,19585.0
DK02,2021,19969.0
DK02,2022,18758.0
DK02,2023,20138.0
DK03,2008,26730.0
DK03,2009,25749.0
DK03,2010,23071.0
DK03,2011,24374.0
DK03,2012,23440.0
DK03,2013,21495.0
DK03,2014,23643.0
DK03,2015,19907.0
DK03,2016,33437.0
DK03,2017,37067.0
DK03,2018,29980.0
DK03,2019,32036.0
DK03,2020,29198.0
DK03,2021,32817.0
DK03,2022,30823.0
DK03,2023,29014.0
DK04,2008,28609.0
DK04,2009,29343.0
DK04,2010,28366.0
DK04,2011,25520.0
DK04,2012,23797.0
DK04,2013,26300.0
DK04,2014,26246.0
DK04,2015,26797.0
DK04,2016,36827.0
DK04,2017,39444.0
DK04,2018,33979.0
DK04,2019,36144.0
DK04,2020,31799.0
DK04,2021,34414.0
DK04,2022,30481.0
DK04,2023,30845.0
DK05,2008,13297.0
DK05,2009,13221.0
DK05,2010,12149.0
DK05,2011,11955.0
DK05,2012,11191.0
DK05,2013,12164.0
DK05,2014,10951.0
DK05,2015,8360.0
DK05,2016,15896.0
DK05,2017,17314.0
DK05,2018,14762.0
DK05,2019,13931.0
DK05,2020,13100.0
DK05,2021,14335.0
DK05,2022,13251.0
DK05,2023,12292.0
EE00,2008,9278.0
EE00,2009,6867.0
EE00,2010,10519.0
EE00,2011,13363.0
EE00,2012,10511.0
EE00,2013,10024.0
EE00,2014,8696.0
EE00,2015,8620.0
EE00,2016,10270.0
EE00,2017,8629.0
EE00,2018,11371.0
EE00,2019,10021.0
EE00,2020,8579.0
EE00,2021,6722.0
EE00,2022,11695.0
EE00,2023,11583.0
EL30,2008,59527.0
EL30,2009,66958.0
EL30,2010,69401.0
EL30,2011,64593.0
EL30,2012,35783.0
EL30,2013,29157.0
EL30,2014,31676.0
EL30,2015,39550.0
EL30,2016,43970.0
EL30,2017,46997.0
EL30,2018,41319.0
EL30,2019,43818.0
EL30,2020,46676.0
EL30,2021,86138.0
EL30,2022,71696.0
EL30,2023,106886.0
EL41,2008,2215.0
EL41,2009,2948.0
EL41,2010,4830.0
EL41,2011,4269.0
EL41,2012,3438.0
EL41,2013,2353.0
EL41,2014,3714.0
EL41,2015,2933.0
EL41,2016,2893.0
EL41,2017,3835.0
EL41,2018,4154.0
EL41,2019,4733.0
EL41,2020,4236.0
EL41,2021,5060.0
EL41,2022,6062.0
EL41,2023,3541.0
EL42,2008,8742.0
EL42,2009,12662.0
EL42,2010,14168.0
EL42,2011,13525.0
EL42,2012,11227.0
EL42,2013,12473.0
EL42,2014,18874.0
EL42,2015,11307.0
EL42,2016,10915.0
EL42,2017,16011.0
EL42,2018,17890.0
EL42,2019,24038.0
EL42,2020,15086.0
EL42,2021,20309.0
EL42,2022,19163.0
EL42,2023,16519.0
EL43,2008,14113.0
EL43,2009,15628.0
EL43,2010,17085.0
EL43,2011,17665.0
EL43,2012,19677.0
EL43,2013,17688.0
EL43,2014,15825.0
EL43,2015,15884.0
EL43,2016,21525.0
EL43,2017,23029.0
EL43,2018,25212.0
EL43,2019,27961.0
EL43,2020,17804.0
EL43,2021,18904.0
EL43,2022,26898.0
EL43,2023,27424.0
EL51,2008,6421.0
EL51,2009,6585.0
EL51,2010,6152.0
EL51,2011,4790.0
EL51,2012,4593.0
EL51,2013,4331.0
EL51,2014,6027.0
EL51,2015,8500.0
EL51,2016,8829.0
EL51,2017,7593.0
EL51,2018,7803.0
EL51,2019,11899.0
EL51,2020,9184.0
EL51,2021,7570.0
EL51,2022,4894.0
EL51,2023,16618.0
EL52,2008,32282.0
EL52,2009,33002.0
EL52,2010,33709.0
EL52,2011,27083.0
EL52,2012,25076.0
EL52,2013,25000.0
EL52,2014,25285.0
EL52,2015,26313.0
EL52,2016,31772.0
EL52,2017,39413.0
EL52,2018,39381.0
EL52,2019,33858.0
EL52,2020,27294.0
EL52,2021,32506.0
EL52,2022,28232.0
EL52,2023,37907.0
EL53,2008,5807.0
EL53,2009,4493.0
EL53,2010,5025.0
EL53,2011,3867.0
EL53,2012,4917.0
EL53,2013,5595.0
EL53,2014,5931.0
EL53,2015,6057.0
EL53,2016,5803.0
EL53,2017,5512.0
EL53,2018,6007.0
EL53,2019,7097.0
EL53,2020,6332.0
EL53,2021,7604.0
EL53,2022,8146.0
EL53,2023,8685.0
EL54,2008,7753.0
EL54,2009,4340.0
EL54,2010,4813.0
EL54,2011,4478.0
EL54,2012,3526.0
EL54,2013,3392.0
EL54,2014,3336.0
EL54,2015,4202.0
EL54,2016,5514.0
EL54,2017,4556.0
EL54,2018,3192.0
EL54,2019,4312.0
EL54,2020,3866.0
EL54,2021,6924.0
EL54,2022,6902.0
EL54,2023,6406.0
EL61,2008,13692.0
EL61,2009,11157.0
EL61,2010,10239.0
EL61,2011,7217.0
EL61,2012,7738.0
EL61,2013,8535.0
EL61,2014,9104.0
EL61,2015,7703.0
EL61,2016,9621.0
EL61,2017,9368.0
EL61,2018,8308.0
EL61,2019,10843.0
EL61,2020,10496.0
EL61,2021,16929.0
EL61,2022,15538.0
EL61,2023,23349.0
EL62,2008,4826.0
EL62,2009,5435.0
EL62,2010,5461.0
EL62,2011,6780.0
EL62,2012,6360.0
EL62,2013,3600.0
EL62,2014,3749.0
EL62,2015,5729.0
EL62,2016,6495.0
EL62,2017,6949.0
EL62,2018,9671.0
EL62,2019,10801.0
EL62,2020,4064.0
EL62,2021,6353.0
EL62,2022,9744.0
EL62,2023,9594.0
EL63,2008,8149.0
EL63,2009,8681.0
EL63,2010,9481.0
EL63,2011,7767.0
EL63,2012,5419.0
EL63,2013,5505.0
EL63,2014,7854.0
EL63,2015,13479.0
EL63,2016,12741.0
EL63,2017,10710.0
EL63,2018,9482.0
EL63,2019,15529.0
EL63,2020,11541.0
EL63,2021,17126.0
EL63,2022,10952.0
EL63,2023,12936.0
EL64,2008,8923.0
EL64,2009,7643.0
EL64,2010,6538.0
EL64,2011,5033.0
EL64,2012,4286.0
EL64,2013,4099.0
EL64,2014,3733.0
EL64,2015,4692.0
EL64,2016,5106.0
EL64,2017,4347.0
EL64,2018,5157.0
EL64,2019,7080.0
EL64,2020,5662.0
EL64,2021,8397.0
EL64,2022,4005.0
EL64,2023,6927.0
EL65,2008,4972.0
EL65,2009,6519.0
EL65,2010,8114.0
EL65,2011,9153.0
EL65,2012,8523.0
EL65,2013,9164.0
EL65,2014,8848.0
EL65,2015,7987.0
EL65,2016,12281.0
EL65,2017,10271.0
EL65,2018,7936.0
EL65,2019,10256.0
EL65,2020,9434.0
EL65,2021,10734.0
EL65,2022,14043.0
EL65,2023,11997.0
ES11,2008,134667.0
ES11,2009,140205.0
ES11,2010,121272.0
ES11,2011,110339.0
ES11,2012,112858.0
ES11,2013,110810.0
ES11,2014,106594.0
ES11,2015,127507.0
ES11,2016,141249.0
ES11,2017,137471.0
ES11,2018,138436.0
ES11,2019,144256.0
ES11,2020,140133.0
ES11,2021,146912.0
ES11,2022,110746.0
ES11,2023,106159.0
ES12,2008,52770.0
ES12,2009,52866.0
ES12,2010,40371.0
ES12,2011,52715.0
ES12,2012,41556.0
ES12,2013,43953.0
ES12,2014,60779.0
ES12,2015,57798.0
ES12,2016,52120.0
ES12,2017,58667.0
ES12,2018,56439.0
ES12,2019,54191.0
ES12,2020,54337.0
ES12,2021,61728.0
ES12,2022,58965.0
ES12,2023,40733.0
ES13,2008,29509.0
ES13,2009,26667.0
ES13,2010,23565.0
ES13,2011,24432.0
ES13,2012,24833.0
ES13,2013,18726.0
ES13,2014,29016.0
ES13,2015,27064.0
ES13,2016,29210.0
ES13,2017,30418.0
ES13,2018,31172.0
ES13,2019,32703.0
ES13,2020,33038.0
ES13,2021,36939.0
ES13,2022,26079.0
ES13,2023,23492.0
ES21,2008,118818.0
ES21,2009,104286.0
ES21,2010,101291.0
ES21,2011,115897.0
ES21,2012,92696.0
ES21,2013,91800.0
ES21,2014,106618.0
ES21,2015,114919.0
ES21,2016,114546.0
ES21,2017,124294.0
ES21,2018,142892.0
ES21,2019,125253.0
ES21,2020,111788.0
ES21,2021,140765.0
ES21,2022,115082.0
ES21,2023,118455.0
ES22,2008,32209.0
ES22,2009,32211.0
ES22,2010,28444.0
ES22,2011,33069.0
ES22,2012,27278.0
ES22,2013,27088.0
ES22,2014,32039.0
ES22,2015,32836.0
ES22,2016,44359.0
ES22,2017,35720.0
ES22,2018,36193.0
ES22,2019,34423.0
ES22,2020,37283.0
ES22,2021,41748.0
ES22,2022,25830.0
ES22,2023,29876.0
ES23,2008,12138.0
ES23,2009,11770.0
ES23,2010,11571.0
ES23,2011,12147.0
ES23,2012,12693.0
ES23,2013,12801.0
ES23,2014,14274.0
ES23,2015,15728.0
ES23,2016,15627.0
ES23,2017,18228.0
ES23,2018,17270.0
ES23,2019,17217.0
ES23,2020,15581.0
ES23,2021,19758.0
ES23,2022,15840.0
ES23,2023,14697.0
ES24,2008,76319.0
ES24,2009,55692.0
ES24,2010,55853.0
ES24,2011,65061.0
ES24,2012,71383.0
ES24,2013,62098.0
ES24,2014,66855.0
ES24,2015,68991.0
ES24,2016,64148.0
ES24,2017,72853.0
ES24,2018,76766.0
ES24,2019,79296.0
ES24,2020,56652.0
ES24,2021,83765.0
ES24,2022,66606.0
ES24,2023,55829.0
ES30,2008,261184.0
ES30,2009,248935.0
ES30,2010,297311.0
ES30,2011,306438.0
ES30,2012,280582.0
ES30,2013,245553.0
ES30,2014,218233.0
ES30,2015,238358.0
ES30,2016,295132.0
ES30,2017,286018.0
ES30,2018,303719.0
ES30,2019,333664.0
ES30,2020,273966.0
ES30,2021,361887.0
ES30,2022,288009.0
ES30,2023,209062.0
ES41,2008,103987.0
ES41,2009,82499.0
ES41,2010,95175.0
ES41,2011,101419.0
ES41,2012,90931.0
ES41,2013,86459.0
ES41,2014,108216.0
ES41,2015,115075.0
ES41,2016,120964.0
ES41,2017,119730.0
ES41,2018,127284.0
ES41,2019,122519.0
ES41,2020,126379.0
ES41,2021,124326.0
ES41,2022,132355.0
ES41,2023,91289.0
ES42,2008,102104.0
ES42,2009,97069.0
ES42,2010,102218.0
ES42,2011,95842.0
ES42,2012,85476.0
ES42,2013,85542.0
ES42,2014,87954.0
ES42,2015,99586.0
ES42,2016,118078.0
ES42,2017,111678.0
ES42,2018,110622.0
ES42,2019,119076.0
ES42,2020,107925.0
ES42,2021,124018.0
ES42,2022,108460.0
ES42,2023,99013.0
ES43,2008,72645.0
ES43,2009,67116.0
ES43,2010,61005.0
ES43,2011,70391.0
ES43,2012,62185.0
ES43,2013,53404.0
ES43,2014,65876.0
ES43,2015,66333.0
ES43,2016,69778.0
ES43,2017,60412.0
ES43,2018,73741.0
ES43,2019,84759.0
ES43,2020,62831.0
ES43,2021,81650.0
ES43,2022,66477.0
ES43,2023,70963.0
ES51,2008,341960.0
ES51,2009,279201.0
ES51,2010,343336.0
ES51,2011,351153.0
ES51,2012,308263.0
ES51,2013,317812.0
ES51,2014,285160.0
ES51,2015,322015.0
ES51,2016,406058.0
ES51,2017,384864.0
ES51,2018,313440.0
ES51,2019,400328.0
ES51,2020,313632.0
ES51,2021,369969.0
ES51,2022,379316.0
ES51,2023,262815.0
ES52,2008,289222.0
ES52,2009,250091.0
ES52,2010,234842.0
ES52,2011,279812.0
ES52,2012,245233.0
ES52,2013,244223.0
ES52,2014,226072.0
ES52,2015,293020.0
ES52,2016,271963.0
ES52,2017,307101.0
ES52,2018,296895.0
ES52,2019,287875.0
ES52,2020,241677.0
ES52,2021,323498.0
ES52,2022,290439.0
ES52,2023,219586.0
ES53,2008,70507.0
ES53,2009,60113.0
ES53,2010,55141.0
ES53,2011,59884.0
ES53,2012,59983.0
ES53,2013,63388.0
ES53,2014,62071.0
ES53,2015,77389.0
ES53,2016,84481.0
ES53,2017,72843.0
ES53,2018,77461.0
ES53,2019,52634.0
ES53,2020,51822.0
ES53,2021,69327.0
ES53,2022,66357.0
ES53,2023,48031.0
ES61,2008,636620.0
ES61,2009,507714.0
ES61,2010,524108.0
ES61,2011,518573.0
ES61,2012,491638.0
ES61,2013,421060.0
ES61,2014,473464.0
ES61,2015,560051.0
ES61,2016,603679.0
ES61,2017,601632.0
ES61,2018,624693.0
ES61,2019,635387.0
ES61,2020,548816.0
ES61,2021,652504.0
ES61,2022,571233.0
ES61,2023,473555.0
ES62,2008,98346.0
ES62,2009,84319.0
ES62,2010,78086.0
ES62,2011,84405.0
ES62,2012,81155.0
ES62,2013,97859.0
ES62,2014,94762.0
ES62,2015,95665.0
ES62,2016,96463.0
ES62,2017,106025.0
ES62,2018,109447.0
ES62,2019,99473.0
ES62,2020,95800.0
ES62,2021,112944.0
ES62,2022,74168.0
ES62,2023,71553.0
ES63,2008,4564.0
ES63,2009,2936.0
ES63,2010,3302.0
ES63,2011,4017.0
ES63,2012,3946.0
ES63,2013,2965.0
ES63,2014,2494.0
ES63,2015,2604.0
ES63,2016,4506.0
ES63,2017,3230.0
ES63,2018,2201.0
ES63,2019,3056.0
ES63,2020,4758.0
ES63,2021,3592.0
ES63,2022,2290.0
ES63,2023,2909.0
ES64,2008,2508.0
ES64,2009,2923.0
ES64,2010,3380.0
ES64,2011,3664.0
ES64,2012,5099.0
ES64,2013,4459.0
ES64,2014,2679.0
ES64,2015,2321.0
ES64,2016,5002.0
ES64,2017,4839.0
ES64,2018,5026.0
ES64,2019,5977.0
ES64,2020,5481.0
ES64,2021,7231.0
ES64,2022,4694.0
ES64,2023,5369.0
ES70,2008,158448.0
ES70,2009,139780.0
ES70,2010,101252.0
ES70,2011,129493.0
ES70,2012,126672.0
ES70,2013,129692.0
ES70,2014,131873.0
ES70,2015,145609.0
ES70,2016,138047.0
ES70,2017,199073.0
ES70,2018,176764.0
ES70,2019,181606.0
ES70,2020,139756.0
ES70,2021,148548.0
ES70,2022,145748.0
ES70,2023,135272.0
FI18,2008,81430.0
FI18,2009,90708.0
FI18,2010,91992.0
FI18,2011,91972.0
FI18,2012,85225.0
FI18,2013,90487.0
FI18,2014,91571.0
FI18,2015,87298.0
FI18,2016,93914.0
FI18,2017,95120.0
FI18,2018,106322.0
FI18,2019,101796.0
FI18,2020,99594.0
FI18,2021,111809.0
FI18,2022,118010.0
FI18,2023,105516.0
FI19,2008,50118.0
FI19,2009,45680.0
FI19,2010,48486.0
FI19,2011,50992.0
FI19,2012,53349.0
FI19,2013,48454.0
FI19,2014,48192.0
FI19,2015,44807.0
FI19,2016,50152.0
FI19,2017,54864.0
FI19,2018,59246.0
FI19,2019,49425.0
FI19,2020,52427.0
FI19,2021,59250.0
FI19,2022,55291.0
FI19,2023,51621.0
FI1D,2008,59687.0
FI1D,2009,53102.0
FI1D,2010,53383.0
FI1D,2011,50271.0
FI1D,2012,52000.0
FI1D,2013,53495.0
FI1D,2014,51159.0
FI1D,2015,51644.0
FI1D,2016,48260.0
FI1D,2017,56807.0
FI1D,2018,56125.0
FI1D,2019,59744.0
FI1D,2020,51462.0
FI1D,2021,57891.0
FI1D,2022,62828.0
FI1D,2023,59791.0
FI20,2008,948.0
FI20,2009,1067.0
FI20,2010,1437.0
FI20,2011,2012.0
FI20,2012,1365.0
FI20,2013,1815.0
FI20,2014,2201.0
FI20,2015,1083.0
FI20,2016,1150.0
FI20,2017,1220.0
FI20,2018,1934.0
FI20,2019,879.0
FI20,2020,1446.0
FI20,2021,1226.0
FI20,2022,1451.0
FI20,2023,1732.0
FR10,2008,314903.0
FR10,2009,292019.0
FR10,2010,290331.0
FR10,2011,302527.0
FR10,2012,309619.0
FR10,2013,354488.0
FR10,2014,301967.0
FR10,2015,293181.0
FR10,2016,309633.0
FR10,2017,404180.0
FR10,2018,329773.0
FR10,2019,353068.0
FR10,2020,300586.0
FR10,2021,339188.0
FR10,2022,345248.0
FR10,2023,324114.0
FR21,2008,39848.0
FR21,2009,42006.0
FR21,2010,41698.0
FR21,2011,33509.0
FR21,2012,42559.0
FR22,2008,66705.0
FR22,2009,53541.0
FR22,2010,57877.0
FR22,2011,52537.0
FR22,2012,47963.0
FR23,2008,62617.0
FR23,2009,36396.0
FR23,2010,54868.0
FR23,2011,50017.0
FR23,2012,54304.0
FR24,2008,68249.0
FR24,2009,71122.0
FR24,2010,88424.0
FR24,2011,79445.0
FR24,2012,80409.0
FR25,2008,36968.0
FR25,2009,43387.0
FR25,2010,42239.0
FR25,2011,39671.0
FR25,2012,49119.0
FR26,2008,50261.0
FR26,2009,50666.0
FR26,2010,43366.0
FR26,2011,56027.0
FR26,2012,41980.0
FR30,2008,118251.0
FR30,2009,122102.0
FR30,2010,105268.0
FR30,2011,125504.0
FR30,2012,115301.0
FR41,2008,60226.0
FR41,2009,55748.0
FR41,2010,60078.0
FR41,2011,69587.0
FR41,2012,61093.0
FR42,2008,50748.0
FR42,2009,55047.0
FR42,2010,43294.0
FR42,2011,53811.0
FR42,2012,47259.0
FR43,2008,42248.0
FR43,2009,34182.0
FR43,2010,37061.0
FR43,2011,35326.0
FR43,2012,31109.0
FR51,2008,139908.0
FR51,2009,103938.0
FR51,2010,119627.0
FR51,2011,120780.0
FR51,2012,125469.0
FR52,2008,80720.0
FR52,2009,93721.0
FR52,2010,101235.0
FR52,2011,104674.0
FR52,2012,92484.0
FR53,2008,59575.0
FR53,2009,58707.0
FR53,2010,60814.0
FR53,2011,54515.0
FR53,2012,64532.0
FR61,2008,98628.0
FR61,2009,97560.0
FR61,2010,90802.0
FR61,2011,100684.0
FR61,2012,100937.0
FR62,2008,88571.0
FR62,2009,80582.0
FR62,2010,101454.0
FR62,2011,85924.0
FR62,2012,84671.0
FR63,2008,19030.0
FR63,2009,19516.0
FR63,2010,19129.0
FR63,2011,19324.0
FR63,2012,21999.0
FR71,2008,219132.0
FR71,2009,182269.0
FR71,2010,219629.0
FR71,2011,202026.0
FR71,2012,199375.0
FR72,2008,44181.0
FR72,2009,36255.0
FR72,2010,48406.0
FR72,2011,40477.0
FR72,2012,48171.0
FR81,2008,70432.0
FR81,2009,83672.0
FR81,2010,80144.0
FR81,2011,82995.0
FR81,2012,78666.0
FR82,2008,157029.0
FR82,2009,143017.0
FR82,2010,146891.0
FR82,2011,149339.0
FR82,2012,153252.0
FR83,2008,5590.0
FR83,2009,4390.0
FR83,2010,4901.0
FR83,2011,6517.0
FR83,2012,4713.0
FRB0,2013,68060.0
FRB0,2014,82030.0
FRB0,2015,65031.0
FRB0,2016,74240.0
FRB0,2017,95035.0
FRB0,2018,77081.0
FRB0,2019,77849.0
FRB0,2020,67677.0
FRB0,2021,73441.0
FRB0,2022,70207.0
FRB0,2023,80430.0
FRC1,2013,52565.0
FRC1,2014,48580.0
FRC1,2015,45028.0
FRC1,2016,40168.0
FRC1,2017,69401.0
FRC1,2018,44477.0
FRC1,2019,47301.0
FRC1,2020,54756.0
FRC1,2021,62852.0
FRC1,2022,51305.0
FRC1,2023,53160.0
FRC2,2013,26889.0
FRC2,2014,32621.0
FRC2,2015,30340.0
FRC2,2016,29936.0
FRC2,2017,51915.0
FRC2,2018,35645.0
FRC2,2019,35360.0
FRC2,2020,26224.0
FRC2,2021,35299.0
FRC2,2022,35253.0
FRC2,2023,42177.0
FRD1,2013,36673.0
FRD1,2014,41943.0
FRD1,2015,42111.0
FRD1,2016,53184.0
FRD1,2017,52707.0
FRD1,2018,53876.0
FRD1,2019,47742.0
FRD1,2020,31351.0
FRD1,2021,56418.0
FRD1,2022,46469.0
FRD1,2023,46465.0
FRD2,2013,48084.0
FRD2,2014,65021.0
FRD2,2015,46359.0
FRD2,2016,60146.0
FRD2,2017,56090.0
FRD2,2018,65826.0
FRD2,2019,80609.0
FRD2,2020,58117.0
FRD2,2021,62087.0
FRD2,2022,67502.0
FRD2,2023,73948.0
FRE1,2013,110631.0
FRE1,2014,115224.0
FRE1,2015,106457.0
FRE1,2016,115461.0
FRE1,2017,136133.0
FRE1,2018,134853.0
FRE1,2019,155518.0
FRE1,2020,137694.0
FRE1,2021,102132.0
FRE1,2022,142325.0
FRE1,2023,115954.0
FRE2,2013,59236.0
FRE2,2014,57207.0
FRE2,2015,54355.0
FRE2,2016,60449.0
FRE2,2017,70119.0
FRE2,2018,64930.0
FRE2,2019,52337.0
FRE2,2020,64792.0
FRE2,2021,57259.0
FRE2,2022,61942.0
FRE2,2023,54758.0
FRF1,2013,59217.0
FRF1,2014,47426.0
FRF1,2015,53894.0
FRF1,2016,51158.0
FRF1,2017,63523.0
FRF1,2018,79329.0
FRF1,2019,55647.0
FRF1,2020,48167.0
FRF1,2021,77643.0
FRF1,2022,68568.0
FRF1,2023,55721.0
FRF2,2013,34089.0
FRF2,2014,38664.0
FRF2,2015,34766.0
FRF2,2016,37235.0
FRF2,2017,46592.0
FRF2,2018,40705.0
FRF2,2019,42956.0
FRF2,2020,32579.0
FRF2,2021,42612.0
FRF2,2022,41412.0
FRF2,2023,45349.0
FRF3,2013,56131.0
FRF3,2014,76369.0
FRF3,2015,72998.0
FRF3,2016,72633.0
FRF3,2017,72477.0
FRF3,2018,84780.0
FRF3,2019,72064.0
FRF3,2020,64362.0
FRF3,2021,102401.0
FRF3,2022,86714.0
FRF3,2023,66179.0
FRG0,2013,110893.0
FRG0,2014,117848.0
FRG0,2015,133051.0
FRG0,2016,134369.0
FRG0,2017,137165.0
FRG0,2018,127111.0
FRG0,2019,138270.0
FRG0,2020,93494.0
FRG0,2021,123742.0
FRG0,2022,127693.0
FRG0,2023,151425.0
FRH0,2013,79605.0
FRH0,2014,112931.0
FRH0,2015,107657.0
FRH0,2016,122821.0
FRH0,2017,109358.0
FRH0,2018,138382.0
FRH0,2019,110704.0
FRH0,2020,98726.0
FRH0,2021,106605.0
FRH0,2022,134227.0
FRH0,2023,143492.0
FRI1,2013,77343.0
FRI1,2014,110323.0
FRI1,2015,99168.0
FRI1,2016,119961.0
FRI1,2017,111893.0
FRI1,2018,115926.0
FRI1,2019,134426.0
FRI1,2020,127200.0
FRI1,2021,113932.0
FRI1,2022,106657.0
FRI1,2023,112706.0
FRI2,2013,19901.0
FRI2,2014,18697.0
FRI2,2015,17290.0
FRI2,2016,28119.0
FRI2,2017,30883.0
FRI2,2018,23402.0
FRI2,2019,25818.0
FRI2,2020,23485.0
FRI2,2021,17554.0
FRI2,2022,23818.0
FRI2,2023,16475.0
FRI3,2013,54962.0
FRI3,2014,43772.0
FRI3,2015,62449.0
FRI3,2016,65914.0
FRI3,2017,62961.0
FRI3,2018,57696.0
FRI3,2019,47095.0
FRI3,2020,53456.0
FRI3,2021,51267.0
FRI3,2022,62046.0
FRI3,2023,60232.0
FRJ1,2013,79059.0
FRJ1,2014,71660.0
FRJ1,2015,69460.0
FRJ1,2016,65000.0
FRJ1,2017,101494.0
FRJ1,2018,77459.0
FRJ1,2019,86678.0
FRJ1,2020,95586.0
FRJ1,2021,81506.0
FRJ1,2022,103493.0
FRJ1,2023,98842.0
FRJ2,2013,66730.0
FRJ2,2014,89029.0
FRJ2,2015,70235.0
FRJ2,2016,108794.0
FRJ2,2017,114423.0
FRJ2,2018,82556.0
FRJ2,2019,88703.0
FRJ2,2020,94754.0
FRJ2,2021,103688.0
FRJ2,2022,109074.0
FRJ2,2023,97641.0
FRK1,2013,36332.0
FRK1,2014,34290.0
FRK1,2015,39052.0
FRK1,2016,59338.0
FRK1,2017,63878.0
FRK1,2018,40361.0
FRK1,2019,40379.0
FRK1,2020,36514.0
FRK1,2021,47192.0
FRK1,2022,47528.0
FRK1,2023,66743.0
FRK2,2013,194991.0
FRK2,2014,205306.0
FRK2,2015,215906.0
FRK2,2016,192762.0
FRK2,2017,237612.0
FRK2,2018,235478.0
FRK2,2019,273536.0
FRK2,2020,203392.0
FRK2,2021,217711.0
FRK2,2022,232399.0
FRK2,2023,205155.0
FRL0,2013,153640.0
FRL0,2014,131277.0
FRL0,2015,146636.0
FRL0,2016,152569.0
FRL0,2017,168557.0
FRL0,2018,158756.0
FRL0,2019,160589.0
FRL0,2020,116683.0
FRL0,2021,148229.0
FRL0,2022,132623.0
FRL0,2023,158390.0
FRM0,2013,5473.0
FRM0,2014,5028.0
FRM0,2015,35463.0
FRM0,2016,8158.0
FRM0,2017,1485.0
FRM0,2018,10880.0
FRM0,2019,11498.0
FRM0,2020,7589.0
FRM0,2021,8330.0
FRM0,2022,3911.0
FRM0,2023,9429.0
FRY1,2014,13127.0
FRY1,2015,11081.0
FRY1,2016,9037.0
FRY1,2017,9038.0
FRY1,2018,9292.0
FRY1,2019,8227.0
FRY1,2020,9365.0
FRY1,2021,9203.0
FRY1,2022,14571.0
FRY1,2023,8400.0
FRY2,2014,14155.0
FRY2,2015,11658.0
FRY2,2016,14455.0
FRY2,2017,11670.0
FRY2,2018,12832.0
FRY2,2019,13629.0
FRY2,2020,11367.0
FRY2,2021,11616.0
FRY2,2022,12315.0
FRY2,2023,11663.0
FRY3,2014,5648.0
FRY3,2015,6930.0
FRY3,2016,6314.0
FRY3,2017,7227.0
FRY3,2018,7684.0
FRY3,2019,7047.0
FRY3,2020,5852.0
FRY3,2021,10247.0
FRY3,2022,6873.0
FRY3,2023,6867.0
FRY4,2014,33188.0
FRY4,2015,29679.0
FRY4,2016,29156.0
FRY4,2017,36271.0
FRY4,2018,29168.0
FRY4,2019,30120.0
FRY4,2020,28300.0
FRY4,2021,28956.0
FRY4,2022,42041.0
FRY4,2023,39062.0
HR03,2008,36124.0
HR03,2009,38084.0
HR03,2010,40258.0
HR03,2011,32722.0
HR03,2012,33277.0
HR03,2013,37591.0
HR03,2014,48586.0
HR03,2015,56996.0
HR03,2016,60128.0
HR03,2017,60591.0
HR03,2018,64246.0
HR03,2019,62185.0
HR03,2020,59273.0
HR03,2021,50188.0
HR03,2022,61746.0
HR03,2023,39790.0
HR04,2008,56596.0
HR04,2009,52553.0
HR04,2010,53673.0
HR04,2011,60526.0
HR04,2012,56598.0
HR04,2013,65486.0
HR04,2014,77357.0
HR04,2015,98272.0
HR04,2016,106024.0
HR04,2017,103101.0
HR04,2018,99917.0
HR04,2019,85766.0
HR04,2020,70088.0
HR04,2021,63089.0
HR04,2022,60905.0
HR04,2023,54558.0
HU10,2008,32819.0
HU10,2009,32916.0
HU10,2010,35202.0
HU10,2011,39912.0
HU10,2012,36232.0
HU10,2013,48885.0
HU10,2014,35814.0
HU10,2015,36088.0
HU10,2016,22750.0
HU10,2017,25899.0
HU10,2018,18439.0
HU10,2019,25031.0
HU10,2020,17557.0
HU10,2021,20834.0
HU10,2022,18699.0
HU10,2023,17523.0
HU21,2008,17401.0
HU21,2009,15298.0
HU21,2010,16561.0
HU21,2011,16867.0
HU21,2012,15562.0
HU21,2013,17954.0
HU21,2014,21663.0
HU21,2015,24040.0
HU21,2016,17755.0
HU21,2017,15755.0
HU21,2018,13474.0
HU21,2019,8947.0
HU21,2020,8859.0
HU21,2021,10737.0
HU21,2022,9320.0
HU21,2023,9126.0
HU22,2008,15504.0
HU22,2009,17838.0
HU22,2010,18802.0
HU22,2011,20152.0
HU22,2012,20182.0
HU22,2013,16791.0
HU22,2014,19124.0
HU22,2015,20630.0
HU22,2016,12293.0
HU22,2017,11656.0
HU22,2018,10238.0
HU22,2019,9153.0
HU22,2020,7342.0
HU22,2021,8277.0
HU22,2022,6466.0
HU22,2023,8690.0
HU23,2008,19816.0
HU23,2009,22172.0
HU23,2010,26770.0
HU23,2011,24301.0
HU23,2012,28174.0
HU23,2013,33040.0
HU23,2014,37296.0
HU23,2015,38929.0
HU23,2016,33006.0
HU23,2017,33659.0
HU23,2018,28174.0
HU23,2019,26241.0
HU23,2020,24068.0
HU23,2021,20587.0
HU23,2022,17639.0
HU23,2023,19987.0
HU31,2008,26518.0
HU31,2009,27768.0
HU31,2010,36457.0
HU31,2011,32925.0
HU31,2012,38746.0
HU31,2013,43119.0
HU31,2014,49335.0
HU31,2015,62919.0
HU31,2016,55706.0
HU31,2017,51535.0
HU31,2018,47983.0
HU31,2019,42669.0
HU31,2020,36655.0
HU31,2021,38598.0
HU31,2022,40538.0
HU31,2023,34221.0
HU32,2008,37092.0
HU32,2009,39821.0
HU32,2010,46472.0
HU32,2011,42189.0
HU32,2012,53078.0
HU32,2013,62603.0
HU32,2014,67227.0
HU32,2015,79090.0
HU32,2016,85663.0
HU32,2017,79291.0
HU32,2018,62339.0
HU32,2019,60090.0
HU32,2020,50622.0
HU32,2021,46636.0
HU32,2022,45939.0
HU32,2023,41591.0
HU33,2008,25253.0
HU33,2009,28754.0
HU33,2010,33565.0
HU33,2011,34172.0
HU33,2012,39162.0
HU33,2013,48808.0
HU33,2014,49293.0
HU33,2015,47496.0
HU33,2016,45504.0
HU33,2017,44699.0
HU33,2018,35658.0
HU33,2019,28741.0
HU33,2020,28540.0
HU33,2021,26999.0
HU33,2022,26553.0
HU33,2023,25177.0
IE01,2008,12479.0
IE01,2009,9213.0
IE01,2010,12072.0
IE01,2011,11248.0
IE01,2012,11660.0
IE01,2013,14517.0
IE01,2014,14045.0
IE01,2015,13775.0
IE01,2016,14445.0
IE01,2017,14692.0
IE01,2018,15263.0
IE01,2019,13902.0
IE01,2020,12246.0
IE01,2021,22185.0
IE01,2022,20773.0
IE01,2023,23607.0
IE02,2008,31651.0
IE02,2009,25921.0
IE02,2010,28667.0
IE02,2011,30453.0
IE02,2012,57207.0
IE02,2013,66036.0
IE02,2014,65921.0
IE02,2015,61222.0
IE02,2016,61284.0
IE02,2017,60023.0
IE02,2018,64063.0
IE02,2019,60942.0
IE02,2020,53974.0
IE02,2021,98956.0
IE02,2022,99347.0
IE02,2023,95297.0
ITC1,2008,82485.0
ITC1,2009,79489.0
ITC1,2010,85854.0
ITC1,2011,89812.0
ITC1,2012,87889.0
ITC1,2013,84341.0
ITC1,2014,86901.0
ITC1,2015,86324.0
ITC1,2016,84514.0
ITC1,2017,97969.0
ITC1,2018,117766.0
ITC1,2019,111360.0
ITC1,2020,93360.0
ITC1,2021,103689.0
ITC1,2022,103808.0
ITC1,2023,99982.0
ITC2,2008,3390.0
ITC2,2009,2898.0
ITC2,2010,3124.0
ITC2,2011,3284.0
ITC2,2012,3154.0
ITC2,2013,3324.0
ITC2,2014,3610.0
ITC2,2015,3827.0
ITC2,2016,3974.0
ITC2,2017,4554.0
ITC2,2018,4579.0
ITC2,2019,4634.0
ITC2,2020,4195.0
ITC2,2021,4408.0
ITC2,2022,5325.0
ITC2,2023,4767.0
ITC3,2008,33935.0
ITC3,2009,32842.0
ITC3,2010,30029.0
ITC3,2011,30837.0
ITC3,2012,30457.0
ITC3,2013,23960.0
ITC3,2014,27650.0
ITC3,2015,29333.0
ITC3,2016,27432.0
ITC3,2017,33089.0
ITC3,2018,40055.0
ITC3,2019,38886.0
ITC3,2020,36276.0
ITC3,2021,42022.0
ITC3,2022,43035.0
ITC3,2023,40224.0
ITC4,2008,170495.0
ITC4,2009,156896.0
ITC4,2010,165224.0
ITC4,2011,175476.0
ITC4,2012,184398.0
ITC4,2013,170415.0
ITC4,2014,179010.0
ITC4,2015,195534.0
ITC4,2016,196104.0
ITC4,2017,219826.0
ITC4,2018,243942.0
ITC4,2019,241885.0
ITC4,2020,200743.0
ITC4,2021,220459.0
ITC4,2022,231326.0
ITC4,2023,218609.0
ITF1,2008,32093.0
ITF1,2009,30848.0
ITF1,2010,28190.0
ITF1,2011,28457.0
ITF1,2012,34513.0
ITF1,2013,32426.0
ITF1,2014,35364.0
ITF1,2015,37862.0
ITF1,2016,36506.0
ITF1,2017,39764.0
ITF1,2018,41493.0
ITF1,2019,52577.0
ITF1,2020,43378.0
ITF1,2021,48400.0
ITF1,2022,59999.0
ITF1,2023,52381.0
ITF2,2008,7762.0
ITF2,2009,6039.0
ITF2,2010,5749.0
ITF2,2011,5847.0
ITF2,2012,5953.0
ITF2,2013,5962.0
ITF2,2014,5427.0
ITF2,2015,6557.0
ITF2,2016,6839.0
ITF2,2017,5986.0
ITF2,2018,7721.0
ITF2,2019,8463.0
ITF2,2020,6923.0
ITF2,2021,8881.0
ITF2,2022,10275.0
ITF2,2023,10348.0
ITF3,2008,112959.0
ITF3,2009,108191.0
ITF3,2010,104915.0
ITF3,2011,110272.0
ITF3,2012,113744.0
ITF3,2013,121500.0
ITF3,2014,119145.0
ITF3,2015,134292.0
ITF3,2016,127811.0
ITF3,2017,145034.0
ITF3,2018,152719.0
ITF3,2019,159444.0
ITF3,2020,149870.0
ITF3,2021,178154.0
ITF3,2022,186885.0
ITF3,2023,168785.0
ITF4,2008,116079.0
ITF4,2009,118368.0
ITF4,2010,115905.0
ITF4,2011,117968.0
ITF4,2012,124877.0
ITF4,2013,115589.0
ITF4,2014,114536.0
ITF4,2015,120639.0
ITF4,2016,124800.0
ITF4,2017,125028.0
ITF4,2018,147080.0
ITF4,2019,139009.0
ITF4,2020,128151.0
ITF4,2021,150324.0
ITF4,2022,145281.0
ITF4,2023,139880.0
ITF5,2008,15336.0
ITF5,2009,14771.0
ITF5,2010,14370.0
ITF5,2011,14165.0
ITF5,2012,13900.0
ITF5,2013,12598.0
ITF5,2014,13550.0
ITF5,2015,13847.0
ITF5,2016,14463.0
ITF5,2017,15912.0
ITF5,2018,19634.0
ITF5,2019,22136.0
ITF5,2020,21485.0
ITF5,2021,23298.0
ITF5,2022,22710.0
ITF5,2023,23372.0
ITF6,2008,70219.0
ITF6,2009,67111.0
ITF6,2010,65360.0
ITF6,2011,66249.0
ITF6,2012,67646.0
ITF6,2013,62617.0
ITF6,2014,66543.0
ITF6,2015,64639.0
ITF6,2016,72691.0
ITF6,2017,69844.0
ITF6,2018,77226.0
ITF6,2019,77598.0
ITF6,2020,70033.0
ITF6,2021,78587.0
ITF6,2022,78244.0
ITF6,2023,75268.0
ITG1,2008,161719.0
ITG1,2009,149013.0
ITG1,2010,153750.0
ITG1,2011,154333.0
ITG1,2012,147548.0
ITG1,2013,137518.0
ITG1,2014,145865.0
ITG1,2015,155634.0
ITG1,2016,146995.0
ITG1,2017,166415.0
ITG1,2018,175893.0
ITG1,2019,187646.0
ITG1,2020,171801.0
ITG1,2021,185171.0
ITG1,2022,181292.0
ITG1,2023,197586.0
ITG2,2008,47435.0
ITG2,2009,47577.0
ITG2,2010,45432.0
ITG2,2011,45571.0
ITG2,2012,51749.0
ITG2,2013,45293.0
ITG2,2014,43663.0
ITG2,2015,50845.0
ITG2,2016,52253.0
ITG2,2017,53363.0
ITG2,2018,63961.0
ITG2,2019,74029.0
ITG2,2020,52552.0
ITG2,2021,62987.0
ITG2,2022,66165.0
ITG2,2023,57959.0
ITH1,2008,14296.0
ITH1,2009,16916.0
ITH1,2010,17618.0
ITH1,2011,16964.0
ITH1,2012,18575.0
ITH1,2013,18812.0
ITH1,2014,18605.0
ITH1,2015,19978.0
ITH1,2016,21018.0
ITH1,2017,21537.0
ITH1,2018,22748.0
ITH1,2019,23063.0
ITH1,2020,20157.0
ITH1,2021,20434.0
ITH1,2022,23752.0
ITH1,2023,27602.0
ITH2,2008,16622.0
ITH2,2009,15681.0
ITH2,2010,15269.0
ITH2,2011,18231.0
ITH2,2012,18880.0
ITH2,2013,19784.0
ITH2,2014,21004.0
ITH2,2015,20254.0
ITH2,2016,19352.0
ITH2,2017,23857.0
ITH2,2018,25647.0
ITH2,2019,26323.0
ITH2,2020,22764.0
ITH2,2021,23750.0
ITH2,2022,24550.0
ITH2,2023,23042.0
ITH3,2008,119364.0
ITH3,2009,90363.0
ITH3,2010,88665.0
ITH3,2011,103672.0
ITH3,2012,103243.0
ITH3,2013,107791.0
ITH3,2014,103193.0
ITH3,2015,114049.0
ITH3,2016,123966.0
ITH3,2017,142183.0
ITH3,2018,158342.0
ITH3,2019,138049.0
ITH3,2020,122102.0
ITH3,2021,128063.0
ITH3,2022,142347.0
ITH3,2023,133389.0
ITH4,2008,30499.0
ITH4,2009,26811.0
ITH4,2010,26825.0
ITH4,2011,30355.0
ITH4,2012,26693.0
ITH4,2013,28104.0
ITH4,2014,28610.0
ITH4,2015,27844.0
ITH4,2016,31936.0
ITH4,2017,38432.0
ITH4,2018,45305.0
ITH4,2019,39971.0
ITH4,2020,32671.0
ITH4,2021,35763.0
ITH4,2022,39344.0
ITH4,2023,36762.0
ITH5,2008,99046.0
ITH5,2009,99273.0
ITH5,2010,113887.0
ITH5,2011,118483.0
ITH5,2012,132688.0
ITH5,2013,126660.0
ITH5,2014,132379.0
ITH5,2015,138166.0
ITH5,2016,135516.0
ITH5,2017,148052.0
ITH5,2018,167235.0
ITH5,2019,162420.0
ITH5,2020,141942.0
ITH5,2021,157860.0
ITH5,2022,164609.0
ITH5,2023,156512.0
ITI1,2008,85530.0
ITI1,2009,77479.0
ITI1,2010,89607.0
ITI1,2011,91029.0
ITI1,2012,89366.0
ITI1,2013,82538.0
ITI1,2014,91248.0
ITI1,2015,95503.0
ITI1,2016,94173.0
ITI1,2017,104570.0
ITI1,2018,114084.0
ITI1,2019,124831.0
ITI1,2020,93733.0
ITI1,2021,101232.0
ITI1,2022,123413.0
ITI1,2023,124254.0
ITI2,2008,22360.0
ITI2,2009,21927.0
ITI2,2010,19382.0
ITI2,2011,20141.0
ITI2,2012,19305.0
ITI2,2013,18495.0
ITI2,2014,22207.0
ITI2,2015,20792.0
ITI2,2016,22581.0
ITI2,2017,27978.0
ITI2,2018,28663.0
ITI2,2019,29484.0
ITI2,2020,23451.0
ITI2,2021,29892.0
ITI2,2022,29390.0
ITI2,2023,29041.0
ITI3,2008,40643.0
ITI3,2009,35524.0
ITI3,2010,32198.0
ITI3,2011,36257.0
ITI3,2012,40222.0
ITI3,2013,36783.0
ITI3,2014,39871.0
ITI3,2015,39765.0
ITI3,2016,40423.0
ITI3,2017,51231.0
ITI3,2018,57092.0
ITI3,2019,49973.0
ITI3,2020,44035.0
ITI3,2021,44093.0
ITI3,2022,48911.0
ITI3,2023,52596.0
ITI4,2008,111996.0
ITI4,2009,102021.0
ITI4,2010,107748.0
ITI4,2011,107884.0
ITI4,2012,132016.0
ITI4,2013,124901.0
ITI4,2014,133191.0
ITI4,2015,145439.0
ITI4,2016,134248.0
ITI4,2017,155791.0
ITI4,2018,169744.0
ITI4,2019,181886.0
ITI4,2020,162732.0
ITI4,2021,167404.0
ITI4,2022,181048.0
ITI4,2023,199898.0
LT00,2008,19281.0
LT00,2009,18791.0
LT00,2010,18484.0
LT00,2011,19373.0
LT00,2012,19005.0
LT00,2013,20148.0
LT00,2014,21213.0
LT00,2015,16113.0
LT00,2016,14777.0
LT00,2017,12299.0
LT00,2018,12410.0
LT00,2019,12364.0
LT00,2020,9210.0
LT00,2021,15450.0
LT00,2022,16759.0
LT00,2023,17533.0
LU00,2008,6057.0
LU00,2009,6937.0
LU00,2010,6983.0
LU00,2011,6893.0
LU00,2012,8121.0
LU00,2013,8579.0
LU00,2014,10373.0
LU00,2015,11064.0
LU00,2016,8595.0
LU00,2017,8819.0
LU00,2018,12342.0
LU00,2019,186.0
LU00,2020,11775.0
LU00,2021,12546.0
LU00,2022,10757.0
LU00,2023,12559.0
LV00,2008,20816.0
LV00,2009,23672.0
LV00,2010,39244.0
LV00,2011,38092.0
LV00,2012,25666.0
LV00,2013,24151.0
LV00,2014,17545.0
LV00,2015,20482.0
LV00,2016,19542.0
LV00,2017,11546.0
LV00,2018,15511.0
LV00,2019,17739.0
LV00,2020,17894.0
LV00,2021,17424.0
LV00,2022,16778.0
LV00,2023,15050.0
MT00,2009,3827.0
MT00,2010,4102.0
MT00,2011,5092.0
MT00,2012,6059.0
MT00,2013,7009.0
MT00,2014,7220.0
MT00,2015,7910.0
MT00,2016,8528.0
MT00,2017,6666.0
MT00,2018,10182.0
MT00,2019,13582.0
MT00,2020,12105.0
MT00,2021,10857.0
MT00,2022,10807.0
MT00,2023,16394.0
NL00,2008,535627.0
NL00,2009,545407.0
NL00,2010,533725.0
NL00,2011,543625.0
NL00,2012,559824.0
NL00,2013,565381.0
NL00,2014,599964.0
NL00,2015,557346.0
NL00,2016,587499.0
NL00,2017,658731.0
NL00,2018,694330.0
NL00,2019,686510.0
NL00,2020,543172.0
NL00,2021,1060111.0
NL00,2022,1109844.0
NL00,2023,1090431.0
PL12,2008,256920.0
PL12,2009,241128.0
PL12,2010,225958.0
PL12,2011,232046.0
PL12,2012,260458.0
PL12,2013,269557.0
PL12,2014,315094.0
PL12,2015,336461.0
PL12,2016,275835.0
PL12,2017,279196.0
PL12,2018,283066.0
PL12,2019,258580.0
PL12,2020,221142.0
PL12,2021,168275.0
PL12,2022,185190.0
PL12,2023,186757.0
PL21,2008,90070.0
PL21,2009,97837.0
PL21,2010,110320.0
PL21,2011,100593.0
PL21,2012,106230.0
PL21,2013,120722.0
PL21,2014,130655.0
PL21,2015,117895.0
PL21,2016,125571.0
PL21,2017,132565.0
PL21,2018,115389.0
PL21,2019,96545.0
PL21,2020,78992.0
PL21,2021,71616.0
PL21,2022,90959.0
PL21,2023,82440.0
PL22,2008,210535.0
PL22,2009,205796.0
PL22,2010,215438.0
PL22,2011,222363.0
PL22,2012,219679.0
PL22,2013,220995.0
PL22,2014,243685.0
PL22,2015,247092.0
PL22,2016,251707.0
PL22,2017,249030.0
PL22,2018,219661.0
PL22,2019,199501.0
PL22,2020,175636.0
PL22,2021,156690.0
PL22,2022,160260.0
PL22,2023,143364.0
PL41,2008,164196.0
PL41,2009,155270.0
PL41,2010,153901.0
PL41,2011,146269.0
PL41,2012,152513.0
PL41,2013,164815.0
PL41,2014,172371.0
PL41,2015,162812.0
PL41,2016,190733.0
PL41,2017,186506.0
PL41,2018,184732.0
PL41,2019,167806.0
PL41,2020,141494.0
PL41,2021,99749.0
PL41,2022,91064.0
PL41,2023,95472.0
PL42,2008,78219.0
PL42,2009,79712.0
PL42,2010,85295.0
PL42,2011,83859.0
PL42,2012,75154.0
PL42,2013,81398.0
PL42,2014,95694.0
PL42,2015,87567.0
PL42,2016,91135.0
PL42,2017,88489.0
PL42,2018,77725.0
PL42,2019,82336.0
PL42,2020,82187.0
PL42,2021,64767.0
PL42,2022,66436.0
PL42,2023,64929.0
PL43,2008,51896.0
PL43,2009,56023.0
PL43,2010,62960.0
PL43,2011,65360.0
PL43,2012,60733.0
PL43,2013,62612.0
PL43,2014,65731.0
PL43,2015,67389.0
PL43,2016,66279.0
PL43,2017,63844.0
PL43,2018,63986.0
PL43,2019,58249.0
PL43,2020,42905.0
PL43,2021,29390.0
PL43,2022,27923.0
PL43,2023,33049.0
PL51,2008,186014.0
PL51,2009,169643.0
PL51,2010,163194.0
PL51,2011,163330.0
PL51,2012,165222.0
PL51,2013,156299.0
PL51,2014,162952.0
PL51,2015,175486.0
PL51,2016,196845.0
PL51,2017,169287.0
PL51,2018,166912.0
PL51,2019,173645.0
PL51,2020,136736.0
PL51,2021,125479.0
PL51,2022,133167.0
PL51,2023,115865.0
PL52,2008,55433.0
PL52,2009,54929.0
PL52,2010,48551.0
PL52,2011,47204.0
PL52,2012,46539.0
PL52,2013,44854.0
PL52,2014,48662.0
PL52,2015,51389.0
PL52,2016,52833.0
PL52,2017,55082.0
PL52,2018,53881.0
PL52,2019,46929.0
PL52,2020,38922.0
PL52,2021,30722.0
PL52,2022,36307.0
PL52,2023,38461.0
PL61,2008,107933.0
PL61,2009,127371.0
PL61,2010,131231.0
PL61,2011,120350.0
PL61,2012,118959.0
PL61,2013,118575.0
PL61,2014,133109.0
PL61,2015,130734.0
PL61,2016,125009.0
PL61,2017,116960.0
PL61,2018,120006.0
PL61,2019,110800.0
PL61,2020,92493.0
PL61,2021,83869.0
PL61,2022,77404.0
PL61,2023,91292.0
PL62,2008,73506.0
PL62,2009,77783.0
PL62,2010,78278.0
PL62,2011,74411.0
PL62,2012,71461.0
PL62,2013,78789.0
PL62,2014,79590.0
PL62,2015,83214.0
PL62,2016,82113.0
PL62,2017,82837.0
PL62,2018,78229.0
PL62,2019,70144.0
PL62,2020,61548.0
PL62,2021,41903.0
PL62,2022,42575.0
PL62,2023,50125.0
PL63,2008,100831.0
PL63,2009,101124.0
PL63,2010,99648.0
PL63,2011,104321.0
PL63,2012,122543.0
PL63,2013,131040.0
PL63,2014,139541.0
PL63,2015,150899.0
PL63,2016,151517.0
PL63,2017,145182.0
PL63,2018,141352.0
PL63,2019,131265.0
PL63,2020,108424.0
PL63,2021,79702.0
PL63,2022,84676.0
PL63,2023,88961.0
PL71,2008,173233.0
PL71,2009,179387.0
PL71,2010,189242.0
PL71,2011,199960.0
PL71,2012,186750.0
PL71,2013,190561.0
PL71,2014,202519.0
PL71,2015,194038.0
PL71,2016,173034.0
PL71,2017,170766.0
PL71,2018,170104.0
PL71,2019,144492.0
PL71,2020,138965.0
PL71,2021,113913.0
PL71,2022,118405.0
PL71,2023,109793.0
PL72,2008,63534.0
PL72,2009,66524.0
PL72,2010,70403.0
PL72,2011,77287.0
PL72,2012,74345.0
PL72,2013,60331.0
PL72,2014,66094.0
PL72,2015,75410.0
PL72,2016,63988.0
PL72,2017,62335.0
PL72,2018,58079.0
PL72,2019,50794.0
PL72,2020,44705.0
PL72,2021,34190.0
PL72,2022,37646.0
PL72,2023,33218.0
PL81,2008,89925.0
PL81,2009,97285.0
PL81,2010,87838.0
PL81,2011,80867.0
PL81,2012,84496.0
PL81,2013,88636.0
PL81,2014,108578.0
PL81,2015,108614.0
PL81,2016,97364.0
PL81,2017,102937.0
PL81,2018,92225.0
PL81,2019,80637.0
PL81,2020,78462.0
PL81,2021,64580.0
PL81,2022,66766.0
PL81,2023,67028.0
PL82,2008,84758.0
PL82,2009,83787.0
PL82,2010,85327.0
PL82,2011,85159.0
PL82,2012,90406.0
PL82,2013,93811.0
PL82,2014,95947.0
PL82,2015,90048.0
PL82,2016,94053.0
PL82,2017,90950.0
PL82,2018,89020.0
PL82,2019,77723.0
PL82,2020,67326.0
PL82,2021,54775.0
PL82,2022,52197.0
PL82,2023,52499.0
PL84,2008,38279.0
PL84,2009,42397.0
PL84,2010,43270.0
PL84,2011,43074.0
PL84,2012,42421.0
PL84,2013,40736.0
PL84,2014,45200.0
PL84,2015,45151.0
PL84,2016,46300.0
PL84,2017,43494.0
PL84,2018,39492.0
PL84,2019,38527.0
PL84,2020,37629.0
PL84,2021,29082.0
PL84,2022,25200.0
PL84,2023,25792.0
PT11,2008,155280.0
PT11,2009,135260.0
PT11,2010,155011.0
PT11,2011,157592.0
PT11,2012,148860.0
PT11,2013,150616.0
PT11,2014,158347.0
PT11,2015,170696.0
PT11,2016,171799.0
PT11,2017,174958.0
PT11,2018,177170.0
PT11,2019,168227.0
PT11,2020,137795.0
PT11,2021,124799.0
PT11,2022,132607.0
PT11,2023,141193.0
PT15,2008,28216.0
PT15,2009,29878.0
PT15,2010,31308.0
PT15,2011,29847.0
PT15,2012,28266.0
PT15,2013,29216.0
PT15,2014,27690.0
PT15,2015,31643.0
PT15,2016,36146.0
PT15,2017,33508.0
PT15,2018,34060.0
PT15,2019,33615.0
PT15,2020,26657.0
PT15,2021,20669.0
PT15,2022,26304.0
PT15,2023,26236.0
PT16,2008,91457.0
PT16,2009,89106.0
PT16,2010,101513.0
PT16,2011,99872.0
PT16,2012,82278.0
PT16,2013,89718.0
PT16,2014,103063.0
PT16,2015,105819.0
PT16,2016,107439.0
PT16,2017,105035.0
PT16,2018,113571.0
PT16,2019,105901.0
PT16,2020,96020.0
PT16,2021,74395.0
PT16,2022,83404.0
PT16,2023,100432.0
PT17,2008,160980.0
PT17,2009,159418.0
PT17,2010,168354.0
PT17,2011,139835.0
PT17,2012,126670.0
PT17,2013,136130.0
PT17,2014,135113.0
PT17,2015,137473.0
PT17,2016,149875.0
PT17,2017,157106.0
PT17,2018,166674.0
PT17,2019,155576.0
PT17,2020,129736.0
PT17,2021,117058.0
PT17,2022,117875.0
PT17,2023,144657.0
PT18,2008,47982.0
PT18,2009,45120.0
PT18,2010,43410.0
PT18,2011,42643.0
PT18,2012,37903.0
PT18,2013,35919.0
PT18,2014,39149.0
PT18,2015,39538.0
PT18,2016,39957.0
PT18,2017,39068.0
PT18,2018,37625.0
PT18,2019,33761.0
PT18,2020,26548.0
PT18,2021,33912.0
PT18,2022,31183.0
PT18,2023,31174.0
PT20,2008,9442.0
PT20,2009,9141.0
PT20,2010,10699.0
PT20,2011,9778.0
PT20,2012,7407.0
PT20,2013,7804.0
PT20,2014,8708.0
PT20,2015,9615.0
PT20,2016,10364.0
PT20,2017,10348.0
PT20,2018,11639.0
PT20,2019,12618.0
PT20,2020,12598.0
PT20,2021,8506.0
PT20,2022,7662.0
PT20,2023,8527.0
PT30,2008,9737.0
PT30,2009,11782.0
PT30,2010,12150.0
PT30,2011,10534.0
PT30,2012,11163.0
PT30,2013,10670.0
PT30,2014,11222.0
PT30,2015,11454.0
PT30,2016,13664.0
PT30,2017,12979.0
PT30,2018,13293.0
PT30,2019,13259.0
PT30,2020,12586.0
PT30,2021,10865.0
PT30,2022,11948.0
PT30,2023,12797.0
RO11,2008,2667.0
RO11,2009,1637.0
RO11,2010,2035.0
RO11,2011,7043.0
RO11,2012,6994.0
RO11,2013,4316.0
RO11,2014,3854.0
RO11,2015,4645.0
RO11,2016,4650.0
RO11,2017,5434.0
RO11,2018,6978.0
RO11,2019,5932.0
RO11,2020,6542.0
RO11,2021,10116.0
RO11,2022,11376.0
RO11,2023,12671.0
RO12,2008,6133.0
RO12,2009,2734.0
RO12,2010,4046.0
RO12,2011,2704.0
RO12,2012,2837.0
RO12,2013,2727.0
RO12,2014,2810.0
RO12,2015,1926.0
RO12,2016,1395.0
RO12,2017,998.0
RO12,2018,1469.0
RO12,2019,1874.0
RO12,2020,2859.0
RO12,2021,7156.0
RO12,2022,5929.0
RO12,2023,5190.0
RO21,2008,8801.0
RO21,2009,5849.0
RO21,2010,6690.0
RO21,2011,10103.0
RO21,2012,12843.0
RO21,2013,10407.0
RO21,2014,12392.0
RO21,2015,11609.0
RO21,2016,15993.0
RO21,2017,19287.0
RO21,2018,12670.0
RO21,2019,19290.0
RO21,2020,21028.0
RO21,2021,40350.0
RO21,2022,42493.0
RO21,2023,46000.0
RO22,2008,12682.0
RO22,2009,11479.0
RO22,2010,8740.0
RO22,2011,9579.0
RO22,2012,11159.0
RO22,2013,9184.0
RO22,2014,8311.0
RO22,2015,9525.0
RO22,2016,8485.0
RO22,2017,5450.0
RO22,2018,7260.0
RO22,2019,8075.0
RO22,2020,8959.0
RO22,2021,21251.0
RO22,2022,15884.0
RO22,2023,12842.0
RO31,2008,11011.0
RO31,2009,11094.0
RO31,2010,8143.0
RO31,2011,14055.0
RO31,2012,11928.0
RO31,2013,9720.0
RO31,2014,10930.0
RO31,2015,17784.0
RO31,2016,20812.0
RO31,2017,15395.0
RO31,2018,14082.0
RO31,2019,15496.0
RO31,2020,8492.0
RO31,2021,13930.0
RO31,2022,11347.0
RO31,2023,12699.0
RO32,2008,1549.0
RO32,2009,1117.0
RO32,2010,1502.0
RO32,2011,4357.0
RO32,2012,6386.0
RO32,2013,8129.0
RO32,2014,8396.0
RO32,2015,4389.0
RO32,2016,1577.0
RO32,2017,1975.0
RO32,2018,1392.0
RO32,2019,1813.0
RO32,2021,3205.0
RO32,2022,2531.0
RO32,2023,5345.0
RO41,2008,3969.0
RO41,2009,1215.0
RO41,2010,994.0
RO41,2011,1408.0
RO41,2012,2805.0
RO41,2013,1535.0
RO41,2014,1917.0
RO41,2015,830.0
RO41,2016,1425.0
RO41,2017,909.0
RO41,2018,1942.0
RO41,2019,3502.0
RO41,2020,4466.0
RO41,2021,7429.0
RO41,2022,8075.0
RO41,2023,8270.0
RO42,2008,2969.0
RO42,2009,2971.0
RO42,2010,1731.0
RO42,2011,1445.0
RO42,2012,1387.0
RO42,2013,1650.0
RO42,2014,452.0
RO42,2015,1076.0
RO42,2016,1115.0
RO42,2017,722.0
RO42,2018,903.0
RO42,2019,1652.0
RO42,2020,146.0
RO42,2021,2170.0
RO42,2022,2507.0
RO42,2023,3673.0
SE11,2008,77374.0
SE11,2009,68673.0
SE11,2010,75695.0
SE11,2011,77587.0
SE11,2012,75983.0
SE11,2013,85660.0
SE11,2014,87175.0
SE11,2015,89089.0
SE11,2016,90755.0
SE11,2017,92803.0
SE11,2018,98996.0
SE11,2019,97386.0
SE11,2020,87087.0
SE11,2021,83222.0
SE11,2022,93611.0
SE11,2023,97449.0
SE12,2008,60552.0
SE12,2009,54718.0
SE12,2010,55334.0
SE12,2011,59592.0
SE12,2012,54384.0
SE12,2013,53583.0
SE12,2014,56833.0
SE12,2015,58055.0
SE12,2016,61088.0
SE12,2017,61590.0
SE12,2018,66326.0
SE12,2019,63671.0
SE12,2020,57873.0
SE12,2021,61625.0
SE12,2022,59377.0
SE12,2023,57694.0
SE21,2008,33169.0
SE21,2009,27649.0
SE21,2010,30812.0
SE21,2011,29031.0
SE21,2012,26741.0
SE21,2013,29046.0
SE21,2014,30990.0
SE21,2015,29663.0
SE21,2016,29516.0
SE21,2017,32332.0
SE21,2018,32969.0
SE21,2019,30852.0
SE21,2020,28987.0
SE21,2021,29910.0
SE21,2022,34775.0
SE21,2023,27386.0
SE22,2008,55936.0
SE22,2009,50981.0
SE22,2010,50495.0
SE22,2011,54027.0
SE22,2012,50008.0
SE22,2013,51485.0
SE22,2014,54512.0
SE22,2015,54354.0
SE22,2016,53394.0
SE22,2017,58104.0
SE22,2018,60523.0
SE22,2019,62410.0
SE22,2020,60261.0
SE22,2021,62345.0
SE22,2022,60878.0
SE22,2023,55137.0
SE23,2008,72824.0
SE23,2009,65711.0
SE23,2010,70236.0
SE23,2011,74999.0
SE23,2012,69175.0
SE23,2013,68084.0
SE23,2014,73928.0
SE23,2015,74367.0
SE23,2016,70477.0
SE23,2017,75011.0
SE23,2018,76004.0
SE23,2019,80273.0
SE23,2020,69994.0
SE23,2021,69980.0
SE23,2022,75053.0
SE23,2023,76288.0
SE31,2008,35508.0
SE31,2009,34676.0
SE31,2010,31527.0
SE31,2011,31964.0
SE31,2012,31471.0
SE31,2013,30461.0
SE31,2014,30666.0
SE31,2015,29566.0
SE31,2016,30719.0
SE31,2017,33628.0
SE31,2018,33085.0
SE31,2019,33803.0
SE31,2020,29748.0
SE31,2021,25802.0
SE31,2022,36195.0
SE31,2023,31470.0
SE32,2008,15699.0
SE32,2009,14504.0
SE32,2010,14919.0
SE32,2011,15372.0
SE32,2012,14107.0
SE32,2013,14673.0
SE32,2014,14395.0
SE32,2015,14941.0
SE32,2016,13256.0
SE32,2017,12836.0
SE32,2018,13959.0
SE32,2019,13128.0
SE32,2020,11832.0
SE32,2021,12703.0
SE32,2022,14944.0
SE32,2023,13238.0
SE33,2008,21819.0
SE33,2009,20779.0
SE33,2010,19776.0
SE33,2011,21220.0
SE33,2012,18336.0
SE33,2013,19039.0
SE33,2014,19070.0
SE33,2015,18138.0
SE33,2016,19075.0
SE33,2017,19099.0
SE33,2018,18934.0
SE33,2019,20199.0
SE33,2020,17523.0
SE33,2021,18344.0
SE33,2022,21849.0
SE33,2023,16156.0
SI03,2008,34619.0
SI03,2009,31853.0
SI03,2010,34503.0
SI03,2011,36569.0
SI03,2012,36365.0
SI03,2013,33965.0
SI03,2014,34072.0
SI03,2015,39594.0
SI03,2016,37020.0
SI03,2017,41603.0
SI03,2018,36305.0
SI03,2019,30713.0
SI03,2020,25846.0
SI03,2021,26833.0
SI03,2022,27190.0
SI03,2023,26745.0
SI04,2008,28622.0
SI04,2009,24605.0
SI04,2010,26672.0
SI04,2011,32123.0
SI04,2012,29210.0
SI04,2013,28578.0
SI04,2014,31076.0
SI04,2015,31819.0
SI04,2016,30717.0
SI04,2017,34451.0
SI04,2018,33536.0
SI04,2019,28409.0
SI04,2020,23409.0
SI04,2021,23733.0
SI04,2022,23821.0
SI04,2023,25053.0
SK01,2008,3312.0
SK01,2009,3992.0
SK01,2010,5704.0
SK01,2011,5838.0
SK01,2012,4749.0
SK01,2013,3990.0
SK01,2014,3497.0
SK01,2015,2678.0
SK01,2016,2799.0
SK01,2017,3986.0
SK01,2018,3756.0
SK01,2019,9311.0
SK01,2020,6902.0
SK01,2021,1800.0
SK01,2022,2810.0
SK01,2023,2389.0
SK02,2008,15679.0
SK02,2009,14199.0
SK02,2010,13658.0
SK02,2011,18185.0
SK02,2012,19413.0
SK02,2013,19972.0
SK02,2014,29425.0
SK02,2015,35594.0
SK02,2016,31158.0
SK02,2017,40245.0
SK02,2018,37161.0
SK02,2019,36686.0
SK02,2020,27379.0
SK02,2021,19697.0
SK02,2022,22344.0
SK02,2023,19564.0
SK03,2008,16771.0
SK03,2009,15140.0
SK03,2010,13575.0
SK03,2011,31591.0
SK03,2012,31346.0
SK03,2013,30372.0
SK03,2014,34217.0
SK03,2015,45091.0
SK03,2016,45697.0
SK03,2017,45814.0
SK03,2018,35142.0
SK03,2019,29567.0
SK03,2020,27098.0
SK03,2021,13835.0
SK03,2022,13529.0
SK03,2023,11942.0
SK04,2008,22911.0
SK04,2009,22628.0
SK04,2010,14570.0
SK04,2011,26940.0
SK04,2012,33332.0
SK04,2013,32343.0
SK04,2014,37842.0
SK04,2015,46666.0
SK04,2016,51991.0
SK04,2017,46407.0
SK04,2018,41987.0
SK04,2019,47454.0
SK04,2020,38445.0
SK04,2021,19592.0
SK04,2022,16820.0
SK04,2023,15624.0
